head,tail,relation,edge_direction,evidence_count,mean_confidence,max_confidence,edge_score,evidence
Adolphine,Sigiswald,romantic,undirected,12,0.9780326133333334,0.99501365,2.508604123145761,"Infobox field family/Spouse: Nahelache (First Wife, Former Second Wife) Adolphine (First Wife, Former) Rozemyne (Engaged, Cancelled) | With Eglantine now removed from his consideration for a first wife, Sigiswald gets engaged with Adolphine of Drewanchel. | Infobox field family/Spouse: Prince Sigiswald (Former)"
Justus,Rihyarda,family,undirected,9,0.9793094488888888,0.99460983,2.25494333843977,"He bears a strong resemblance to his mother, Rihyarda, and his sister, Gudrun. | At some point, Rihyarda started a family and had two children: her son, Justus, and her daughter, Gudrun. | His mother is Rihyarda, Rozemyne's former head attendant in the castle."
Lieseleta,Thorsten,romantic,undirected,7,0.97958336,0.99418336,2.0369863323223134,"Infobox field family/Spouse: Lieseleta (Engaged, Cancelled) | Infobox field family/Spouse: Unnamed Man (Engaged) Thorsten (Engaged, Cancelled) Uderick (Engaged, Cancelled) | Lieseleta's family being faction neutral, despite the budding connections they have with both Rozemyne and Bonifatius, and her having archnoble levels of mana, makes her attractive enough of a match for Thorsten, the family is willing to marry their son down into the mednoble family, while such a match would grant Lieseleta's family a future husband who fulfills all their wishes, except being an attendant."
Georgine,Veronica,family,undirected,7,0.9721533299999999,0.99178517,2.021536019284386,"She is the mother of Georgine, Constanze and Sylvester. | When her parents made it clear to Georgine, that she would never become the Aub and they expected her only to support her brother, Georgine once again tried to educate the boy and turn him into a worthy successor, but since she considered the brutal methods that Veronica used on her as normal, this was perceived as bullying by Sylvester and many of the duchy's nobles. | Veronica's second child Constanze was born a girl and the mother didn't even make an attempt to hide her disappointment of having only another girl and neglected her almost entirely."
Magdalena,Raublut,enemy_rival,undirected,6,0.9871245716666667,0.9974667,1.9208557223880456,"In the confrontation with their enemy, Magdalena and Werdekraf attack Raublut together. | This makes Raublut consider her the lesser threat, and concentrate primarily on Aub Dunkelfelger and his silver sword, and using his cloak to defend against Magdalena's attacks. | After the first seeming intruder is captured and identified as a member of the Sovereign Knight's Order and news about fight all over the palace come in, it is Magdalena who deduces that the only person who had the means for such an extensive infiltration is Raublut."
Oswald,Wilfried,service_retainer,directed,6,0.9863573183333334,0.99731356,1.919362716339816,"Oswald (オズヴァルト, Ozuvaruto) is an archnoble of Ehrenfest and formerly Wilfried's head attendant. | Two days after returning with his lord from his third year at the Royal Academy, Oswald resigns from his position as Wilfried's head-attendant and retainer, stating that he could not risk creating an opening for the Leisegangs to exploit against Wilfried. | Infobox field occupation: Attendant Wilfried's Head Attendant (Former)"
Gieselfried,Letizia,family,undirected,6,0.9815854399999999,0.99323624,1.910077069860925,"Infobox field family/Father: Drewanchel Archducal Family Member (Biological) Gieselfried (Adoptive, Deceased) | Infobox field family/Mother: Daughter of Gieselfried (Biological) Gieselfried's First Wife (Adoptive, Deceased) | Infobox field family/Relatives: Letizia (Granddaughter, Biological) Benedikta (Granddaughter) Aurelia (Niece) Martina (Niece) Lamprecht (Nephew, In-Law)"
Martina,Detlinde,service_retainer,directed,6,0.98126573,0.99944,1.9094549429271706,"Martina (マルティナ, Marutina) was an apprentice Ahrensbach archattendant serving Detlinde. | Infobox field occupation: Prisoner Apprentice Attendant of Detlinde (Former) | Despite originally planning to become a scholar and serve Lord Wolfram upon entering the Royal Academy, when Georgine offered to make Martina an attendant of her daughter Detlinde, Martina accepted and dedicated herself to this new role."
Adolphine,Ortwin,family,undirected,6,0.9764385866666667,0.98556095,1.9000617557238928,"Adolphine grew up closest to her younger brother Ortwin, since they shared the same mother. | Infobox field family/Sister: Adolphine | He is the younger brother of Adolphine."
Konrad,Philine,family,undirected,6,0.9735487783333334,0.98800397,1.894438448359235,"Konrad was born in the city of Ehrenfest as the laynoble son of Kashick and his wife Theresia, and is the younger brother of Philine. | Shortly after her little brother Konrad was born, their mother passed away. | After their mother died, their father remarried to Jonsara, a harsh-tempered woman who treated both Konrad and Philine coldly."
Lieseleta,Rozemyne,service_retainer,directed,5,0.992892868,0.9991866,1.7790251981680012,"Lieseleta (リーゼレータ, Riizereeta) is an adult mednoble attendant who serves as one of Rozemyne's retainers. | Infobox field occupation: Aub Alexandria's Head Attendant Rozemyne's Retainer Attendant | For Lady Rozemyne's fourth' year at the Royal Academy, Lieseleta is chosen to accompany her as her adult retainer, with Ottilie staying behind to help contain Clarissa and prepare for her lady's move to the Sovereignty come spring."
Lestilaut,Reginald,family,undirected,5,0.9905996439999999,0.9946779,1.77491629235094,Infobox field family/Relatives: Hildebrand (Cousin) Rasantark (Cousin) Kenntrips (Cousin) Codenest (Cousin) Reginald (Cousin) | Infobox field family/Relatives: Lestilaut (Cousin) Hannelore (Cousin) Hildebrand (Cousin) Raufereg (Cousin) Lungtase (Cousin) | He is the half-brother of Rasantark and Reginald. *Wingert - An adult archscholar.
Cornelius,Elvira,family,undirected,5,0.9866419260000001,0.99491864,1.7678250136479061,"As one of Rozemyne's older brothers, he is the third son of Karstedt and Elvira, the younger brother of Eckhart and Lamprecht. | She is the first wife of Karstedt and the mother of Eckhart, Lamprecht, and Cornelius. | His angled eyes resemble those of his mother, Elvira."
Neigunheit,Rundsein,family,undirected,5,0.9862132239999999,0.99367034,1.7670568827799287,"Seeing this magic tool as the crystallization of his mother's love, Neigunheit chose to bestow it upon his own son Rundsein, rather than have him obtain his own Grutrissheit through proper means, despite Rundsein being omni-elemental. | He passed the Grutrissheit Magic Tool to his son Rundsein who was omni-elemental. | Infobox field family/Father: Neigunheit"
Detlinde,Georgine,family,undirected,5,0.9857793280000001,0.9916517,1.7662794455132689,"She is the mother of Detlinde, Sylvester's older sister and a former archduke candidate of Ehrenfest. | She takes after her mother, Georgine, and is said to look even more like her grandmother, Veronica. | All her other children were girls, and only her youngest daughter Detlinde is still unmarried."
Florencia,Wilfried,family,undirected,5,0.983834978,0.9938158,1.762795637989275,"She is the mother of Wilfried, Charlotte, Melchior, and Henriette. | Determined to raise the next Aub, Sylvester's mother Veronica used her influence to take custody of Wilfried and raised him away from his mother, Florencia. | Wilfried (ヴィルフリート Virufuriito) is the first-born child of Sylvester and Florencia and an archduke candidate of Ehrenfest."
Bertilde,Brunhilde,family,undirected,5,0.9825328219999999,0.9895611,1.7604624876458628,"Bertilde and her sister Brunhilde are the daughters of the third Giebe Groschel and his first wife. | Infobox field family/Sister: Brunhilde | She's the second daughter of Count Groschel, and Brunhilde's younger sister; whom she will serve upon becoming Sylvester's future second wife."
Ferdinand,Veronica,enemy_rival,undirected,5,0.982276512,0.994013,1.7600032417763052,"Instead of realizing what a grave crime her grandson is committing just by talking to her and warning him away, Veronica tells him all her conspiracy theories about how Ferdinand and Myne are out to destroy the duchy and how everything bad that happened is all their fault, leading to dire consequences for the boy. | As the archduke's health worsened, so did Veronica's paranoia; she began persecuting Ferdinand more and more harshly. | Due to the abuse he suffered at the hands of Veronica, he is especially distrustful, cold, and impatient with women."
Strahl,Ferdinand,service_retainer,directed,5,0.98210082,0.99924505,1.7596884439716376,"He then served as one of Ferdinand's guard knights after his demotion by Detlinde. | After his dismissal, he becomes a guard knight to Ferdinand. | Infobox field occupation: Alexandria's Knight's Commander Rozemyne's Retainer Ferdinand's Retainer (Former) Ahrensbach Knight Commander (Former) Gieselfried's Retainer (Former) Knight"
Benno,Gustav,enemy_rival,undirected,5,0.9806328719999999,0.9923881,1.7570582342423031,"Benno interpreted his offers as insensitive, thinly veiled attempts to take over the company and developed a lasting dislike for Gustav. | He has a terrible aptitude for personal affairs though, and though he means well, tends to antagonize rather than support, especially in Benno's case. | Reaching present day, Gustav still hasn't understood the hostility directed at him from Benno and his family."
Kashick,Philine,family,undirected,5,0.973870116,0.9918643,1.7449410021412242,"Philine was born to a laynoble family as the daughter of Kashick and his previous wife, Theresia. | Still, Philine is furious at her father for letting Jonsara take the magic tool, since it is one of the few things left from her deceased mother. | Infobox field family/Father: Kashick"
Angelica,Lieseleta,family,undirected,5,0.971234316,0.9850761,1.740218282532233,"She is the older sister of Lieseleta, Bonifatius' disciple, and engaged to Eckhart. | She is the younger sister of Angelica. | Infobox field family/Sister: Lieseleta"
Albsenti,Neigunheit,family,undirected,5,0.9712309639999999,0.9909559,1.7402122765544918,She was the mother of Neigunheit. | Infobox field family/Mother: Albsenti | He was a son of Zent Albsenti.
Arthur,Hildebrand,service_retainer,directed,4,0.99598328,0.9995597,1.6029732509824681,"Arthur was an archattendant who served as then-Prince Hildebrand's Head attendant. | Originally born in Gilessenmeyer, Arthur managed to become a Sovereign Noble under the rule of Zent Trauerqual and was eventually assigned to be the head attendant of the Zent's third son, Prince Hildebrand. | Following the abdication of Trauerqual from the position of Zent and his entire family moving to the newly created duchy of Blumenfeld, it is unknown whether he moved to Blumenfeld and continued to serve Hildebrand as an archduke candidate or if he was dismissed as a retainer as his lord was exploited by Raublut."
Seltier,Georgine,service_retainer,directed,4,0.991480055,0.99921846,1.595725589939247,"Seltier is an Ahrensbach medattendent and served Georgine as an attendant. | Seltier grew up in Ehrenfest in the province of Gerlach and later became one of Lady Georgine's retainers. | Georgine chooses Seltier for this, showing how much she trusts her long-serving retainer."
Effa,Tuuli,family,undirected,4,0.9898625025000001,0.9961153,1.5931222396203946,"Tuuli (トゥーリ, Tuuri) is the oldest daughter of Gunther and Effa, as well as the older sister of Myne and Kamil. | The two would later raise three children: her oldest daughter, Tuuli, her second daughter, Myne, and her youngest son Kamil. | She resembles her mother Effa, who is well-known for being a beauty."
Leonore,Rozemyne,service_retainer,directed,4,0.989413935,0.99687564,1.5924002980796086,"Leonore (レオノーレ, Reonoore) is an archknight from Ehrenfest who serves as Rozemyne's guard knight. | Leonore was chosen as one of Rozemyne’s retainers, primarily to serve as a replacement for Angelica, who was about to graduate. | Infobox field occupation: Knight Rozemyne's Retainer Royal Academy Student (Former)"
Elvira,Previous Count Leisegang,family,undirected,4,0.989209125,0.9937808,1.592070669100763,Infobox field family/Relatives: Previous Count Leisegang (Great-Grandfather) Count Groschel (Cousin) Traugott (Nephew) | Infobox field family/Offspring: Karstedt (Grandson) Count Leisegang (Grandson) Leberecht (Grandson) Claudio (Grandson) Elvira (Granddaughter) Eckhart (Great-Grandson) Lamprecht (Great-Grandson) Cornelius (Great-Grandson) Rozemyne (Great-Granddaughter) Traugott (Great-Grandson) Nikolaus (Great-Grandson) Oliswalt (Great-Grandson) Leberecht's Middle Son (Great-Grandson) Hartmut (Great-Grandson) Leonore (Great-Granddaughter) Brunhilde (Great-Granddaughter) Bertilde (Great-Granddaughter) | Infobox field family/Grandfather: First Count Groschel Previous Count Leisegang (Deceased)
Alexis,Wilfried,service_retainer,directed,4,0.98846141,0.9989631,1.5908672682320673,"Alexis (アレクシス, Arekushisu) is an Ehrenfest archknight, who serves Wilfried as a guard knight. | After Veronica was imprisoned and her grandson Wilfried had his winter debut, Alexis was approached by Lamprecht and asked to serve as a guard knight for him, in part to increase the number of neutral and Leisegang nobles in his retinue. | Infobox field occupation: Knight Wilfried's Retainer Royal Academy Student (Former)"
Hannelore,Lestilaut,family,undirected,4,0.9876431975,0.9916435,1.5895504060141397,"Lestilaut is an archduke candidate from Dunkelfelger and is the older brother of Hannelore. | His father is Aub Dunkelfelger's younger brother. *Gulaheld - A male apprentice archattendant, the same age as Hannelore *Reginald - An adult archattendant and member of an archducal branch family. | Infobox field family/Sister: Hannelore Lungtase (Half-Sister)"
Myne,Tuuli,family,undirected,4,0.9871174,0.9974058,1.5887041675833768,"Tuuli (トゥーリ, Tuuri) is the oldest daughter of Gunther and Effa, as well as the older sister of Myne and Kamil. | Infobox field family/Sister: Tuuli (Older Sister) | Infobox field family/Sister: Myne (Legally Deceased)"
Detlinde,Letizia,family,undirected,4,0.986080845,0.99466103,1.5870358966680538,"Infobox field family/Relatives: Wilfried (Cousin) Charlotte (Cousin) Melchior (Cousin) Henriette (Cousin) Rudiger (Cousin) Rozemyne (Cousin, Adoptive) Aurelia (Cousin) Martina (Cousin) Letizia (Niece) Benedikta (Niece) Bezewanst (Granduncle, Deceased) | Infobox field family/Sister: Detlinde (Adoptive Half-Sister) Alstede (Adoptive Half-Sister) | Infobox field family/Sister: Alstede Letizia (Half-Sister, Adoptive)"
Elvira,Lamprecht,family,undirected,4,0.98531116,0.9928537,1.5857971364484218,"Lamprecht is the second son of Karstedt and Elvira, and a brother of Eckhart, Cornelius, and Rozemyne. | She is the first wife of Karstedt and the mother of Eckhart, Lamprecht, and Cornelius. | Infobox field family/Mother: Elvira"
Gunther,Tuuli,family,undirected,4,0.9848277375,0.9960871,1.585019097949198,"Tuuli (トゥーリ, Tuuri) is the oldest daughter of Gunther and Effa, as well as the older sister of Myne and Kamil. | Gunther (ギュンター, Gyuntaa) is the father of Myne, Tuuli, and Kamil, husband of Effa, and head of Myne's family. | Tuuli was born in the city of Ehrenfest as the oldest daughter of Gunther, a soldier, and Effa, a dye shop worker."
Lieseleta,Uderick,romantic,undirected,4,0.9844932875,0.99559855,1.5844808214393844,"Infobox field family/Spouse: Lieseleta (Engaged, Cancelled) | Infobox field family/Spouse: Unnamed Man (Engaged) Thorsten (Engaged, Cancelled) Uderick (Engaged, Cancelled) | Thanks to the Rozemyne Mana Compression, Lieseleta's mana has grown to a capacity of an archnoble, which also opened the gap between her and her fiancé Uderick - a fellow mednoble - beyond the point, where the two are able to sense each other's mana, forcing the families to cancel it."
Lamprecht,Siegrecht,family,undirected,4,0.984337335,0.9975695,1.5842298255733456,"He is Aurelia's husband and father of their son, Siegrecht. | Siegrecht is the child of Lamprecht and Aurelia. | Infobox field family/Father: Lamprecht"
Blasius,Letizia,family,undirected,4,0.9833845750000001,0.9923602,1.582696417507895,"Infobox field family/Relatives: Aurelia (Cousin) Martina (Cousin) Letizia (Niece) | Infobox field family/Sister: Alstede (Half-Sister) Detlinde (Half-Sister) Letizia (Half-Sister, Adoptive) Several other unnamed women | Infobox field family/Uncle: Wolfram (Deceased) Blasius"
Sylvester,Wilfried,family,undirected,4,0.9832348425,0.98972195,1.5824554323456714,"Other than the colour of his hair, he bears a strong resemblance to his father, Sylvester. | Determined to raise the next Aub, Sylvester's mother Veronica used her influence to take custody of Wilfried and raised him away from his mother, Florencia. | Wilfried (ヴィルフリート Virufuriito) is the first-born child of Sylvester and Florencia and an archduke candidate of Ehrenfest."
Eckhart,Lamprecht,family,undirected,4,0.9832140325000001,0.99450856,1.5824219399427137,"He is also the oldest child of Karstedt and Elvira and the older brother of Lamprecht, Cornelius, and Rozemyne. | Lamprecht is the second son of Karstedt and Elvira, and a brother of Eckhart, Cornelius, and Rozemyne. | Despite despising Veroncia as well, his father still didn't want this to come to pass and when he learned of Eckhart's plans intervened by keeping him busy with paperwork for the knight's order and training of new recruits, while restricting him to their estate in his free time, thus the offer went to Lamprecht who took up the position to protect their family."
Karstedt,Rozemyne,family,undirected,4,0.98234304,0.9912203,1.5810201315917678,"Infobox field family/Father: Karstedt (Baptismal) Sylvester (Adoptive) Gunther (Biological) Urano Motosu’s Father (Former) | She is baptized as the daughter of Karstedt and Elvira, and later adopted by Sylvester and Florencia as an archduke candidate of Ehrenfest. | Karstedt would take in Myne as daughter between him and Rozemary, while baptizing her as Rozemyne with him and Elvira as her parents."
Eckhart,Elvira,family,undirected,4,0.9810322324999999,0.99048257,1.5789104683053647,"He is also the oldest child of Karstedt and Elvira and the older brother of Lamprecht, Cornelius, and Rozemyne. | She is the first wife of Karstedt and the mother of Eckhart, Lamprecht, and Cornelius. | Infobox field family/Son: Eckhart Lamprecht Cornelius"
Roswitha,Sergius,family,undirected,4,0.9809977950000001,0.99071175,1.5788550432872555,"Infobox field family/Mother: Roswitha (Deceased) | When Aub Ahrensbach negotiated to have his biological granddaughter adopted as his legal daughter, to make her his successor, Roswitha and her husband, accompanied their charge to her new home in Ahrensbach and took their, son Sergius along with them. | She is the mother of Sergius."
Nahelache,Sigiswald,romantic,undirected,4,0.980754105,0.9947901,1.5784628393623745,"Infobox field family/Spouse: Nahelache (First Wife, Former Second Wife) Adolphine (First Wife, Former) Rozemyne (Engaged, Cancelled) | A short time before her husband is to marry Lady Adolphine of Drewanchel, Nahelache gives birth to her and Sigiswald's first child. | A short time before the date of his Starbinding with Adolphine, Nahelache gives birth to Sigiswald's first child."
Gloria,Jeremias,family,undirected,4,0.9806455075,0.9942583,1.578288058428679,"Infobox field family/Mother: Previous Viscountess Dahldolf (Deceased) Gloria (Stepmother, Deceased) | Following this incident, Jeremias argued that his father should lock Gloria up, since he considered her far too emotional and thus likely to doom their house in a pursuit of revenge, but once again his father ignored his warnings. | His father later married Gloria, his second wife, and the couple had a son named Shikikoza, Jeremias's half-brother."
Gudrun,Justus,family,undirected,4,0.980543165,0.9962941,1.5781233445291256,"He bears a strong resemblance to his mother, Rihyarda, and his sister, Gudrun. | She is Justus's sister and Traugott's mother. | Infobox field family/Sister: Gudrun"
Charlotte,Florencia,family,undirected,4,0.979932305,0.99201137,1.577140203285936,"She is the mother of Wilfried, Charlotte, Melchior, and Henriette. | Infobox field family/Daughter: Rozemyne (Adoptive) Charlotte Henriette | Infobox field family/Mother: Florencia"
Charlotte,Wilfried,family,undirected,4,0.9790396849999999,0.9906322,1.575703586816539,"She is the sister of Wilfried, Melchior, and Henriette and the adoptive sister of Rozemyne. | Infobox field family/Sister: Rozemyne (adoptive) Charlotte Henriette | He is the older brother of Charlotte and Melchior, and the adoptive older brother of Rozemyne."
Rihyarda,Traugott,family,undirected,4,0.9788830399999999,0.985421,1.5754514764147458,"He is the grandson of Bonifatius on his father’s side and the grandson of Rihyarda on his mother’s side. __TOC__ | She is the mother of Justus and the grandmother of Traugott. | Traugott is the son of Karstedt's younger brother and Gudrun, Rihyarda's daughter."
Hildebrand,Letizia,romantic,undirected,4,0.978614035,0.98835164,1.5750185295691115,"Despite Ahrensbach no longer existing and former Aub Ahrensbach, Gieselfried, with whom the agreement had been made, having climbed the towering staircase, the royal decree promising an engagement between now former Prince Hildebrand and Letizia still stands. | Infobox field family/Spouse: Hildebrand (Engagement promised) | To this end the engagement of Letizia and Hildebrand has already been officially announced, which is exceptionally early for such an announcement."
Kashick,Konrad,enemy_rival,undirected,4,0.9784194525,0.9968669,1.5747053611165152,"However, it soon emerges that Jonsara had physically abused both Philine and Konrad using her schtappe. | Initially Jonsara got along fine with Kashick's children and treated them well , but grew markedly cold, and worsened into physical abuse after her own son was born with more mana that Konrad. | Philine vows never to return, leaving Jonsara happy and Kashick devastated."
Hartmut,Ottilie,family,undirected,4,0.9776864449999999,0.9974712,1.5735256310559167,"Hartmut's mother is Ottilie, and his father is Leberecht. | She and her husband Leberecht have three sons, of whom Hartmut is the youngest and Oliswalt the oldest. | Infobox field family/Mother: Ottilie"
Sargerecht,Melchior,service_retainer,directed,4,0.9771210774999999,0.9987717,1.5726157071669584,"Sargerecht is an adult Ehrenfest archattendant who serves as Melchior's head attendant. | Infobox field occupation: Melchior's Head Attendant Melchior's Tutor (Former) Florencia's Retainer (Former) Attendant | Prior to his lord's baptism, he was one of Florencia's retainers and tutored Melchior."
Constanze,Georgine,family,undirected,4,0.9763586825,0.9849369,1.5713886797497085,"Infobox field family/Sister: Florencia (In-Law) Constanze | Feeling sorry for her sister, Georigne tried to pass the archduke candidate lessons on to her, but soon found that without any hope to ever become the Aub, Constanze lacked the drive to live through the brutal lessons. | Veronica's second child Constanze was born a girl and the mother didn't even make an attempt to hide her disappointment of having only another girl and neglected her almost entirely."
Bonifatius,Rozemyne,family,undirected,4,0.9760523249999999,0.9947961,1.5708956163744499,"Infobox field family/Offspring: Eckhart (Grandson) Lamprecht (Grandson) Cornelius (Grandson) Rozemyne (Granddaughter) Traugott (Grandson) Nikolaus (Grandson) Siegrecht (Great-Grandson, Lamprecht's Son) | Infobox field family/Grandfather: Bonifatius (Baptismal) Adelbert (Adoptive, Deceased) | Bonifatius (ボニファティウス, Bonifatiusu) is Rozemyne's noble grandfather and the father of Karstedt."
Hannelore,Sieglinde,family,undirected,4,0.975630365,0.98395306,1.5702164979529194,"Sieglinde is the first wife of Werdekraf, the current Aub Dunkelfelger, and mother to Lestilaut and Hannelore. | Infobox field family/Mother: Sieglinde | Infobox field family/Daughter: Hannelore"
Gloria,Viscount Dahldolf,romantic,undirected,4,0.974655605,0.98433626,1.568647682253395,"Infobox field family/Spouse: Gloria Unnamed Wife (Deceased) | Gloria married the mednoble Viscount Dahldolf as a second wife, and the couple had a son named Shikikoza. | Gloria (グローリエ, Guroorie) was the Viscountess of Dahldolf, a mednoble and first wife of Viscount Dahldolf."
Rozemyne,Sigiswald,romantic,undirected,4,0.9743432624999999,0.9951025,1.5681449863922305,"Infobox field family/Spouse: Nahelache (First Wife, Former Second Wife) Adolphine (First Wife, Former) Rozemyne (Engaged, Cancelled) | Infobox field family/Spouse: Ferdinand (Betrothed) Wilfried (Betrothed, Cancelled) Sigiswald (Betrothed, Cancelled) | Due to some of the country's magic tools starting to break from the lack of mana, with one already having been destroyed, the royal family feels they can not wait for Rozemyne to come of age and thus pressure Ehrenfest to allow them to adopt her as soon as possible, and have her marry Sigiswald as his third wife at a later date."
Karstedt,Lamprecht,family,undirected,4,0.97346424,0.9939174,1.566730254254848,"Lamprecht is the second son of Karstedt and Elvira, and a brother of Eckhart, Cornelius, and Rozemyne. | Infobox field family/Father: Karstedt | Infobox field family/Son: Eckhart Lamprecht Cornelius Nikolaus"
Eglantine,Sigiswald,family,undirected,4,0.97300917,0.99163634,1.5659978473440366,"Infobox field family/Relatives: Anastasius (Cousin) Sigiswald (Cousin) Hildebrand (Cousin) Nahelache's Son (Nephew) | Infobox field family/Sister: Trauerqual's Daughter (Deceased) Eglantine (In-Law) | After some hard work on his part, Anastasius also manages to convince King Trauerqual, Aub Klassenberg, and Eglantine's biological grandfather and adoptive father, the Previous Aub Klassenberg to agree to this arrangement, making it official."
Cornelius,Karstedt,family,undirected,4,0.9716395550000001,0.9956943,1.5637935370375984,"As one of Rozemyne's older brothers, he is the third son of Karstedt and Elvira, the younger brother of Eckhart and Lamprecht. | Infobox field family/Son: Eckhart Lamprecht Cornelius Nikolaus | Infobox field family/Father: Karstedt"
Karla,Lutz,family,undirected,4,0.9696541999999999,0.994626,1.5605982314309574,"His father Deid was a carpenter, and his mother Karla was a textile worker. | Infobox field family/Son: Zasha Sieg Ralph Lutz | Karla (カルラ Karura) is the mother of Myne's best friend Lutz."
Gunther,Myne,family,undirected,4,0.967339225,0.98812336,1.5568724228996205,"Gunther (ギュンター, Gyuntaa) is the father of Myne, Tuuli, and Kamil, husband of Effa, and head of Myne's family. | Infobox field family/Father: Gunther Urano Motosu’s Father (Former) | She was the second daughter of Gunther, a soldier, and Effa, a dye worker."
Alexis,Giebe Kirnberger,family,undirected,4,0.967240785,0.9715431,1.5567139898315203,"Alexis was born in the province of Kirnberger in Ehrenfest as the son of Giebe Kirnberger and his second wife, who was a Leisegang noble. | Infobox field family/Father: Giebe Kirnberger | When visiting the archduke's castle before his winter debut, he was introduced as Giebe Kirnberger's son, and spent his time with his father and his father's first wife rather than his own mother."
Roderick,Rozemyne,service_retainer,directed,3,0.9972656999999999,0.9988193,1.3825038164482804,"He will continue to serve as Rozemyne's retainer in Alexandria. | Infobox field occupation: Royal Academy Student Apprentice Scholar Rozemyne's Retainer | Roderick (ローデリヒ, Rooderihi) is a mednoble apprentice scholar who serves Rozemyne as a her first name-sworn retainer."
Eckhart,Ferdinand,service_retainer,directed,3,0.9968460499999999,0.99815035,1.3819220580196363,"Eckhart (エックハルト, Ekkuharuto) is an Ehrenfest archknight who serves Ferdinand as a name-sworn retainer alongside Justus. | Infobox field occupation: Knight Ferdinand's Retainer | During his time at the Royal Academy, Eckhart grew to deeply admire Ferdinand and dedicated himself to serving him as a guard knight alongside the scholar Justus."
Fran,Rozemyne,service_retainer,directed,3,0.9966457633333334,0.99880445,1.3816444017430292,"Fran is moved to Alexandria in order to serve as Rozemyne's head attendant as the High Bishop of Alexandria's Temple. | Fran (フラン, Furan) is a gray priest who formerly served as Rozemyne's head attendant in the Ehrenfest temple. | Infobox field occupation: Rozemyne's Head Attendant Ferdinand's Attendant (Former) Myne's Head Attendant (Former)"
Sargerecht,Florencia,service_retainer,directed,3,0.9964043,0.9985862,1.3813096624856118,"There he found employ as Lady Florencia's retainer. | Infobox field occupation: Melchior's Head Attendant Melchior's Tutor (Former) Florencia's Retainer (Former) Attendant | Prior to his lord's baptism, he was one of Florencia's retainers and tutored Melchior."
Detlinde,Rudiger,family,undirected,3,0.99511291,0.9973055,1.3795194158106052,"Because her mother is the older sister of Sylvester, Detlinde is also a cousin to Wilfried and his siblings (as well as Rudiger from Frenbeltag). | Infobox field family/Relatives: Wilfried (Cousin) Charlotte (Cousin) Melchior (Cousin) Henriette (Cousin) Rudiger (Cousin) Rozemyne (Cousin, Adoptive) Aurelia (Cousin) Martina (Cousin) Letizia (Niece) Benedikta (Niece) Bezewanst (Granduncle, Deceased) | Infobox field family/Relatives: Wilfried (Cousin) Charlotte (Cousin) Melchior (Cousin) Henrietta (Cousin) Detlinde (Cousin) Rozemyne (Adoptive Cousin) Bonifatius (Great Uncle) Bezewanst (Great Uncle, Deceased)"
Elusia,Hannelore,service_retainer,directed,3,0.9950990000000001,0.9989961,1.379500132456042,Elusia is an apprentice scholar from Dunkelfelger who serves Lady Hannelore at the Royal Academy. | Elusia is the retainer that delivers Hannelore's letter to Charlotte inquiring on Ehrenfest's stance on the bride-stealing ditter after Wilfried made personal comments of supporting Ortwin. | Infobox field occupation: Hannelore's Retainer Apprentice Scholar Royal Academy Student
Gil,Rozemyne,service_retainer,directed,3,0.99495674,0.99851507,1.379302918220229,"Gil was moved to Alexandria to support the creation of new workshops and will serve as an attendant to Rozemyne, the High Bishop of the Alexandria Temple. | Gil (ギル Giru) is a gray priest who served as one of Rozemyne's attendants at the Ehrenfest temple. | Infobox field occupation: Rozemyne's attendant Myne's attendant (Former)"
Lamprecht,Wilfried,service_retainer,directed,3,0.9948831933333334,0.99885213,1.3792009608909501,"Lamprecht (ランプレヒト, Ranpurehito) is an Ehrenfest archknight, who currently serves Wilfried as a retainer. | With a patient and easygoing personality, Lamprecht is dedicated to his work as Wilfried's retainer. | Lamprecht harbored uneasy thoughts after witnessing Rozemyne's blessing at her debut, but as Wilfried's retainer, he did not feel obligated to share them."
Detlinde,Wilfried,family,undirected,3,0.9946036633333334,0.99626935,1.3788134500281861,"Because her mother is the older sister of Sylvester, Detlinde is also a cousin to Wilfried and his siblings (as well as Rudiger from Frenbeltag). | Infobox field family/Relatives: Bonifatius (Granduncle) Bezewanst (Granduncle) Detlinde (Cousin) Alstede (Cousin) Rudiger (Cousin) Fifth Aub Ehrenfest (Great-Grandfather) | Infobox field family/Relatives: Wilfried (Cousin) Charlotte (Cousin) Melchior (Cousin) Henriette (Cousin) Rudiger (Cousin) Rozemyne (Cousin, Adoptive) Aurelia (Cousin) Martina (Cousin) Letizia (Niece) Benedikta (Niece) Bezewanst (Granduncle, Deceased)"
Judithe,Rozemyne,service_retainer,directed,3,0.99423672,0.9996587,1.3783047585543355,"Judithe (ユーディット, Yuuditto) is a mednoble apprentice guard knight from Kirnberger who served as a retainer to Rozemyne. | Infobox field occupation: Rozemyne's Retainer (Former) | When she is accepted as a retainer, she is thrilled and resolves to become “as strong as she can” to be useful to Rozemyne."
Ewigeliebe,Schutzaria,enemy_rival,undirected,3,0.99388752,0.99829656,1.3778206645634326,"At the end of autumn, her powers waned, and Ewigeliebe once again trapped the Goddess of Earth in ice. | But Ewigeliebe's jealous love consumed him, and he froze Geduldh in ice, so her child could never be born. | However, they could not defeat Ewigeliebe, because it would prevent all new life from being born into the world."
Detlinde,Roswitha,enemy_rival,undirected,3,0.9937275333333333,0.99653685,1.377598875949578,"Initially she is kept, so she can be shipped to Lanzenave, but after Letizia is captured too, Detlinde decides that Roswitha's moaning in pain is ""too loud"" and has Leonzio kill her and present her feystone to the horrified girl she once served as a mother figure. | At the start of the Lanzenave invasion, she was murdered by Detlinde and Leonzio using an Instant-Death potion. | Shortly before Georgine, Detlinde and their Lanzenave allies launch their insurrection, they abduct and imprison Roswitha to isolate Letizia and make her easier to manipulate for their plans."
Gudrun,Traugott,service_retainer,directed,3,0.9930041533333333,0.99468416,1.376596058334631,"When Traugott's failings as a retainer come to light, Rozemyne successfully convinces him to resign from his position instead of firing him, effectively limiting the damage done to his family's reputation. | The decision is to assign Traugott his uncle Justus as an attendant to discipline him at the Royal Academy. | When Rozemyne entered the Royal Academy, the family nominated Traugott to serve as one of her retainers and guard knights."
Hasse's Mayor,Rozemyne,enemy_rival,undirected,3,0.99284171,0.9986873,1.3763708640576298,"When confronted by the nobles the mayor tries to plead for mercy, but Rozemyne is able to maneuver him to in essence argue for his own punishment by asking him how he would tread orphans if they unknowingly attacked his family, to which the mayor passionately argues that such a crime would require harsh punishment and that not even ignorance would protect them, thus sealing his own fate with the added effect of turning even those villages who were convinced he didn't deserve the death penalty prior against him. | This leaves the mayor with no goods to sell, and once Rozemyne and Ferdinand are gone, he attacks the monastery to get the orphans back, inadvertently committing treason. | Rozemyne, after meeting with Benno decides to spread rumors through the merchants to spread unease and to turn the town against him."
Kenntrips,Lestilaut,service_retainer,directed,3,0.9928018233333334,0.9992956,1.3763155693965459,"Kenntrips is an apprentice archscholar from Dunkelfelger and one of Lord Lestilaut's retainers. | Infobox field occupation: Apprentice Scholar Lestilaut's Retainer Royal Academy Student | Kenntrips prepared well for the knight's exam, but had to forfeit both it and dream of serving as Hannelore's guard knight, when his father ordered him to become a scholar in Lord Lestilaut's service."
Brigitte,Rozemyne,service_retainer,directed,3,0.9922893466666668,0.9974712,1.3756051258833404,"Brigitte (ブリギッテ, Burigitte) is an Ehrenfest medknight, who served Rozemyne as a guard knight. | Her reputation was so maligned that she agreed to take on the task of serving as Rozemyne's guard knight even though it meant entering the temple and the lower city. | She expects to resign from service and return to Illgner, while Damuel expects to continue serving Rozemyne in the temple."
Reginald,Lestilaut,service_retainer,directed,3,0.9919382333333333,0.9980725,1.3751183794492263,Infobox field occupation: Attendant Lestilaut's Retainer | Reginald is an adult archattendant from Dunkelfelger who serves Lord Lestilaut. | Reginald goes with Lord Lestilaut when he summoned by Aub Dunkelfelger as his lord is going to inherit the foundation.
Sergius,Ferdinand,service_retainer,directed,3,0.9917791333333333,0.99950564,1.3748978200163722,"Sergius (ゼルギウス, Zerugiusu) was an Ahrensbach archattendant who was assigned to be Lord Ferdinand's attendant. | Infobox field occupation: Attendant Ferdinand's Retainer | After the Lanzenave invasion was defeated, he will continue to serve Lord Ferdinand as an Alexandrian archattendant."
Gretia,Rozemyne,service_retainer,directed,3,0.9915634533333333,0.99889636,1.3745988240485656,"Gretia (グレーティア, Gurētia) is an apprentice medattendant who serves as one of Rozemyne's name-sworn retainers. | Infobox field occupation: Royal Academy Student Apprentice Attendant Rozemyne's Retainer | To everyone's surprise the burly knight invited himself in to witness someone doing the ritual and to spare Gretia, Rozemyne reluctantly offered up Damuel to do this."
Zahm,Ferdinand,service_retainer,directed,3,0.9913199866666668,0.9957372,1.3742613075814452,"Zahm was one of Ferdinand's attendants. | Infobox field occupation: Rozemyne's Attendant Ferdinand's Attendant (Former) | Prior to that, he served under Shikikoza, but returned to the orphanage for a short time after his master returned to noble society, before being taken into Ferdinand's service."
Nicola,Rozemyne,service_retainer,directed,3,0.9908304466666666,0.99858934,1.3735826610399025,"Nicola (ニコラ Nikora) is a gray shrine maiden who served as one of Rozemyne's attendants at the Ehrenfest temple. | Infobox field occupation: Rozemyne's attendant | After training in the temple kitchen with Hugo and Ella, Nicola unofficially became one of Rozemyne’s cooks at the temple."
Lothar,Melchior,service_retainer,directed,3,0.9907022866666667,0.9975242,1.3734049935545813,"Infobox field occupation: Gray Priest Melchior's Attendant Hartmut's Attendant (Former) Ferdinand's Attendant (Former) }} | He is likely serving Lord Melchior as the current High Bishop. | To help Melchior's noble retainers adapt to the temple and tutor his scholars, Lothar will be assigned to the future High Bishop upon his entry into the temple."
Lestilaut,Rasantark,family,undirected,3,0.9904394133333333,0.994266,1.3730405737348925,He is the half-brother of Rasantark and Reginald. *Wingert - An adult archscholar. | Infobox field family/Relatives: Hildebrand (Cousin) Rasantark (Cousin) Kenntrips (Cousin) Codenest (Cousin) Reginald (Cousin) | Infobox field family/Relatives: Lestilaut (Cousin) Hannelore (Cousin) Raufereg (Cousin) Codenest
Charlotte,Detlinde,family,undirected,3,0.9902719166666666,0.99416155,1.372808374050386,"Infobox field family/Relatives: Wilfried (Cousin) Charlotte (Cousin) Melchior (Cousin) Henriette (Cousin) Rudiger (Cousin) Rozemyne (Cousin, Adoptive) Aurelia (Cousin) Martina (Cousin) Letizia (Niece) Benedikta (Niece) Bezewanst (Granduncle, Deceased) | Infobox field family/Relatives: Bonifatius (Granduncle) Bezewanst (Granduncle, Deceased) Detlinde (Cousin) Rudiger (Cousin) | Although they are cousins, the two girls only met each other at the wedding of Lamprecht and Freuden, with Aurelia and Bettina, where Charlotte and Detlinde only exchanged polite, formal greetings."
Georgine,Sylvester,service_retainer,directed,3,0.9899897666666666,0.9995241,1.372417231096396,"*Rihyarda - As the special attendant who serve the archduke family of Ehrenfest, Rihyarda was assigned to serve Georgine for years, until she was reassigned as Sylvester's retainer. | Upon her entry into the Royal Academy, Georgine found that Veronica had reserved all the children she wanted as retainers for Sylvester, further fouling Georgine's chances to become archduchess. | They told her in no uncertain terms that they wanted her to dedicate her all to supporting Sylvester."
Ewigeliebe,Flutrane,enemy_rival,undirected,3,0.9898004166666667,0.9919126,1.3721547362591182,"But Ewigeliebe's jealous love consumed him, and he froze Geduldh in ice, so her child could never be born. | Each year at the end of autumn, Ewigeliebe once again traps the Goddess of Earth in ice, and Flutrane must fight to free her in spring. | However, they could not fully defeat Ewigeliebe without preventing all new life from being born."
Justus,Ferdinand,service_retainer,directed,3,0.9895451066666666,0.99958163,1.3718008014457805,"Justus (ユストクス, Yusutokusu) is an archnoble attendant and scholar who serves Ferdinand as a name-sworn retainer alongside Eckhart. | Ultimately, Justus went against his mother’s wishes and chose to serve Ferdinand instead, alongside the guard knight Eckhart. | When Ferdinand abandoned noble society and entered the temple, Justus could no longer officially work as his attendant."
Ewigeliebe,Leidenschaft,enemy_rival,undirected,3,0.9890019,0.9970381,1.3710477571068578,"Each year at the end of autumn, Ewigeliebe once again traps the Goddess of Earth in ice. | But Ewigeliebe's jealous love consumed him, and he froze Geduldh in ice, so her child could never be born. | However, they could not fully defeat Ewigeliebe without preventing all new life from being born."
Bertilde,Rozemyne,service_retainer,directed,3,0.9889016,0.9997491,1.3709087117824377,"Bertilde (ベルティルデ, Berutirude) is an archnoble apprentice attendant and served Rozemyne as a retainer. | Infobox field occupation: Apprentice Attendant Brunhilde's Retainer Rozemyne's Retainer (Former) | As planned, Bertilde enters Lady Rozemyne's service as an apprentice attendant upon her entry into the Royal Academy, despite the fact that Rozemyne is almost guaranteed to leave Ehrenfest in the coming spring, which puts a rather short time limit on their association."
Detlinde,Martina,family,undirected,3,0.98857329,0.99453247,1.3704535774807385,"Infobox field family/Relatives: Wilfried (Cousin) Charlotte (Cousin) Melchior (Cousin) Henriette (Cousin) Rudiger (Cousin) Rozemyne (Cousin, Adoptive) Aurelia (Cousin) Martina (Cousin) Letizia (Niece) Benedikta (Niece) Bezewanst (Granduncle, Deceased) | Infobox field family/Relatives: Detlinde (Cousin) Wolfram (Cousin, Deceased) Alstede (Cousin) Blasius (Cousin) Letizia (Cousin, Adoptive) Siegrecht (Nephew) | In his irritation, her father bemoaned that his daughter was only serving the ""lowly"" Detlinde - at the time the mostly neglected youngest daughter of a third wife - and decried Georgine as “Ehrenfest’s chamavarein.”"
Eglantine,Hildebrand,family,undirected,3,0.9879349966666666,0.9921451,1.3695687150319977,"Infobox field family/Relatives: Anastasius (Cousin) Sigiswald (Cousin) Hildebrand (Cousin) Nahelache's Son (Nephew) | Infobox field family/Relatives: Eglantine (Cousin) Lestilaut (Cousin) Hannelore (Cousin) Reginald (Cousin) Kenntrips (Cousin) Rasantark (Cousin) Raufereg (Cousin) Lungtase (Cousin) Nahelache's Son (Half-Nephew) Stephareine (Half-Niece) | Infobox field family/Sister: Trauerqual's Daughter (Deceased) Eglantine (Half-Sister, In-Law) Nahelache (Half-Sister, In-Law) Adolphine (Half-Sister, In-Law, Former)"
Hannelore,Hildebrand,family,undirected,3,0.9876340933333333,0.99060994,1.3691515744377556,"Infobox field family/Relatives: Eglantine (Cousin) Lestilaut (Cousin) Hannelore (Cousin) Reginald (Cousin) Kenntrips (Cousin) Rasantark (Cousin) Raufereg (Cousin) Lungtase (Cousin) Nahelache's Son (Half-Nephew) Stephareine (Half-Niece) | Infobox field family/Relatives: Hildebrand (Cousin) Rasantark (Cousin) Kenntrips (Cousin) Codenest (Cousin) Reginald (Cousin) | As relatives of Trauerqual's third wife Magdalena, Hannelore and her brother Lestilaut occasionally visited her and her son Prince Hildebrand at their royal villa in the Sovereignty, but didn't form a particularly close relationship with the prince."
Trudeliede,Veronica,service_retainer,directed,3,0.987405,0.9929624,1.3688339836415855,"She served as Veronica's medattendant and become an archnoble upon marrying Karstedt. | Prior to her wedding, Trudeliede served Lady Veronica as an attendant. | Infobox field occupation: Veronica's Attendant (Former)"
Lothar,Hartmut,service_retainer,directed,3,0.98734096,0.99835324,1.3687452053506994,"Infobox field occupation: Gray Priest Melchior's Attendant Hartmut's Attendant (Former) Ferdinand's Attendant (Former) }} | He previously served Hartmut and Ferdinand as a Temple attendant. | During Hartmut's training time, he assigns Lothar to assist his successor."
Jenni,Myne,enemy_rival,undirected,3,0.98710241,0.9931732,1.3684145048308543,"She hated Myne because she took Rosina and Wilma, two former attendants of Christine, as attendants and let them live in comfort. | When Bezewanst enlists Count Bindewald to get rid of Myne, Jenni directly attacks Myne in the ensuing fight, earning her a brutal kick to her stomach by Gunther that sent her flying. | Due to harboring hostile intent towards Myne, she is unable to enter Myne's wind-shield."
Fey,Lutz,family,undirected,3,0.98695378,0.99375594,1.368208459899961,Infobox field family/Relatives: Zasha (Cousin) Sieg (Cousin) Ralph (Cousin) Lutz (Cousin) | Infobox field family/Relatives: Fey (Cousin) Gunther's Father (Distant Cousin) | Fey (フェイ Fei) is a commoner growing up in the same neighborhood as Myne and a relative of Lutz and his family.
Hartmut,Leberecht,family,undirected,3,0.98658768,0.997996,1.367700937534355,"Hartmut's mother is Ottilie, and his father is Leberecht. | He is the father of three sons, of whom Hartmut is the youngest and Oliswalt the oldest. | Infobox field family/Father: Leberecht"
Florencia,Rozemyne,family,undirected,3,0.9865043166666666,0.990989,1.367585371415431,"Infobox field family/Mother: Elvira (Baptismal) Florencia (Adoptive) Rozemary (Purported Biological) Effa (Biological) Urano Motosu’s Mother (Former) | She is baptized as the daughter of Karstedt and Elvira, and later adopted by Sylvester and Florencia as an archduke candidate of Ehrenfest. | Infobox field family/Daughter: Rozemyne (Adoptive) Charlotte Henriette"
Florencia,Veronica,enemy_rival,undirected,3,0.9863118833333333,0.9902624,1.3673186021705392,"She was also rather hostile to Sylvester's wife Florencia, practically forcing her to join Elvira's faction for protection and support, instead of trying to get her to join Veronica's own faction. | It was in a power struggle with both the older Leisegang faction and Elvira's Florencia faction. | She truly believed that Florencia seduced Sylvester for ulterior motives, and that Ferdinand was plotting to take Sylvester's position."
Justus,Eckhart,service_retainer,directed,3,0.98619191,0.9995708,1.3671522838150545,"Justus (ユストクス, Yusutokusu) is an archnoble attendant and scholar who serves Ferdinand as a name-sworn retainer alongside Eckhart. | Ultimately, Justus went against his mother’s wishes and chose to serve Ferdinand instead, alongside the guard knight Eckhart. | Not long after Myne joined the temple, Ferdinand assigned Justus and Eckhart to investigate her activities in the Lower City."
Adelbert,Karstedt,family,undirected,3,0.98563061,0.99126923,1.366374156790158,"Infobox field family/Relatives: Karstedt (Nephew) Elvira (Niece, In-Law) Trudeliede (Niece, In-Law) Rozemary (Niece, In-Law, Deceased) Veronica (Cousin) Fourth Aub Ehrenfest (Grandfather) | Her mother Veronica was extremely strict with her upbringing, fearing that any weakness might allow the older, male Karstedt to gain the advantage. | However, Bonifatius and his son Karstedt remained in line the of succession should the archduke die without producing any heirs."
Rozemyne,Sylvester,family,undirected,3,0.9853062133333332,0.9913619,1.3659244475203918,"Infobox field family/Father: Karstedt (Baptismal) Sylvester (Adoptive) Gunther (Biological) Urano Motosu’s Father (Former) | She is baptized as the daughter of Karstedt and Elvira, and later adopted by Sylvester and Florencia as an archduke candidate of Ehrenfest. | Infobox field family/Daughter: Rozemyne (adoptive) Charlotte Henriette"
Raimund,Ferdinand,service_retainer,directed,3,0.9850437333333334,0.9980506,1.3655605729764853,"He became Ferdinand's disciple for a year, before becoming his full retainer upon Ferdinand's move to Old Ahrensbach , and remains in his service in Alexandria. | Infobox field occupation: Apprentice Scholar Ferdinand's Retainer | If he manages to pass these tests, Ferdinand will take him on as a long-distance disciple, with even the chance to become Ferdinand's retainer once he comes of age, should he wish to do so and get permission from his home duchy."
Raublut,Gervasio,service_retainer,directed,3,0.9850397766666666,0.99536383,1.3655550878717964,Infobox field occupation: Prisoner Sovereign Knight's Order Commander (Former) Zent Trauerqual's Retainer (Former) Third Prince's Retainer (Former) Gervasio's Retainer (Former) | His position as the trusted knight commander who has served Zent Trauerqual faithfully for a long time helped him a great deal in his clandestine scheming on behalf of Gervasio. | As planned three of Gervasio's retainers take possession of a key each and are thus able to unlock the underground archive.
Delia,Myne,service_retainer,directed,3,0.9849624666666666,0.9988269,1.3654479134547381,"She was originally assigned to serve as Myne’s attendant and report on her activities to the High Bishop. | Infobox field occupation: Myne's Attendant (Former) | After leaving Myne’s service, Delia was assigned help manage the orphanage."
Gabriele,Georgine,family,undirected,3,0.9847290133333333,0.9960835,1.3651242784151534,"Infobox field family/Offspring: Constanze (Granddaughter) Georgine (Granddaughter) Sylvester (Grandson) Wilfried (Great-Grandson) Rozemyne (Great-Granddaugther, through Adoption) Charlotte (Great-Granddaughter) Melchior (Great-Grandson) Henrietta (Great-Granddaughter) Detlinde (Great-Granddaughter) Rudiger (Great-Grandson) Alstede (Great-Granddaughter) Wolfram (Great-Grandson, Deceased) | Infobox field family/Relatives: Gieselfried (Nephew) Brother of Gieselfried (Nephew) Georgine(Niece, In-Law) Adelbert (Nephew, In-Law, Deceased) Bonifatius (Nephew, In-Law) Irmhilde (Niece, In-Law, Deceased) Unnamed Woman (Adelbert's half-sister) (Niece, In-Law, Deceased) | Infobox field family/Grandmother: Gabriele"
Benno,Liz,romantic,undirected,3,0.9846781099999999,0.99508923,1.3650537114111911,"Infobox field family/Spouse: Benno (Engaged) | Infobox field family/Spouse: Liz (Betrothed, Deceased) | He also attempted to arrange a marriage between his daughter and Benno shortly after the death of Benno’s lover Liz, and later suggested a marriage between his sons and Benno's two younger sisters, causing one of the sisters to flee to another city."
Georgine,Martina,family,undirected,3,0.9843137333333334,0.9951172,1.3645485780928677,"Infobox field family/Relatives: Karstedt (Cousin) Wilfried (Nephew) Rozemyne (Niece, Adoptive) Charlotte (Niece) Melchior (Nephew) Henrietta (Niece) Rudiger (Nephew) Aurelia (Niece) Martina (Niece) Benedikta (Granddaughter) | Infobox field family/Aunt: Georgine (Deceased) | In his irritation, her father bemoaned that his daughter was only serving the ""lowly"" Detlinde - at the time the mostly neglected youngest daughter of a third wife - and decried Georgine as “Ehrenfest’s chamavarein.”"
Elvira,Rozemyne,family,undirected,3,0.9836594766666668,0.99035686,1.3636415857651427,"Infobox field family/Mother: Elvira (Baptismal) Florencia (Adoptive) Rozemary (Purported Biological) Effa (Biological) Urano Motosu’s Mother (Former) | She is baptized as the daughter of Karstedt and Elvira, and later adopted by Sylvester and Florencia as an archduke candidate of Ehrenfest. | Infobox field family/Daughter: Rozemyne (Baptismal) Heidemarie (In-Law, Deceased) Aurelia (In-Law)"
Jonsara,Philine,family,undirected,3,0.9833816966666666,0.9937028,1.3632565009175106,"Infobox field family/Mother: Theresia (Deceased) Jonsara (Step-Mother) | Infobox field family/Daughter: Philine (Step-Daughter, Former) | Jonsara confiscates the money Philine earned from Rozemyne and confines her in the family home, then sends an ordonnanz to the castle claiming that her stepdaughter has fallen ill."
Magdalena,Werdekraf,family,undirected,3,0.98296853,0.99031746,1.3626837302973078,"Her brother is Werdekraf, the current Aub Dunkelfelger. | Infobox field family/Sister: Magdalena | When the Royal Palace is breached by intruders, Zent Trauerqual entrusts Magdalena with leading of the troops and liaising with her brother Werdekraf, the current Aub Dunkelfelger."
Adelbert,Sylvester,family,undirected,3,0.98290662,0.9879853,1.362597904813411,"Infobox field family/Father: Adelbert (Deceased) | After his passing, leadership of the duchy passed to his eldest son and heir, Sylvester. | With his first wife Veronica, Adelbert had three children: Georgine, Constanze and Sylvester."
Harland,Anastasius,service_retainer,directed,3,0.9825703199999999,0.99923146,1.3621316940197663,"Harland is a sovereign archknight who serves as Anastasius's head guard knight. | Infobox field occupation: Prince Anastasius' Head Guard Knight Adult Knight | After Ferdinand contacts Anastasius to open the Farthest Hall, he tells his other guard knight Mergild to consult Harland on how many knights they can bring and to gather outside the door to the Royal Academy."
Aeussewahl,Tollkuehnheit,family,undirected,3,0.9823619533333332,0.99281526,1.3618428364847208,"He was a Royal Family member of the ancient past, being the son of Aeussewahl and the brother of Heileind. | Infobox field family/Father: Aeussewahl | He was the father Heileind and Tollkuehnheit."
Ferdinand,Eckhart,service_retainer,directed,3,0.9821818333333333,0.9984113,1.3615931371443961,"He specializes in collecting information. * Sergius - An Ahrensbach noble assigned to be his attendant upon his arrival in Ahrensbach. *Eckhart - An archnoble who serves as a guard knight. | Ferdinand also accepted Justus, Eckhart and Lasfam as his retainers after joining the Royal Academy. | Eckhart's wife Heidemarie also served as his retainer, but was killed by poisoning shortly after her marriage."
Effa,Kamil,family,undirected,3,0.9821698,0.9943674,1.3615764554022507,"The two would later raise three children: her oldest daughter, Tuuli, her second daughter, Myne, and her youngest son Kamil. | Infobox field family/Mother: Effa | Infobox field family/Son: Kamil Unnamed eldest son (Deceased)"
Bezewanst,Veronica,family,undirected,3,0.9820703333333333,0.9935022,1.3614385653231311,"Infobox field family/Sister: Veronica Irmhilde (Half-Sister, Deceased) Unnamed Woman (Half-Sister, In-Law, Deceased) | Although he is not a noble, he is the younger brother of Veronica and a relative of Ehrenfest's archducal family. __TOC__ | She was very protective of her little brother, the former High Bishop Bezewanst, and used her power to protect him from any issues caused by his corruption and criminal activities."
Aeussewahl,Heileind,family,undirected,3,0.9816990866666666,0.9866654,1.3609239081625466,He was the father Heileind and Tollkuehnheit. | Infobox field family/Father: Aeussewahl | He was the son of Aeussewahl and the brother of Tollkuehnheit.
Charlotte,Rozemyne,family,undirected,3,0.9815392799999999,0.99272114,1.3607023690816773,"She is the sister of Wilfried, Melchior, and Henriette and the adoptive sister of Rozemyne. | Infobox field family/Sister: Charlotte (Adoptive) Henriette (Adoptive) Heidemarie (Baptismal, In-Law, Deceased) Tuuli (Biological) Aurelia (In-Law) | Infobox field family/Sister: Rozemyne (Adoptive) Henriette"
Detlinde,Veronica,family,undirected,3,0.9806579466666667,0.994928,1.3594805816514104,"She takes after her mother, Georgine, and is said to look even more like her grandmother, Veronica. | Infobox field family/Offspring: Wilfried (Grandson) Rozemyne (Granddaughter, Adoptive) Charlotte (Granddaughter) Melchior (Grandson) Henriette (Granddaughter) Wolfram (Grandson, Deceased) Detlinde (Granddaughter) Rudiger (Grandson) Alstede (Granddaughter) Benedikta (Great-Granddaugher) | Infobox field family/Grandmother: Veronica"
Clarissa,Hartmut,romantic,undirected,3,0.9802946800000001,0.9884878,1.3589769871198276,"Infobox field family/Spouse: Hartmut (Married) | Infobox field family/Spouse: Clarissa (Married) | He was engaged to Clarissa, an archnoble from Dunkelfelger."
Barthold,Grausam,family,undirected,3,0.9802011133333334,0.9914185,1.3588472761774388,Infobox field family/Mother: Grausam's Sister (Deceased) | Infobox field family/Relatives: Barthold (Nephew) Cassandra (Niece) | Infobox field family/Uncle: Grausam (Deceased)
Hildebrand,Lestilaut,family,undirected,3,0.9799957633333335,0.98995423,1.358562600630383,"Infobox field family/Relatives: Hildebrand (Cousin) Rasantark (Cousin) Kenntrips (Cousin) Codenest (Cousin) Reginald (Cousin) | Infobox field family/Relatives: Eglantine (Cousin) Lestilaut (Cousin) Hannelore (Cousin) Reginald (Cousin) Kenntrips (Cousin) Rasantark (Cousin) Raufereg (Cousin) Lungtase (Cousin) Nahelache's Son (Half-Nephew) Stephareine (Half-Niece) | As relatives of Trauerqual's third wife Magdalena, Lestilaut and Hannelore occasionally visited her and her son Prince Hildebrand at their royal villa in the Sovereignty, but didn't form a particularly close relationship with the prince."
Veronica,Wilfried,family,undirected,3,0.9799656533333333,0.9912053,1.3585208593071694,"Infobox field family/Offspring: Wilfried (Grandson) Rozemyne (Granddaughter, Adoptive) Charlotte (Granddaughter) Melchior (Grandson) Henriette (Granddaughter) Wolfram (Grandson, Deceased) Detlinde (Granddaughter) Rudiger (Grandson) Alstede (Granddaughter) Benedikta (Great-Granddaugher) | Determined to raise the next Aub, Sylvester's mother Veronica used her influence to take custody of Wilfried and raised him away from his mother, Florencia. | As a result, Wilfried rarely saw his mother except during meals, and he felt a strong familial affection for Veronica, his grandmother."
Elvira,Veronica,enemy_rival,undirected,3,0.9794785899999999,0.98859787,1.357845646154661,"She was also rather hostile to Sylvester's wife Florencia, practically forcing her to join Elvira's faction for protection and support, instead of trying to get her to join Veronica's own faction. | She displayed a particular hostility toward Elvira and her brother, almost bringing their entire home province of Haldenzel to ruin, by using her brother's position as High Bishop to deny them Small Chalices for the Spring Prayer and by imposing harsh taxes on them, leading Elvira to gather all the people wronged by Veronica to form a counter-faction for their self protection. | It was in a power struggle with both the older Leisegang faction and Elvira's Florencia faction."
Laurenz,Sidonius,family,undirected,3,0.9792900466666666,0.9870913,1.3575842695948344,"Infobox field family/Father: Sidonius (Deceased) | Infobox field family/Son: Freuden (Deceased) Laurenz Bertram | He was also the father of Freuden, Laurenz and was a member of the former Veronica faction. __TOC__"
Bertilde,Count Groschel,family,undirected,3,0.9786197,0.9853925,1.356654971790839,"She's the second daughter of Count Groschel, and Brunhilde's younger sister; whom she will serve upon becoming Sylvester's future second wife. | Infobox field family/Father: Count Groschel | Infobox field family/Daughter: Brunhilde Bertilde"
Bonifatius,Traugott,family,undirected,3,0.9785131100000001,0.9949669,1.3565072066748873,"Infobox field family/Offspring: Eckhart (Grandson) Lamprecht (Grandson) Cornelius (Grandson) Rozemyne (Granddaughter) Traugott (Grandson) Nikolaus (Grandson) Siegrecht (Great-Grandson, Lamprecht's Son) | He is the grandson of Bonifatius on his father’s side and the grandson of Rihyarda on his mother’s side. __TOC__ | Infobox field family/Grandfather: Bonifatius"
Leckle,Otto,service_retainer,directed,3,0.9783793866666667,0.9949026,1.356321826771937,"The captain sees how overworked Leckle is under Otto and does as his subordinate requests, forcing Otto to teach more apprentice soldiers. | This led Leckle to complain to his superior captain Gunther, who in turn decided to talk to Otto and ask him to take on some more apprentices for doing paperwork. | Many of the calculations that Myne was checking for errors for Otto were done by Leckle."
Hannelore,Magdalena,family,undirected,3,0.97810855,0.9942346,1.3559463674281524,"Infobox field family/Relatives: Lestilaut (Nephew) Hannelore (Niece) Raufereg (Nephew) Lungtase (Niece) Kenntrips (Nephew) Rasantark (Nephew) Codenest (Nephew) | As relatives of Trauerqual's third wife Magdalena, Hannelore and her brother Lestilaut occasionally visited her and her son Prince Hildebrand at their royal villa in the Sovereignty, but didn't form a particularly close relationship with the prince. | Infobox field family/Aunt: Magdalena"
Ferdinand,Rozemyne,romantic,undirected,3,0.9780420333333333,0.99398816,1.355854155748232,"Infobox field family/Spouse: Rozemyne (Engaged) Detlinde (Engaged, Cancelled) | Infobox field family/Spouse: Ferdinand (Betrothed) Wilfried (Betrothed, Cancelled) Sigiswald (Betrothed, Cancelled) | At the young age of 7, she has already surpassed every other noble in Ehrenfest - including the Aub - except for Ferdinand."
Jonsara,Konrad,family,undirected,3,0.9778810800000001,0.9890872,1.3556310270498286,"Infobox field family/Mother: Theresia (Deceased) Jonsara (Step-Mother, Former) | After their mother died, their father remarried to Jonsara, a harsh-tempered woman who treated both Konrad and Philine coldly. | Jonsara confiscates the money Philine earned from Rozemyne and confines her in the family home, then sends an ordonnanz to the castle claiming that her stepdaughter has fallen ill."
Deid,Lutz,family,undirected,3,0.9778165900000001,0.99306947,1.35554162492648,"His father Deid was a carpenter, and his mother Karla was a textile worker. | He is the father of Lutz. | Infobox field family/Father: Deid"
Nora,Thore,family,undirected,3,0.9769760666666666,0.9830443,1.3543764121690902,Infobox field family/Sister: Nora | He looks similar to his sister Nora with matching hair and eye colour. | He is the younger brother of Nora.
Constanze,Rudiger,family,undirected,3,0.9769056666666667,0.9911137,1.3542788170460676,She is also the mother of Rudiger. | Infobox field family/Mother: Constanze | Infobox field family/Son: Rudiger
Jonsara,Kashick,enemy_rival,undirected,3,0.9767440733333334,0.99059206,1.354054801119273,"However, it soon emerges that Jonsara had physically abused both Philine and Konrad using her schtappe. | Philine vows never to return, leaving Jonsara happy and Kashick devastated. | Initially Jonsara got along fine with Kashick's children and treated them well , but grew markedly cold, and worsened into physical abuse after her own son was born with more mana that Konrad."
Sylvester,Veronica,family,undirected,3,0.9761486333333335,0.9820676,1.3532293460048879,"When her parents made it clear to Georgine, that she would never become the Aub and they expected her only to support her brother, Georgine once again tried to educate the boy and turn him into a worthy successor, but since she considered the brutal methods that Veronica used on her as normal, this was perceived as bullying by Sylvester and many of the duchy's nobles. | She is the mother of Georgine, Constanze and Sylvester. | Infobox field family/Mother: Veronica"
Aurelia,Siegrecht,family,undirected,3,0.9760548333333334,0.9892147,1.3530993115938148,Siegrecht is the child of Lamprecht and Aurelia. | Infobox field family/Mother: Aurelia | Infobox field family/Son: Siegrecht
Hannelore,Werdekraf,family,undirected,3,0.9759107,0.99040365,1.3528995003665651,"To make sure that she had made no errors or misunderstandings, she gave a copy of her manuscript to Hannelore and her brother, which they passed on to their father. | Infobox field family/Father: Werdekraf | Through his daughter Hannelore, Rozemyne of Ehrenfest had petitioned Aub Dunkelfelger for the rights to produce and sell copies of a book on Dunkelfelger history she had borrowed from Hannelore and translated into modern language."
Rozemyne,Siegrecht,family,undirected,3,0.9758635566666668,0.99199873,1.3528341458294009,"Infobox field family/Relatives: Detlinde (Cousin, Adoptive) Rudiger (Cousin, Adoptive) Traugott (Cousin, Baptismal) Previous Count Leisegang (Great-Grandfather, Baptismal, Deceased) Siegrecht (Nephew, Baptismal) Deid's Mother (Distant Cousin,Biological) | Infobox field family/Aunt: Rozemyne Heidemarie (In-Law, Deceased) | In Rozemyne's opinion, Siegrecht is far less shy than most children his age and his parents are a little worried about how impulsive he is."
Brunhilde,Sylvester,romantic,undirected,3,0.9757414933333334,0.98898965,1.3526649301187013,"Infobox field family/Spouse: Sylvester (Engaged) | Infobox field family/Spouse: Florencia Brunhilde (Engaged, Second Wife) | He is also the half-brother of Ferdinand and engaged to Brunhilde, the future second wife."
Georgine,Gieselfried,romantic,undirected,3,0.9757366,0.9908903,1.352658146518294,"Infobox field family/Spouse: Gieselfried Zausengas nobleman (Engaged, Former) | Infobox field family/Spouse: Georgine (First Wife, Former Thrid Wife) First Wife (Deceased) Second Wife (Deceased) | Around the time Rozemyne was adopted into Ehrenfest's archducal family, Gieselfried's first wife died, and his former third wife Georgine was promoted to first wife."
Eckhart,Karstedt,family,undirected,3,0.97534498,0.99185854,1.3521152459205925,"He is also the oldest child of Karstedt and Elvira and the older brother of Lamprecht, Cornelius, and Rozemyne. | Infobox field family/Son: Eckhart Lamprecht Cornelius Nikolaus | Infobox field family/Father: Karstedt"
Anastasius,Eglantine,romantic,undirected,3,0.9750861266666666,0.98914474,1.3517563990042354,"After graduating from the Royal Academy, she married Prince Anastasius and became his first wife. | Shortly after the Lanzenave invasion had been defeated, his wife Eglantine is crowned the new Zent. | He feels he stole her birthright, and he is determined to have her marry Anastasius or Sigiswald to regain her original status as royalty."
Lestilaut,Sieglinde,family,undirected,3,0.9747378866666666,0.98145366,1.351273635855919,"Sieglinde is the first wife of Werdekraf, the current Aub Dunkelfelger, and mother to Lestilaut and Hannelore. | Infobox field family/Mother: Sieglinde | Infobox field family/Son: Lestilaut"
Freuden,Sidonius,family,undirected,3,0.9747106133333334,0.9824706,1.35123582698771,"Infobox field family/Son: Freuden (Deceased) Laurenz Bertram | Infobox field family/Father: Sidonius (Deceased) | He was also the father of Freuden, Laurenz and was a member of the former Veronica faction. __TOC__"
Claudio,Elvira,family,undirected,3,0.9745680233333335,0.9830458,1.3510381552747581,He and his sister Elvira share a strong family resemblence. | Infobox field family/Sister: Elvira | He is the older brother of Elvira.
Hildebrand,Trauerqual,family,undirected,3,0.9743952966666667,0.9850582,1.3507987052707429,"He is the father of the three former princes, Sigiswald, Anastasius, and Hildebrand. | Infobox field family/Father: Trauerqual | Hildebrand (ヒルデブラント Hirudeburanto) is the former third prince of the Yurgenschmidt and the son of Lord Trauerqual and Lady Magdalena."
Brunhilde,Count Groschel,family,undirected,3,0.9742961333333334,0.98901117,1.3506612357009131,She is the oldest daughter of Count Groschel and a Leisegang noblewoman. | Infobox field family/Father: Count Groschel | Infobox field family/Daughter: Brunhilde Bertilde
Charlotte,Sylvester,family,undirected,3,0.9718087666666667,0.9859207,1.3472130133168756,Infobox field family/Daughter: Rozemyne (adoptive) Charlotte Henriette | Charlotte (シャルロッテ Sharurotte) is the daughter of Sylvester and Florencia and an archduke candidate of Ehrenfest. | Infobox field family/Father: Sylvester
Gudrun,Rihyarda,family,undirected,3,0.96993295,0.99161315,1.3446125792493808,"At some point, Rihyarda started a family and had two children: her son, Justus, and her daughter, Gudrun. | Gudrun was born as Rihyarda's daughter and Justus's sister and raised as an archnoble in Ehrenfest. | Infobox field family/Daughter: Gudrun"
Karstedt,Nikolaus,family,undirected,3,0.9678185466666668,0.97859144,1.3416813938312477,"Infobox field family/Son: Eckhart Lamprecht Cornelius Nikolaus | Infobox field family/Father: Karstedt | In the course of the purge enacted in Ehrenfest in Nikolaus' ninth winter, his mother is imprisoned for the crimes she committed in support of Lady Veronica and consequently the side-building in the Karstedt estate in which she lived with her son is closed."
Magdalena,Ralfrieda,romantic,undirected,3,0.9672991666666667,0.97849816,1.3409613802659692,"Ralfrieda, the former first wife is demoted to third wife. | However for political reasons, and to reward Magdalena for the crucial role she played in bringing down the traitor, Trauerqual decides to demote Ralfrieda to third wife, and has Magdalena take the place of his first. | Upon Trauerqual abdicating the throne and Ralfrieda's demotion to third wife, Magdalena becomes his first wife in their new founded duchy of Blumenfeld."
Eckhart,Veronica,enemy_rival,undirected,3,0.9671377166666666,0.99084365,1.3407375630413663,"While the circumstances are as of yet unknown, Eckhart holds Veronica responsible and thus is exceptionally hostile toward anyone loyal to her. | His official service ended abruptly when Ferdinand joined the temple to escape Veronica's abuse, because he could not serve a priest in an official capacity. | Apparently being unaware of his loyalty to Ferdinand she had her subordinates approach Eckhart, who was willing to take up the position, intending to use it to get close enough to Veronica to assassinate her."
Aub Frenbeltag,Rudiger,family,undirected,3,0.9634838866666667,0.9661297,1.3356722791158757,"Infobox field family/Son: Rudiger | Infobox field family/Father: Aub Frenbeltag}} | He is the son of Aub Frenbeltag and his first wife, Constanze."
Eglantine,Ralfrieda,family,undirected,3,0.9600254,0.9693653,1.3308777985518674,"Infobox field family/Mother: Unnamed Klassenberg Archduke Candidate (Deceased) Ralfrieda | Infobox field family/Daughter: Adolphine (In-Law, Former), Nahelache (In-Law), Eglantine (In-Law) | Infobox field family/Aunt: Ralfrieda Magdalena"
Fatiehe,Detlinde,service_retainer,directed,2,0.99856565,0.9985844,1.0970364941318587,"Infobox field occupation: Attendant Detlinde's Retainer | When she was old enough to participate in the general politicking and factions of the nobility, she joined Georgine's faction and eventually managed to land the position of attendant to Detlinde."
Roswitha,Letizia,service_retainer,directed,2,0.998422965,0.9995347,1.09687973863745,Roswitha was an Ahrensbach archattendant who served as Lady Letizia's head attendant. | Infobox field occupation: Attendant Letizia's Retainer Letizia's Head Attendant
Laurenz,Rozemyne,service_retainer,directed,2,0.998376565,0.99877113,1.096828763027256,Laurenz (ラウレンツ Raurentsu) is an apprentice medknight who serves as one of Rozemyne's name-sworn retainers. | Infobox field occupation: Apprentice Knight Royal Academy Student Rozemyne's Retainer
Isidore,Wilfried,service_retainer,directed,2,0.99810837,0.9988034,1.0965341207044965,"When Wilfried enters the Royal Academy, Isidore serves as his apprentice attendant. | Infobox field occupation: Apprentice Attendant Wilfried's Retainer"
Andrea,Hannelore,service_retainer,directed,2,0.99809793,0.9987203,1.0965226511922028,Andrea is an apprentice arch attendant from Dunkelfelger who serves Lady Hannelore at the Royal Academy. | Infobox field occupation: Apprentice Attendant Hannelore's Retainer
Matthias,Rozemyne,service_retainer,directed,2,0.997979935,0.9988771,1.0963930204352015,"Matthias (マティアス, Matiasu) is an adult mednoble knight who serves as one of Rozemyne's name-sworn retainers. | Infobox field occupation: Apprentice Knight Royal Academy Student Rozemyne's Retainer"
Angelica,Rozemyne,service_retainer,directed,2,0.99794788,0.998917,1.0963578044182882,Angelica (アンゲリカ Angerika) is a medknight who serves Rozemyne as a retainer. | Infobox field occupation: Knight Rozemyne's Retainer
Barthold,Wilfried,service_retainer,directed,2,0.997826085,0.9978756,1.0962239989345899,"Barthold (バルトルト, Barutoruto) is a mednoble apprentice scholar of the Former Veronica Faction and eventually becomes one of Wilfried's retainers. | Infobox field occupation: Royal Academy Student Apprentice Scholar Wilfried's Retainer"
Rihyarda,Rozemyne,service_retainer,directed,2,0.99765611,0.99849296,1.0960372623108234,"Infobox field occupation: Attendant Sylvester's Head Attendant Rozemyne's Head Attendant (Former) Georgine's Head Attendant (Former) Veronica's Head Attendant | Currently, she serves as Rozemyne’s head attendant at the Archduke’s castle and the Royal Academy."
Kazmiar,Melchior,service_retainer,directed,2,0.997466075,0.99800295,1.0958284875245463,Kazmiar is an Ehrenfest archattendant who serves as Melchior's attendant. | Infobox field occupation: Ehrenfest's High Priest Melchior's Retainer Attendant
Eckhart,Justus,service_retainer,directed,2,0.99735045,0.9983911,1.0957014604786692,"Eckhart (エックハルト, Ekkuharuto) is an Ehrenfest archknight who serves Ferdinand as a name-sworn retainer alongside Justus. | During his time at the Royal Academy, Eckhart grew to deeply admire Ferdinand and dedicated himself to serving him as a guard knight alongside the scholar Justus."
Damuel,Rozemyne,service_retainer,directed,2,0.9973152999999999,0.9996227,1.0956628442567224,"Damuel (ダームエル, Daamueru) is a layknight, who serves as Rozemyne’s retainer and lead guard knight at the temple. | Infobox field occupation: Bonifatius' Guard Knight Rozemyne's Guard Knight (Former)"
Rasantark,Lestilaut,service_retainer,directed,2,0.997295945,0.99786985,1.0956415806158752,"Infobox field occupation: Royal Academy Student Apprentice Knight Lestilaut's Retainer | Rasantark is an Dunkelfelger apprentice archknight, currently serving his cousin Lestilaut as a guard knight and attending the Royal Academy."
Aurelia,Detlinde,service_retainer,directed,2,0.99700111,0.99830186,1.0953176712617458,"After Alstede left Ahrensbach, Aurelia briefly served her former lady's younger sister Detlinde as a guard knight, but left her service upon getting married. | Infobox field occupation: Alstede's Guard Knight (Former) Detlinde's Guard Knight (Former)"
Cordula,Hannelore,service_retainer,directed,2,0.99679795,0.9993357,1.0950944771891802,"Cordula (コルドゥラ, Corudoura) is an archattendant from Dunkelfelger who serves as Lady Hannelore's head attendant. | Infobox field occupation: Hannelore's Head Attendant Sieglinde's Retainer (Former)"
Gudrun,Georgine,service_retainer,directed,2,0.9966509800000001,0.997695,1.0949330141411147,At the royal academy and up to her marriage Gudrun served as one of Lady Georgine's retainers. | Infobox field occupation: Attendant Georgine's Retainer (Former)
Lothar,Ferdinand,service_retainer,directed,2,0.9965393,0.9980896,1.094810321120716,Infobox field occupation: Gray Priest Melchior's Attendant Hartmut's Attendant (Former) Ferdinand's Attendant (Former) }} | He previously served Hartmut and Ferdinand as a Temple attendant.
Letizia,Roswitha,enemy_rival,undirected,2,0.9963439000000001,0.9969202,1.0945956522795104,"Initially she is kept, so she can be shipped to Lanzenave, but after Letizia is captured too, Detlinde decides that Roswitha's moaning in pain is ""too loud"" and has Leonzio kill her and present her feystone to the horrified girl she once served as a mother figure. | Shortly before Georgine, Detlinde and their Lanzenave allies launch their insurrection, they abduct and imprison Roswitha to isolate Letizia and make her easier to manipulate for their plans."
Fritz,Shikikoza,service_retainer,directed,2,0.9963436699999999,0.99718314,1.094595399598684,"Fritz is very restrained and patient as he had to be to survive as Shikikoza's attendant. | Fritz was previously an attendant of Shikikoza, but was returned to the orphanage when his master returned to noble society."
Detlinde,Sylvester,family,undirected,2,0.9962311699999999,0.99661934,1.0944718057162086,"Because her mother is the older sister of Sylvester, Detlinde is also a cousin to Wilfried and his siblings (as well as Rudiger from Frenbeltag). | Infobox field family/Relatives: Karstedt (Cousin) Detlinde (Niece) Alstede (Niece) Wolfram (Nephew, Deceased) Rudiger (Nephew)"
Ferdinand,Justus,service_retainer,directed,2,0.99611655,0.9975171,1.0943458827756816,"It is currently unclear whether he is still counted as Ferdinand's attendant or officially serves Rozemyne. * Justus - An archnoble who officially serves as Ferdinand's attendant, but who also doubles as a competent scholar. | Ferdinand also accepted Justus, Eckhart and Lasfam as his retainers after joining the Royal Academy."
Codenest,Lestilaut,service_retainer,directed,2,0.99589929,0.99928963,1.0941071982698456,Codenest is an apprentice archattendant from Dunkelfelger and one of Lord Lestilaut's retainers. | Infobox field occupation: Lestilaut's Retainer Apprentice Attendant Royal Academy Student
Nikolaus,Traugott,family,undirected,2,0.995891525,0.99651575,1.094098667545424,"Infobox field family/Relatives: Lamprecht (Cousin) Eckhart (Cousin) Cornelius (Cousin) Rozemyne (Cousin) Nikolaus (Cousin) Previous Count Leisegang (Great-Grandfather, Deceased) | Infobox field family/Relatives: Traugott (Cousin) Previous Count Leisegang (Great-Grandfather, Deceased) Siegrecht (Nephew)"
Leonzio,Roswitha,enemy_rival,undirected,2,0.99578963,0.99707246,1.0939867244462702,"Initially she is kept, so she can be shipped to Lanzenave, but after Letizia is captured too, Detlinde decides that Roswitha's moaning in pain is ""too loud"" and has Leonzio kill her and present her feystone to the horrified girl she once served as a mother figure. | At the start of the Lanzenave invasion, she was murdered by Detlinde and Leonzio using an Instant-Death potion."
Ignaz,Wilfried,service_retainer,directed,2,0.995742825,0.99825495,1.093935303898099,"Ignaz (イグナーツ, Igunaatsu) is an apprentice archscholar and one of Wilfried's retainers. | Infobox field occupation: Apprentice Scholar Royal Academy Student Retainer of Wilfried"
Bezewanst,Detlinde,family,undirected,2,0.9956666750000001,0.9960836,1.0938516445723172,"Infobox field family/Relatives: Sylvester (Nephew) Georgine (Niece) Florencia (Niece-in-law) Ferdinand (Nephew-in-law) Wilfried (Great nephew) Rozemyne (Great niece through adoption) Charlotte (Great niece) Melchior (Great nephew) Detlinde (Great niece) Elvira (Cousin) | Infobox field family/Relatives: Wilfried (Cousin) Charlotte (Cousin) Melchior (Cousin) Henriette (Cousin) Rudiger (Cousin) Rozemyne (Cousin, Adoptive) Aurelia (Cousin) Martina (Cousin) Letizia (Niece) Benedikta (Niece) Bezewanst (Granduncle, Deceased)"
Leonzio,Letizia,enemy_rival,undirected,2,0.99559745,0.99614584,1.093775593136634,She was killed by Leonzio at the behest of Detlinde during their insurrection. | When Ferdinand was poison by Letizia using Leonzio toys.
Cornelius,Eckhart,family,undirected,2,0.99557707,0.99616504,1.093753203418191,"As one of Rozemyne's older brothers, he is the third son of Karstedt and Elvira, the younger brother of Eckhart and Lamprecht. | He is also the oldest child of Karstedt and Elvira and the older brother of Lamprecht, Cornelius, and Rozemyne."
Hartmut,Rozemyne,service_retainer,directed,2,0.995509135,0.9996551,1.0936785691923603,"Hartmut (ハルトムート Harutomuuto) is an archnoble scholar, who serves as Rozemyne’s retainer. | Infobox field occupation: Adult Scholar Rozemyne's Retainer Ehrenfest's High Priest (Former)"
Gil,Myne,service_retainer,directed,2,0.9954997,0.9962643,1.0936682037854166,"At age 10, Gil agreed to serve the apprentice blue shrine maiden Myne, reasoning that he'd get better food to eat as an apprentice attendant than as an orphan gray priest. | Infobox field occupation: Rozemyne's attendant Myne's attendant (Former)"
Leberecht,Florencia,service_retainer,directed,2,0.9954493950000001,0.99949515,1.0936129380942352,"Leberecht (レーベレヒト, Reeberehito) is an archscholar who serves as Florencia's retainer. | Infobox field occupation: Florencia's Retainer Adult Scholar"
Lamprecht,Traugott,family,undirected,2,0.9953232000000001,0.9960555,1.093474298716467,"Infobox field family/Relatives: Lamprecht (Cousin) Eckhart (Cousin) Cornelius (Cousin) Rozemyne (Cousin) Nikolaus (Cousin) Previous Count Leisegang (Great-Grandfather, Deceased) | Infobox field family/Relatives: Traugott (Cousin) Previous Count Leisegang (Great-Grandfather, Deceased)"
Adelbert,Veronica,enemy_rival,undirected,2,0.9949351200000001,0.997761,1.0930479492594805,"Although Adelbert intervened to protect Ferdinand when possible, Veronica continued to torment him throughout his life, especially as the archduke's health began to fail. | Although Ferdinand's status as a child not baptised under a legal wife, meant that he could not compete with Sylvester for the position of archduke, Veronica viewed him as a threat and treated him with open hostility."
Eckhart,Traugott,family,undirected,2,0.9948016399999999,0.99637043,1.092901306491189,"Infobox field family/Relatives: Lamprecht (Cousin) Eckhart (Cousin) Cornelius (Cousin) Rozemyne (Cousin) Nikolaus (Cousin) Previous Count Leisegang (Great-Grandfather, Deceased) | Infobox field family/Relatives: Traugott (Cousin) Previous Count Leisegang (Great-Grandfather, Deceased) Siegrecht (Nephew)"
Kenntrips,Raufereg,family,undirected,2,0.9946911350000001,0.9954921,1.0927799043402298,Infobox field family/Relatives: Lestilaut (Cousin) Hannelore (Cousin) Lungtase (Cousin) Raufereg (Cousin) Codenest (Cousin) | Infobox field family/Relatives: Hildebrand (Cousin) Kenntrips (Cousin) Rasantark (Cousin) Reginald (Cousin) Codenest (Cousin)
Oderkunst,Adolphine,service_retainer,directed,2,0.994668155,0.99696594,1.0927546582298362,"Infobox field occupation: Scholar Adolphine's Retainer | When Prince Sigiswald married Lady Adolphine, he was assigned to be her retainer, which also reunited him with his younger sister Lisbeth, who serves as Adolphine's attendant and thus accompanied her to the Sovereignty, upon her engagement."
Oderkunst,Sigiswald,service_retainer,directed,2,0.9946071,0.9963076,1.0926875824565514,"After the divorce with Lord Sigiswald, its unclear if he remained in her service. | When Prince Sigiswald married Lady Adolphine, he was assigned to be her retainer, which also reunited him with his younger sister Lisbeth, who serves as Adolphine's attendant and thus accompanied her to the Sovereignty, upon her engagement."
Bezewanst,Wilfried,family,undirected,2,0.994597255,0.99558496,1.0926767666185695,Infobox field family/Relatives: Sylvester (Nephew) Georgine (Niece) Florencia (Niece-in-law) Ferdinand (Nephew-in-law) Wilfried (Great nephew) Rozemyne (Great niece through adoption) Charlotte (Great niece) Melchior (Great nephew) Detlinde (Great niece) Elvira (Cousin) | Infobox field family/Relatives: Bonifatius (Granduncle) Bezewanst (Granduncle) Detlinde (Cousin) Alstede (Cousin) Rudiger (Cousin) Fifth Aub Ehrenfest (Great-Grandfather)
Raufereg,Reginald,family,undirected,2,0.994588875,0.9950891,1.0926675602475906,Infobox field family/Relatives: Hildebrand (Cousin) Kenntrips (Cousin) Rasantark (Cousin) Reginald (Cousin) Codenest (Cousin) | Infobox field family/Relatives: Lestilaut (Cousin) Hannelore (Cousin) Hildebrand (Cousin) Raufereg (Cousin) Lungtase (Cousin)
Bonifatius,Siegrecht,family,undirected,2,0.99457835,0.9953939,1.0926559973532524,"Infobox field family/Offspring: Eckhart (Grandson) Lamprecht (Grandson) Cornelius (Grandson) Rozemyne (Granddaughter) Traugott (Grandson) Nikolaus (Grandson) Siegrecht (Great-Grandson, Lamprecht's Son) | Infobox field family/Relatives: Karstedt (Grandfather) Elvira (Grandmother) Bonifatius (Great-Grandfather)"
Cornelius,Lamprecht,family,undirected,2,0.994576625,0.99490535,1.0926541022470544,"As one of Rozemyne's older brothers, he is the third son of Karstedt and Elvira, the younger brother of Eckhart and Lamprecht. | Lamprecht is the second son of Karstedt and Elvira, and a brother of Eckhart, Cornelius, and Rozemyne."
Previous Count Leisegang,Traugott,family,undirected,2,0.99457185,0.9966376,1.092648856373376,"Infobox field family/Relatives: Lamprecht (Cousin) Eckhart (Cousin) Cornelius (Cousin) Rozemyne (Cousin) Nikolaus (Cousin) Previous Count Leisegang (Great-Grandfather, Deceased) | Infobox field family/Offspring: Karstedt (Grandson) Count Leisegang (Grandson) Leberecht (Grandson) Claudio (Grandson) Elvira (Granddaughter) Eckhart (Great-Grandson) Lamprecht (Great-Grandson) Cornelius (Great-Grandson) Rozemyne (Great-Granddaughter) Traugott (Great-Grandson) Nikolaus (Great-Grandson) Oliswalt (Great-Grandson) Leberecht's Middle Son (Great-Grandson) Hartmut (Great-Grandson) Leonore (Great-Granddaughter) Brunhilde (Great-Granddaughter) Bertilde (Great-Granddaughter)"
Codenest,Kenntrips,family,undirected,2,0.99448192,0.9959054,1.092550058170256,Infobox field family/Relatives: Lestilaut (Cousin) Hannelore (Cousin) Lungtase (Cousin) Raufereg (Cousin) Codenest (Cousin) | Infobox field family/Relatives: Lestilaut (Cousin) Hannelore (Cousin) Lungtase (Cousin) Raufereg (Cousin) Kenntrips (Cousin) Rasantark (Cousin) Reginald (Cousin)
Cornelius,Traugott,family,undirected,2,0.99444622,0.99642134,1.0925108377115507,"Infobox field family/Relatives: Lamprecht (Cousin) Eckhart (Cousin) Cornelius (Cousin) Rozemyne (Cousin) Nikolaus (Cousin) Previous Count Leisegang (Great-Grandfather, Deceased) | Infobox field family/Relatives: Traugott (Cousin) Previous Count Leisegang (Great-Grandfather, Deceased) Siegrecht (Nephew)"
Raublut,Trauerqual,service_retainer,directed,2,0.9943887499999999,0.9960736,1.0924477004633208,Infobox field occupation: Prisoner Sovereign Knight's Order Commander (Former) Zent Trauerqual's Retainer (Former) Third Prince's Retainer (Former) Gervasio's Retainer (Former) | His position as the trusted knight commander who has served Zent Trauerqual faithfully for a long time helped him a great deal in his clandestine scheming on behalf of Gervasio.
Nikolaus,Previous Count Leisegang,family,undirected,2,0.99434988,0.9961898,1.0924049974036603,"Infobox field family/Relatives: Traugott (Cousin) Previous Count Leisegang (Great-Grandfather, Deceased) Siegrecht (Nephew) | Infobox field family/Offspring: Karstedt (Grandson) Count Leisegang (Grandson) Leberecht (Grandson) Claudio (Grandson) Elvira (Granddaughter) Eckhart (Great-Grandson) Lamprecht (Great-Grandson) Cornelius (Great-Grandson) Rozemyne (Great-Granddaughter) Traugott (Great-Grandson) Nikolaus (Great-Grandson) Oliswalt (Great-Grandson) Leberecht's Middle Son (Great-Grandson) Hartmut (Great-Grandson) Leonore (Great-Granddaughter) Brunhilde (Great-Granddaughter) Bertilde (Great-Granddaughter)"
Lamprecht,Previous Count Leisegang,family,undirected,2,0.9942352999999999,0.9959449,1.0922791184076246,"Infobox field family/Relatives: Traugott (Cousin) Previous Count Leisegang (Great-Grandfather, Deceased) | Infobox field family/Offspring: Karstedt (Grandson) Count Leisegang (Grandson) Leberecht (Grandson) Claudio (Grandson) Elvira (Granddaughter) Eckhart (Great-Grandson) Lamprecht (Great-Grandson) Cornelius (Great-Grandson) Rozemyne (Great-Granddaughter) Traugott (Great-Grandson) Nikolaus (Great-Grandson) Oliswalt (Great-Grandson) Leberecht's Middle Son (Great-Grandson) Hartmut (Great-Grandson) Leonore (Great-Granddaughter) Brunhilde (Great-Granddaughter) Bertilde (Great-Granddaughter)"
Codenest,Raufereg,family,undirected,2,0.99419338,0.99568236,1.0922330645804839,Infobox field family/Relatives: Hildebrand (Cousin) Kenntrips (Cousin) Rasantark (Cousin) Reginald (Cousin) Codenest (Cousin) | Infobox field family/Relatives: Lestilaut (Cousin) Hannelore (Cousin) Lungtase (Cousin) Raufereg (Cousin) Kenntrips (Cousin) Rasantark (Cousin) Reginald (Cousin)
Clarissa,Rozemyne,service_retainer,directed,2,0.994141975,0.9975908,1.0921765904157847,"As a graduate of the Royal Academy, she's now an adult archscholar who will continue to be Rozemyne's retainer in Alexandria. | Infobox field occupation: Rozemyne's Retainer Scholar Royal Academy Student (Former)"
Rozemyne,Traugott,family,undirected,2,0.99406281,0.99645126,1.0920896187739524,"Infobox field family/Relatives: Lamprecht (Cousin) Eckhart (Cousin) Cornelius (Cousin) Rozemyne (Cousin) Nikolaus (Cousin) Previous Count Leisegang (Great-Grandfather, Deceased) | Infobox field family/Relatives: Detlinde (Cousin, Adoptive) Rudiger (Cousin, Adoptive) Traugott (Cousin, Baptismal) Previous Count Leisegang (Great-Grandfather, Baptismal, Deceased) Siegrecht (Nephew, Baptismal) Deid's Mother (Distant Cousin,Biological)"
Bezewanst,Melchior,family,undirected,2,0.99404065,0.9958587,1.0920652735256355,"Infobox field family/Relatives: Sylvester (Nephew) Georgine (Niece) Florencia (Niece-in-law) Ferdinand (Nephew-in-law) Wilfried (Great nephew) Rozemyne (Great niece through adoption) Charlotte (Great niece) Melchior (Great nephew) Detlinde (Great niece) Elvira (Cousin) | Infobox field family/Relatives: Bonifatius (Granduncle) Bezewanst (Granduncle, Deceased) Detlinde (Cousin) Rudiger (Cousin)"
Detlinde,Ferdinand,romantic,undirected,2,0.9939179149999999,0.99441916,1.0919304353463857,"Infobox field family/Spouse: Ferdinand (Engaged, Cancelled) | Infobox field family/Spouse: Rozemyne (Engaged) Detlinde (Engaged, Cancelled)"
Strahl,Rozemyne,service_retainer,directed,2,0.993902955,0.99473876,1.0919140001065473,"After the Lanzenave invasion was defeated and the founding of Alexandria, Strahl joins Rozemyne's service as Aub Alexandria and is reinstated as the Knight Commander. | Infobox field occupation: Alexandria's Knight's Commander Rozemyne's Retainer Ferdinand's Retainer (Former) Ahrensbach Knight Commander (Former) Gieselfried's Retainer (Former) Knight"
Melchior,Rudiger,family,undirected,2,0.993858,0.9941533,1.0918646119911102,"Infobox field family/Relatives: Bonifatius (Granduncle) Bezewanst (Granduncle, Deceased) Detlinde (Cousin) Rudiger (Cousin) | Infobox field family/Relatives: Wilfried (Cousin) Charlotte (Cousin) Melchior (Cousin) Henrietta (Cousin) Detlinde (Cousin) Rozemyne (Adoptive Cousin) Bonifatius (Great Uncle) Bezewanst (Great Uncle, Deceased)"
Detlinde,Melchior,family,undirected,2,0.99382455,0.9942521,1.0918278634100544,"Infobox field family/Relatives: Wilfried (Cousin) Charlotte (Cousin) Melchior (Cousin) Henriette (Cousin) Rudiger (Cousin) Rozemyne (Cousin, Adoptive) Aurelia (Cousin) Martina (Cousin) Letizia (Niece) Benedikta (Niece) Bezewanst (Granduncle, Deceased) | Infobox field family/Relatives: Bonifatius (Granduncle) Bezewanst (Granduncle, Deceased) Detlinde (Cousin) Rudiger (Cousin)"
Eckhart,Previous Count Leisegang,family,undirected,2,0.99374665,0.9949773,1.091742281512767,"Infobox field family/Relatives: Traugott (Cousin) Previous Count Leisegang (Great-Grandfather, Deceased) Siegrecht (Nephew) | Infobox field family/Offspring: Karstedt (Grandson) Count Leisegang (Grandson) Leberecht (Grandson) Claudio (Grandson) Elvira (Granddaughter) Eckhart (Great-Grandson) Lamprecht (Great-Grandson) Cornelius (Great-Grandson) Rozemyne (Great-Granddaughter) Traugott (Great-Grandson) Nikolaus (Great-Grandson) Oliswalt (Great-Grandson) Leberecht's Middle Son (Great-Grandson) Hartmut (Great-Grandson) Leonore (Great-Granddaughter) Brunhilde (Great-Granddaughter) Bertilde (Great-Granddaughter)"
Raufereg,Rasantark,service_retainer,directed,2,0.993723005,0.99396086,1.0917163048252014,If Rasantark wins: Raufereg would be demoted to an archnoble and his retainers would be dismissed. | If Raufereg wins: Rasantark and Kenntrips would lose their retainerships to Lestilaut and their suitor statuses.
Bertilde,Previous Count Leisegang,family,undirected,2,0.993652285,0.99407107,1.091638610964147,"Infobox field family/Relatives: Previous Count Leisegang (Great-Great-Grandfather, Deceased) First Count Groschel (Great-Grandfather) Bezewanst (Granduncle) Veronica (Grandaunt) | Infobox field family/Offspring: Karstedt (Grandson) Count Leisegang (Grandson) Leberecht (Grandson) Claudio (Grandson) Elvira (Granddaughter) Eckhart (Great-Grandson) Lamprecht (Great-Grandson) Cornelius (Great-Grandson) Rozemyne (Great-Granddaughter) Traugott (Great-Grandson) Nikolaus (Great-Grandson) Oliswalt (Great-Grandson) Leberecht's Middle Son (Great-Grandson) Hartmut (Great-Grandson) Leonore (Great-Granddaughter) Brunhilde (Great-Granddaughter) Bertilde (Great-Granddaughter)"
Thorsten,Wilfried,service_retainer,directed,2,0.99360815,0.9966577,1.0915901237107866,Infobox field occupation: Scholar Wilfried's Retainer | Thorsten is an Ehrenfest noble serves Wilfried as an adult archscholar.
Rudiger,Wilfried,family,undirected,2,0.9936079250000001,0.99469465,1.0915898765230216,"Infobox field family/Relatives: Bonifatius (Granduncle) Bezewanst (Granduncle) Detlinde (Cousin) Alstede (Cousin) Rudiger (Cousin) Fifth Aub Ehrenfest (Great-Grandfather) | Infobox field family/Relatives: Wilfried (Cousin) Charlotte (Cousin) Melchior (Cousin) Henrietta (Cousin) Detlinde (Cousin) Rozemyne (Adoptive Cousin) Bonifatius (Great Uncle) Bezewanst (Great Uncle, Deceased)"
Bezewanst,Charlotte,family,undirected,2,0.99359975,0.995695,1.0915808953675616,"Infobox field family/Relatives: Sylvester (Nephew) Georgine (Niece) Florencia (Niece-in-law) Ferdinand (Nephew-in-law) Wilfried (Great nephew) Rozemyne (Great niece through adoption) Charlotte (Great niece) Melchior (Great nephew) Detlinde (Great niece) Elvira (Cousin) | Infobox field family/Relatives: Bonifatius (Granduncle) Bezewanst (Granduncle, Deceased) Detlinde (Cousin) Rudiger (Cousin)"
Codenest,Rasantark,family,undirected,2,0.99354472,0.99358034,1.0915204387333164,Infobox field family/Relatives: Lestilaut (Cousin) Hannelore (Cousin) Lungtase (Cousin) Raufereg (Cousin) Kenntrips (Cousin) Rasantark (Cousin) Reginald (Cousin) | Infobox field family/Relatives: Lestilaut (Cousin) Hannelore (Cousin) Raufereg (Cousin) Codenest
Cornelius,Previous Count Leisegang,family,undirected,2,0.9935400999999999,0.9945746,1.0915153631445427,"Infobox field family/Relatives: Traugott (Cousin) Previous Count Leisegang (Great-Grandfather, Deceased) Siegrecht (Nephew) | Infobox field family/Offspring: Karstedt (Grandson) Count Leisegang (Grandson) Leberecht (Grandson) Claudio (Grandson) Elvira (Granddaughter) Eckhart (Great-Grandson) Lamprecht (Great-Grandson) Cornelius (Great-Grandson) Rozemyne (Great-Granddaughter) Traugott (Great-Grandson) Nikolaus (Great-Grandson) Oliswalt (Great-Grandson) Leberecht's Middle Son (Great-Grandson) Hartmut (Great-Grandson) Leonore (Great-Granddaughter) Brunhilde (Great-Granddaughter) Bertilde (Great-Granddaughter)"
Charlotte,Rudiger,family,undirected,2,0.993401785,0.9934356,1.0913634085858355,"Infobox field family/Relatives: Bonifatius (Granduncle) Bezewanst (Granduncle, Deceased) Detlinde (Cousin) Rudiger (Cousin) | Infobox field family/Relatives: Wilfried (Cousin) Charlotte (Cousin) Melchior (Cousin) Henrietta (Cousin) Detlinde (Cousin) Rozemyne (Adoptive Cousin) Bonifatius (Great Uncle) Bezewanst (Great Uncle, Deceased)"
Hannelore,Reginald,family,undirected,2,0.99332729,0.99371225,1.0912815674633911,Infobox field family/Relatives: Hildebrand (Cousin) Rasantark (Cousin) Kenntrips (Cousin) Codenest (Cousin) Reginald (Cousin) | Infobox field family/Relatives: Lestilaut (Cousin) Hannelore (Cousin) Hildebrand (Cousin) Raufereg (Cousin) Lungtase (Cousin)
Hartmut,Previous Count Leisegang,family,undirected,2,0.993159975,0.9937483,1.0910977531483126,"Infobox field family/Relatives: Previous Count Leisegang (Great-Grandfather, Deceased) | Infobox field family/Offspring: Karstedt (Grandson) Count Leisegang (Grandson) Leberecht (Grandson) Claudio (Grandson) Elvira (Granddaughter) Eckhart (Great-Grandson) Lamprecht (Great-Grandson) Cornelius (Great-Grandson) Rozemyne (Great-Granddaughter) Traugott (Great-Grandson) Nikolaus (Great-Grandson) Oliswalt (Great-Grandson) Leberecht's Middle Son (Great-Grandson) Hartmut (Great-Grandson) Leonore (Great-Granddaughter) Brunhilde (Great-Granddaughter) Bertilde (Great-Granddaughter)"
Georgine,Karstedt,family,undirected,2,0.99314535,0.99359185,1.091081685943591,"Infobox field family/Relatives: Karstedt (Cousin) Wilfried (Nephew) Rozemyne (Niece, Adoptive) Charlotte (Niece) Melchior (Nephew) Henrietta (Niece) Rudiger (Nephew) Aurelia (Niece) Martina (Niece) Benedikta (Granddaughter) | Infobox field family/Relatives: Sylvester (Cousin) Ferdinand (Cousin) Georgine (Cousin) Constanze (Cousin) Traugott (Nephew)"
Rasantark,Raufereg,family,undirected,2,0.993073725,0.99459535,1.091002997838415,Infobox field family/Relatives: Hildebrand (Cousin) Kenntrips (Cousin) Rasantark (Cousin) Reginald (Cousin) Codenest (Cousin) | Infobox field family/Relatives: Lestilaut (Cousin) Hannelore (Cousin) Raufereg (Cousin) Codenest
Wilma,Rozemyne,service_retainer,directed,2,0.993063015,0.99696773,1.0909912317008035,"Wilma (ヴィルマ, Viruma) is a gray shrine maiden who serves as one of Rozemyne’s attendants at the Ehrenfest temple. | Infobox field occupation: Rozemyne's attendant Managing the orphanage Christine's Attendant (Former)"
Bezewanst,Elvira,family,undirected,2,0.9930493300000001,0.99657226,1.0909761971916332,"Infobox field family/Relatives: Sylvester (Nephew) Georgine (Niece) Florencia (Niece-in-law) Ferdinand (Nephew-in-law) Wilfried (Great nephew) Rozemyne (Great niece through adoption) Charlotte (Great niece) Melchior (Great nephew) Detlinde (Great niece) Elvira (Cousin) | Infobox field family/Uncle: Adelbert (In-Law, Deceased) Bezewanst (Cousin)"
Hannelore,Kenntrips,family,undirected,2,0.992973805,0.99462885,1.0908932244985314,Infobox field family/Relatives: Lestilaut (Cousin) Hannelore (Cousin) Lungtase (Cousin) Raufereg (Cousin) Codenest (Cousin) | Infobox field family/Relatives: Hildebrand (Cousin) Rasantark (Cousin) Kenntrips (Cousin) Codenest (Cousin) Reginald (Cousin)
Constanze,Karstedt,family,undirected,2,0.9927802,0.9933143,1.0906805276663838,"Infobox field family/Relatives: Sylvester (Cousin) Ferdinand (Cousin) Georgine (Cousin) Constanze (Cousin) Traugott (Nephew) | Infobox field family/Relatives: Karstedt (Cousin) Wilfried (Nephew) Melchior (Nephew) Charlotte (Niece) Henriette (Niece) Detlinde (Niece) Rozemyne (Niece, through adoption) Detlinde (Niece) Alstede (Niece) Wolfram (Nephew, Deceased)"
Bonifatius,Irmhilde,family,undirected,2,0.99277785,0.9938658,1.0906779459275053,"Infobox field family/Sister: Irmhilde (Half-Sister, Deceased) Veronica (In-Law) Unnamed Younger Sister (Deceased) | Apart from his brother, Bonifatius had two sisters, Irmhilde and an unnamed girl."
Leonore,Previous Count Leisegang,family,undirected,2,0.99272728,0.9927851,1.0906223891040674,"Infobox field family/Relatives: Previous Count Leisegang (Great-Grandfather, Deceased) Hartmut (Cousin) | Infobox field family/Offspring: Karstedt (Grandson) Count Leisegang (Grandson) Leberecht (Grandson) Claudio (Grandson) Elvira (Granddaughter) Eckhart (Great-Grandson) Lamprecht (Great-Grandson) Cornelius (Great-Grandson) Rozemyne (Great-Granddaughter) Traugott (Great-Grandson) Nikolaus (Great-Grandson) Oliswalt (Great-Grandson) Leberecht's Middle Son (Great-Grandson) Hartmut (Great-Grandson) Leonore (Great-Granddaughter) Brunhilde (Great-Granddaughter) Bertilde (Great-Granddaughter)"
Kenntrips,Lungtase,family,undirected,2,0.992710925,0.99505675,1.0906044213000863,Infobox field family/Relatives: Lestilaut (Cousin) Hannelore (Cousin) Lungtase (Cousin) Raufereg (Cousin) Codenest (Cousin) | Infobox field family/Relatives: Hildebrand (Cousin) Kenntrips (Cousin) Rasantark (Cousin)
Karstedt,Sylvester,family,undirected,2,0.992650485,0.9953425,1.090538021173359,"Infobox field family/Relatives: Karstedt (Cousin) Detlinde (Niece) Alstede (Niece) Wolfram (Nephew, Deceased) Rudiger (Nephew) | Infobox field family/Relatives: Sylvester (Cousin) Ferdinand (Cousin) Georgine (Cousin) Constanze (Cousin) Traugott (Nephew)"
Detlinde,Rozemyne,family,undirected,2,0.9926001149999999,0.99436593,1.090482684072379,"Infobox field family/Relatives: Wilfried (Cousin) Charlotte (Cousin) Melchior (Cousin) Henriette (Cousin) Rudiger (Cousin) Rozemyne (Cousin, Adoptive) Aurelia (Cousin) Martina (Cousin) Letizia (Niece) Benedikta (Niece) Bezewanst (Granduncle, Deceased) | Infobox field family/Relatives: Detlinde (Cousin, Adoptive) Rudiger (Cousin, Adoptive) Traugott (Cousin, Baptismal) Previous Count Leisegang (Great-Grandfather, Baptismal, Deceased) Siegrecht (Nephew, Baptismal) Deid's Mother (Distant Cousin,Biological)"
Rozemyne,Rudiger,family,undirected,2,0.992554665,0.99357647,1.090432752143859,"Infobox field family/Relatives: Wilfried (Cousin) Charlotte (Cousin) Melchior (Cousin) Henrietta (Cousin) Detlinde (Cousin) Rozemyne (Adoptive Cousin) Bonifatius (Great Uncle) Bezewanst (Great Uncle, Deceased) | Infobox field family/Relatives: Detlinde (Cousin, Adoptive) Rudiger (Cousin, Adoptive) Traugott (Cousin, Baptismal) Previous Count Leisegang (Great-Grandfather, Baptismal, Deceased) Siegrecht (Nephew, Baptismal) Deid's Mother (Distant Cousin,Biological)"
Magdalena,Werdekraf's Elder Brother,family,undirected,2,0.9924761799999999,0.99797136,1.0903465275583828,Werdekraf's Elder Brother is a member of Dunkelfelger's archducal family and the elder brother of Werdekraf and Magdalena. | Infobox field family/Sister: Magdalena
Aurelia,Blasius,family,undirected,2,0.99237065,0.9957105,1.0902305910035597,"Infobox field family/Relatives: Detlinde (Cousin) Wolfram (Cousin, Deceased) Alstede (Cousin) Blasius (Cousin) Letizia (Cousin, Adoptive) | Infobox field family/Relatives: Aurelia (Cousin) Martina (Cousin) Letizia (Niece)"
Fey,Sieg,family,undirected,2,0.99233273,0.99249506,1.0901889316255735,Infobox field family/Relatives: Fey (Cousin) Gunther's Father (Distant Cousin) | Infobox field family/Relatives: Zasha (Cousin) Sieg (Cousin) Ralph (Cousin) Lutz (Cousin)
Fey,Ralph,family,undirected,2,0.992296335,0.9930061,1.0901489476313273,Infobox field family/Relatives: Zasha (Cousin) Sieg (Cousin) Ralph (Cousin) Lutz (Cousin) | Infobox field family/Relatives: Fey (Cousin) Gunther's Father (Distant Cousin)
Adelbert,Irmhilde,family,undirected,2,0.992240035,0.9940003,1.0900870957594753,"Infobox field family/Sister: Irmhilde (Half-Sister, Deceased) Unnamed Woman (Half-Sister, Deceased) | At the time, Adelbert was engaged to marry his paternal half-sister Irmhilde as his second wife, at which point he intended to have Ferdinand baptized as her legitimate son."
Codenest,Hannelore,family,undirected,2,0.992179845,0.99235255,1.0900209702858203,Infobox field family/Relatives: Hildebrand (Cousin) Rasantark (Cousin) Kenntrips (Cousin) Codenest (Cousin) Reginald (Cousin) | Infobox field family/Relatives: Lestilaut (Cousin) Hannelore (Cousin) Lungtase (Cousin) Raufereg (Cousin) Kenntrips (Cousin) Rasantark (Cousin) Reginald (Cousin)
Previous Count Leisegang,Rozemyne,family,undirected,2,0.9921649,0.9925022,1.0900045515251664,"Infobox field family/Offspring: Karstedt (Grandson) Count Leisegang (Grandson) Leberecht (Grandson) Claudio (Grandson) Elvira (Granddaughter) Eckhart (Great-Grandson) Lamprecht (Great-Grandson) Cornelius (Great-Grandson) Rozemyne (Great-Granddaughter) Traugott (Great-Grandson) Nikolaus (Great-Grandson) Oliswalt (Great-Grandson) Leberecht's Middle Son (Great-Grandson) Hartmut (Great-Grandson) Leonore (Great-Granddaughter) Brunhilde (Great-Granddaughter) Bertilde (Great-Granddaughter) | Infobox field family/Relatives: Detlinde (Cousin, Adoptive) Rudiger (Cousin, Adoptive) Traugott (Cousin, Baptismal) Previous Count Leisegang (Great-Grandfather, Baptismal, Deceased) Siegrecht (Nephew, Baptismal) Deid's Mother (Distant Cousin,Biological)"
Adelbert,Rozemyne,family,undirected,2,0.992160275,0.9936417,1.0899994704433311,"Infobox field family/Offspring: Wilfried (Grandson) Rozemyne (Granddaughter, through Adoption) Charlotte (Granddaughter) Melchior (Grandson) Henriette (Granddaughter) Rudiger (Grandson) Detlinde (Granddaughter) Alstede (Granddaughter) Benedikta (Great-Granddaugher) | Infobox field family/Grandfather: Bonifatius (Baptismal) Adelbert (Adoptive, Deceased)"
Hildebrand,Reginald,family,undirected,2,0.99208368,0.99338996,1.0899153222350806,Infobox field family/Relatives: Lestilaut (Cousin) Hannelore (Cousin) Hildebrand (Cousin) Raufereg (Cousin) Lungtase (Cousin) | Infobox field family/Relatives: Eglantine (Cousin) Lestilaut (Cousin) Hannelore (Cousin) Reginald (Cousin) Kenntrips (Cousin) Rasantark (Cousin) Raufereg (Cousin) Lungtase (Cousin) Nahelache's Son (Half-Nephew) Stephareine (Half-Niece)
Ferdinand,Karstedt,family,undirected,2,0.9920271,0.9921548,1.0898531627517878,"Infobox field family/Relatives: Sylvester (Cousin) Ferdinand (Cousin) Georgine (Cousin) Constanze (Cousin) Traugott (Nephew) | Infobox field family/Relatives: Karstedt (Cousin) Wilfried (Nephew) Rozemyne (Niece, Through Adoption) Charlotte (Niece) Melchior (Nephew) Henriette (Niece) Detlinde (Niece) Rudiger (Nephew)"
Georgine,Rudiger,family,undirected,2,0.9920011,0.9946964,1.0898245988322823,"Infobox field family/Relatives: Karstedt (Cousin) Wilfried (Nephew) Rozemyne (Niece, Adoptive) Charlotte (Niece) Melchior (Nephew) Henrietta (Niece) Rudiger (Nephew) Aurelia (Niece) Martina (Niece) Benedikta (Granddaughter) | Infobox field family/Aunt: Florencia Georgine (Deceased)"
Immanuel,Raublut,enemy_rival,undirected,2,0.9919631499999999,0.9943363,1.0897829064959275,"Especially talks between Immanuel and the Sovereign Knight's Commander Raublut tend to escalate into acidic verbal spats. | Due to Relichion refusing to cooperate with Raublut, the Sovereign Knight's Commander has him assassinated with poison, which results in Immanuel being promoted to Sovereign High Bishop."
Brunhilde,Previous Count Leisegang,family,undirected,2,0.991957515,0.99281377,1.0897767158156808,"Infobox field family/Offspring: Karstedt (Grandson) Count Leisegang (Grandson) Leberecht (Grandson) Claudio (Grandson) Elvira (Granddaughter) Eckhart (Great-Grandson) Lamprecht (Great-Grandson) Cornelius (Great-Grandson) Rozemyne (Great-Granddaughter) Traugott (Great-Grandson) Nikolaus (Great-Grandson) Oliswalt (Great-Grandson) Leberecht's Middle Son (Great-Grandson) Hartmut (Great-Grandson) Leonore (Great-Granddaughter) Brunhilde (Great-Granddaughter) Bertilde (Great-Granddaughter) | Infobox field family/Relatives: Previous Count Leisegang (Great-Great-Grandfather, Deceased) First Count Groschel (Great-Grandfather) Bezewanst (Granduncle, Disowned) Veronica (Grandaunt)"
Adelbert,Rudiger,family,undirected,2,0.9919079749999999,0.9947621,1.0897222905629003,"Infobox field family/Offspring: Wilfried (Grandson) Rozemyne (Granddaughter, through Adoption) Charlotte (Granddaughter) Melchior (Grandson) Henriette (Granddaughter) Rudiger (Grandson) Detlinde (Granddaughter) Alstede (Granddaughter) Benedikta (Great-Granddaugher) | Infobox field family/Grandfather: Adelbert (Deceased)"
Hildebrand,Raufereg,family,undirected,2,0.9918759,0.9923804,1.0896870525737412,Infobox field family/Relatives: Hildebrand (Cousin) Kenntrips (Cousin) Rasantark (Cousin) Reginald (Cousin) Codenest (Cousin) | Infobox field family/Relatives: Eglantine (Cousin) Lestilaut (Cousin) Hannelore (Cousin) Reginald (Cousin) Kenntrips (Cousin) Rasantark (Cousin) Raufereg (Cousin) Lungtase (Cousin) Nahelache's Son (Half-Nephew) Stephareine (Half-Niece)
Marianne,Charlotte,service_retainer,directed,2,0.99181355,0.9946672,1.0896185540975427,"Marianne (マリアンネ, Marianne) is an Ehrenfest apprentice archscholar and one of Charlotte's retainers. | Infobox field occupation: Charlotte's Retainer Apprentice Scholar Royal Academy Student"
Bezewanst,Irmhilde,family,undirected,2,0.99156165,0.9935622,1.0893418136620272,"Infobox field family/Sister: Veronica Irmhilde (Half-Sister, Deceased) Unnamed Woman (Half-Sister, In-Law, Deceased) | Infobox field family/Sister: Veronica (Half-Sister, In-Law) Bezewanst (Half-Brother, In-Law, Deceased)"
Count Leisegang,Previous Count Leisegang,family,undirected,2,0.991115065,0.9923544,1.0888511898930924,Infobox field family/Offspring: Karstedt (Grandson) Count Leisegang (Grandson) Leberecht (Grandson) Claudio (Grandson) Elvira (Granddaughter) Eckhart (Great-Grandson) Lamprecht (Great-Grandson) Cornelius (Great-Grandson) Rozemyne (Great-Granddaughter) Traugott (Great-Grandson) Nikolaus (Great-Grandson) Oliswalt (Great-Grandson) Leberecht's Middle Son (Great-Grandson) Hartmut (Great-Grandson) Leonore (Great-Granddaughter) Brunhilde (Great-Granddaughter) Bertilde (Great-Granddaughter) | Infobox field family/Grandfather: Previous Count Leisegang (Deceased)
Monika,Nicola,friend_ally,undirected,2,0.9910561,0.9940878,1.088786410219491,She is a close friend of Monika. | She is a close friend of Nicola.
Benno,Hasse's Mayor,enemy_rival,undirected,2,0.9908086,0.9911855,1.0885145036780457,"Rozemyne, after meeting with Benno decides to spread rumors through the merchants to spread unease and to turn the town against him. | Unaware of Bezewanst's demise, Hasse's mayor is very uncooperative and exceptionally rude to Benno, believing that his connection to the High Priest will shield him from any consequence for his actions."
Claudio,Previous Count Leisegang,family,undirected,2,0.99076668,0.9923429,1.0884684498509047,"Infobox field family/Offspring: Karstedt (Grandson) Count Leisegang (Grandson) Leberecht (Grandson) Claudio (Grandson) Elvira (Granddaughter) Eckhart (Great-Grandson) Lamprecht (Great-Grandson) Cornelius (Great-Grandson) Rozemyne (Great-Granddaughter) Traugott (Great-Grandson) Nikolaus (Great-Grandson) Oliswalt (Great-Grandson) Leberecht's Middle Son (Great-Grandson) Hartmut (Great-Grandson) Leonore (Great-Granddaughter) Brunhilde (Great-Granddaughter) Bertilde (Great-Granddaughter) | Infobox field family/Relatives: Previous Count Leisegang (Grandfather, Deceased) Count Groschel (Cousin) Eckhart (Nephew) Lamprecht (Nephew) Cornelius (Nephew) Rozemyne (Niece)"
Arthur,Trauerqual,service_retainer,directed,2,0.9907400900000001,0.99746263,1.088439237750149,"Originally born in Gilessenmeyer, Arthur managed to become a Sovereign Noble under the rule of Zent Trauerqual and was eventually assigned to be the head attendant of the Zent's third son, Prince Hildebrand. | Following the abdication of Trauerqual from the position of Zent and his entire family moving to the newly created duchy of Blumenfeld, it is unknown whether he moved to Blumenfeld and continued to serve Hildebrand as an archduke candidate or if he was dismissed as a retainer as his lord was exploited by Raublut."
Leberecht,Previous Count Leisegang,family,undirected,2,0.99055,0.9921787,1.088230402540196,Infobox field family/Offspring: Karstedt (Grandson) Count Leisegang (Grandson) Leberecht (Grandson) Claudio (Grandson) Elvira (Granddaughter) Eckhart (Great-Grandson) Lamprecht (Great-Grandson) Cornelius (Great-Grandson) Rozemyne (Great-Granddaughter) Traugott (Great-Grandson) Nikolaus (Great-Grandson) Oliswalt (Great-Grandson) Leberecht's Middle Son (Great-Grandson) Hartmut (Great-Grandson) Leonore (Great-Granddaughter) Brunhilde (Great-Granddaughter) Bertilde (Great-Granddaughter) | Infobox field family/Grandfather: Previous Count Leisegang (Deceased)
Rosina,Myne,service_retainer,directed,2,0.9905421999999999,0.9966689,1.0882218333643445,"A gifted harspiel player, Rosina serves as Myne's attendant and music teacher at the temple. | Infobox field occupation: Rozemyne's personal musician Myne's Attendant (Former)"
Theodore,Rozemyne,service_retainer,directed,2,0.99051278,0.992101,1.0881895121908118,"As was decided the year prior, upon his entry into the Royal Academy, Theodore entered Lady Rozemyne's service as a temporary guard knight until the time when he graduates from the Royal Academy, at which point he will be allowed to retire to serve Giebe Kirnberger. | Infobox field occupation: Royal Academy Student Rozemyne's guard knight (Former)"
Heileind,Tollkuehnheit,family,undirected,2,0.9904901500000001,0.9963121,1.0881646505947193,"He was a Royal Family member of the ancient past, being the son of Aeussewahl and the brother of Heileind. | He was the son of Aeussewahl and the brother of Tollkuehnheit."
Gabriele,Sylvester,family,undirected,2,0.9904688,0.99608684,1.0881411952223563,"Infobox field family/Offspring: Constanze (Granddaughter) Georgine (Granddaughter) Sylvester (Grandson) Wilfried (Great-Grandson) Rozemyne (Great-Granddaugther, through Adoption) Charlotte (Great-Granddaughter) Melchior (Great-Grandson) Henrietta (Great-Granddaughter) Detlinde (Great-Granddaughter) Rudiger (Great-Grandson) Alstede (Great-Granddaughter) Wolfram (Great-Grandson, Deceased) | Infobox field family/Grandmother: Gabriele (Deceased)"
Hortensia,Waldifried,service_retainer,directed,2,0.99036324,0.99587655,1.0880252257091645,"Infobox field occupation: Librarian Prince Waldifried's Retainer (Former) Third Prince's Retainer (Former) | Hortensia was originally born in Klassenberg, but managed to be recruited into the Sovereignty, where she became a scholar retainer to the king's second son Prince Waldifried."
Cornelius,Leonore,romantic,undirected,2,0.990292975,0.99350715,1.0879480317167012,Infobox field family/Spouse: Leonore (Engaged) | Infobox field family/Spouse: Cornelius (Engaged)
Constanze,Rozemyne,family,undirected,2,0.9901819999999999,0.994311,1.087826113217966,"Infobox field family/Relatives: Karstedt (Cousin) Wilfried (Nephew) Melchior (Nephew) Charlotte (Niece) Henriette (Niece) Detlinde (Niece) Rozemyne (Niece, through adoption) Detlinde (Niece) Alstede (Niece) Wolfram (Nephew, Deceased) | Infobox field family/Aunt: Georgine (Adoptive) Constanze(Adoptive) Gudrun (Baptismal)"
Urano Motosu,Urano Motosu's Mother,family,undirected,2,0.990143625,0.99046665,1.0877839539713887,"Infobox field family/Daughter: Urano Motosu | Urano Motosu's Mother was the mother of Urano Motosu, who later became Myne."
Ferdinand,Magdalena,enemy_rival,undirected,2,0.99011207,0.99395424,1.0877492872606198,"With even more rage against the traitor, she sets off alongside the Dunkelfelger knights and makes for the auditorium, where the last remains of the enemy troops still at large in the Royal Academy are concentrated and locked in a battle with Ahrensbach and Ehrenfest forces led by Rozemyne and Ferdinand, as well as Anastasius and his personal guards. | During her time at the Royal Academy, a large group of Dunkelfelger knights made it their goal to rescue Ferdinand from the deprivations he had to suffer at the hands of Lady Veronica and her faction by marrying him into their own duchy."
Curtiss,Immanuel,service_retainer,directed,2,0.99007915,0.9985656,1.0877131209440767,Curtiss is a sovereign blue priest who served Relichion prior to becoming Immanuel's attendant after the latter became the Sovereign High Bishop. | Curtiss becomes Immanuel's attendant and works in the Sovereign High Bishop's office after Immanuel's succeeds as the new Sovereign High Bishop.
Claudio,Rozemyne,family,undirected,2,0.98987295,0.9913668,1.0874865870901533,"Infobox field family/Relatives: Previous Count Leisegang (Grandfather, Deceased) Count Groschel (Cousin) Eckhart (Nephew) Lamprecht (Nephew) Cornelius (Nephew) Rozemyne (Niece) | Infobox field family/Grandmother: Veronica (Adoptive)|family/Uncle=Ferdinand (Adoptive) Claudio (Baptismal)"
Kamil,Tuuli,family,undirected,2,0.98986555,0.997442,1.0874784573592173,"Tuuli (トゥーリ, Tuuri) is the oldest daughter of Gunther and Effa, as well as the older sister of Myne and Kamil. | Infobox field family/Sister: Tuuli Myne (Officially Deceased)"
Heidemarie,Ferdinand,service_retainer,directed,2,0.9898302999999999,0.9942484,1.0874397312760415,Infobox field occupation: Scholar Ferdinand's Retainer | She was a scholar and like her future husband worked as Ferdinand's retainer.
Hannelore,Rasantark,family,undirected,2,0.98964765,0.9898258,1.0872390697415164,Infobox field family/Relatives: Hildebrand (Cousin) Rasantark (Cousin) Kenntrips (Cousin) Codenest (Cousin) Reginald (Cousin) | Infobox field family/Relatives: Lestilaut (Cousin) Hannelore (Cousin) Raufereg (Cousin) Codenest
Karstedt,Previous Count Leisegang,family,undirected,2,0.98963025,0.9914991,1.0872199538876937,Infobox field family/Offspring: Karstedt (Grandson) Count Leisegang (Grandson) Leberecht (Grandson) Claudio (Grandson) Elvira (Granddaughter) Eckhart (Great-Grandson) Lamprecht (Great-Grandson) Cornelius (Great-Grandson) Rozemyne (Great-Granddaughter) Traugott (Great-Grandson) Nikolaus (Great-Grandson) Oliswalt (Great-Grandson) Leberecht's Middle Son (Great-Grandson) Hartmut (Great-Grandson) Leonore (Great-Granddaughter) Brunhilde (Great-Granddaughter) Bertilde (Great-Granddaughter) | Infobox field family/Grandfather: Previous Count Leisegang (Deceased)
Hildebrand,Lungtase,family,undirected,2,0.9896287349999999,0.99157387,1.0872182894900762,Infobox field family/Relatives: Eglantine (Cousin) Lestilaut (Cousin) Hannelore (Cousin) Reginald (Cousin) Kenntrips (Cousin) Rasantark (Cousin) Raufereg (Cousin) Lungtase (Cousin) Nahelache's Son (Half-Nephew) Stephareine (Half-Niece) | Infobox field family/Relatives: Hildebrand (Cousin) Kenntrips (Cousin) Rasantark (Cousin)
Adelbert,Detlinde,family,undirected,2,0.9895786,0.9949338,1.0871632105629838,"Infobox field family/Offspring: Wilfried (Grandson) Rozemyne (Granddaughter, through Adoption) Charlotte (Granddaughter) Melchior (Grandson) Henriette (Granddaughter) Rudiger (Grandson) Detlinde (Granddaughter) Alstede (Granddaughter) Benedikta (Great-Granddaugher) | Infobox field family/Grandfather: Adelbert (Deceased)"
Jenni,Bezewanst,service_retainer,directed,2,0.98931435,0.99385494,1.0868729022657033,"Jenni (イェンニ, Ienni) was one of High Bishop Bezewanst's attendants. | Infobox field occupation: Bezewanst's Attendant"
Zahm,Shikikoza,service_retainer,directed,2,0.989208175,0.99124825,1.0867562571059541,"Prior to that, he served under Shikikoza, but returned to the orphanage for a short time after his master returned to noble society, before being taken into Ferdinand's service. | Zahm is a very calm and patient person, likely due to having to put up with serving Shikikoza."
Brunhilde,Rozemyne,service_retainer,directed,2,0.989201905,0.99975175,1.086749368806904,"Brunhilde (ブリュンヒルデ, Buryunhirude) was an archnoble attendant who served as Rozemyne's retainer. | Infobox field occupation: Sylvester's Second Wife (Future) Rozemyne's Retainer (Former) Attendant"
Gabriele,Gieselfried,family,undirected,2,0.989157235,0.99405307,1.0867002937959693,"Infobox field family/Relatives: Gieselfried (Nephew) Brother of Gieselfried (Nephew) Georgine(Niece, In-Law) Adelbert (Nephew, In-Law, Deceased) Bonifatius (Nephew, In-Law) Irmhilde (Niece, In-Law, Deceased) Unnamed Woman (Adelbert's half-sister) (Niece, In-Law, Deceased) | Infobox field family/Aunt: Gabriele (Deceased)"
Irmhilde,Veronica,family,undirected,2,0.98903073,0.990204,1.0865613138483914,"Infobox field family/Sister: Irmhilde (In-Law, Deceased) Unnamed Woman (Half-Sister, In-Law, Deceased) | Infobox field family/Sister: Veronica (Half-Sister, In-Law) Bezewanst (Half-Brother, In-Law, Deceased)"
Monika,Rozemyne,service_retainer,directed,2,0.988660755,0.99802715,1.0861548547668913,"Monika (モニカ, Monika) is a gray shrine maiden, who served as one of Rozemyne's attendants at the Ehrenfest Temple. | Infobox field occupation: Rozemyne's Attendant"
Philine,Rozemyne,service_retainer,directed,2,0.98862722,0.99850684,1.0861180128037908,"Philine (フィリーネ, Firiine) is an apprentice layscholar who serves as one of Rozemyne's retainers and the current orphanage director. | Infobox field occupation: Orphanage Director Apprentice Blue Shrine Maiden Rozemyne's Retainer Apprentice Scholar"
Wilma,Christine,service_retainer,directed,2,0.988607475,0.9927878,1.0860963207041512,"Infobox field occupation: Rozemyne's attendant Managing the orphanage Christine's Attendant (Former) | Along with Rosina, Wilma was a former attendant of the blue shrine maiden apprentice Christine when she was a priestess in the temple."
Karstedt,Traugott,family,undirected,2,0.9883442499999999,0.9943072,1.0858071384844663,"Infobox field family/Relatives: Sylvester (Cousin) Ferdinand (Cousin) Georgine (Cousin) Constanze (Cousin) Traugott (Nephew) | Traugott is the son of Karstedt's younger brother and Gudrun, Rihyarda's daughter."
Rozemyne,Wilfried,romantic,undirected,2,0.9882590499999999,0.98838556,1.085713536717472,"Infobox field family/Spouse: Rozemyne (Betrothed, Cancelled) | Infobox field family/Spouse: Ferdinand (Betrothed) Wilfried (Betrothed, Cancelled) Sigiswald (Betrothed, Cancelled)"
Hildebrand,Nahelache,family,undirected,2,0.9881438300000001,0.9918434,1.0855869546095716,"Infobox field family/Relatives: Eglantine (Cousin) Lestilaut (Cousin) Hannelore (Cousin) Reginald (Cousin) Kenntrips (Cousin) Rasantark (Cousin) Raufereg (Cousin) Lungtase (Cousin) Nahelache's Son (Half-Nephew) Stephareine (Half-Niece) | Infobox field family/Sister: Trauerqual's Daughter (Deceased) Eglantine (Half-Sister, In-Law) Nahelache (Half-Sister, In-Law) Adolphine (Half-Sister, In-Law, Former)"
Gudrun,Rozemyne,service_retainer,directed,2,0.988139725,0.99670225,1.0855824448061266,"When Traugott's failings as a retainer come to light, Rozemyne successfully convinces him to resign from his position instead of firing him, effectively limiting the damage done to his family's reputation. | When Rozemyne entered the Royal Academy, the family nominated Traugott to serve as one of her retainers and guard knights."
Adelbert,Wilfried,family,undirected,2,0.9878572000000001,0.9933935,1.0852720593692708,"Infobox field family/Offspring: Wilfried (Grandson) Rozemyne (Granddaughter, through Adoption) Charlotte (Granddaughter) Melchior (Grandson) Henriette (Granddaughter) Rudiger (Grandson) Detlinde (Granddaughter) Alstede (Granddaughter) Benedikta (Great-Granddaugher) | Infobox field family/Grandfather: Adelbert (Deceased)"
Aurelia,Georgine,family,undirected,2,0.9876682450000001,0.99489033,1.0850644710842654,"Infobox field family/Relatives: Karstedt (Cousin) Wilfried (Nephew) Rozemyne (Niece, Adoptive) Charlotte (Niece) Melchior (Nephew) Henrietta (Niece) Rudiger (Nephew) Aurelia (Niece) Martina (Niece) Benedikta (Granddaughter) | Infobox field family/Aunt: Georgine (Deceased)"
Adelbert,Elvira,family,undirected,2,0.987634,0.9916831,1.0850268491064399,"Infobox field family/Relatives: Karstedt (Nephew) Elvira (Niece, In-Law) Trudeliede (Niece, In-Law) Rozemary (Niece, In-Law, Deceased) Veronica (Cousin) Fourth Aub Ehrenfest (Grandfather) | Infobox field family/Uncle: Adelbert (In-Law, Deceased) Bezewanst (Cousin)"
Georgine,Rozemyne,family,undirected,2,0.9875091,0.9941099,1.0848896324315853,"Infobox field family/Relatives: Karstedt (Cousin) Wilfried (Nephew) Rozemyne (Niece, Adoptive) Charlotte (Niece) Melchior (Nephew) Henrietta (Niece) Rudiger (Nephew) Aurelia (Niece) Martina (Niece) Benedikta (Granddaughter) | Infobox field family/Aunt: Georgine (Adoptive) Constanze(Adoptive) Gudrun (Baptismal)"
Fritz,Rozemyne,service_retainer,directed,2,0.9875043299999999,0.9989196,1.0848843920509683,He was previously an attendant of Lady Rozemyne as High Bishop. | Infobox field occupation: Rozemyne's Attendant (Former) Workshop Supervisor
Lamprecht,Rozemyne,family,undirected,2,0.98746228,0.99040496,1.0848381954042299,"Lamprecht is the second son of Karstedt and Elvira, and a brother of Eckhart, Cornelius, and Rozemyne. | Infobox field family/Sister: Rozemyne Heidemarie (In-law, Deceased)"
Deid,Gunther,family,undirected,2,0.9874261,0.99044305,1.084798447611626,Infobox field family/Relatives: Fey (Nephew) Gunther's Father (Grand-Cousin) | Infobox field family/Relatives: Deid's Mother (Grand-Cousin)
Charlotte,Veronica,family,undirected,2,0.9872788,0.9934615,1.0846366220215051,"Infobox field family/Offspring: Wilfried (Grandson) Rozemyne (Granddaughter, Adoptive) Charlotte (Granddaughter) Melchior (Grandson) Henriette (Granddaughter) Wolfram (Grandson, Deceased) Detlinde (Granddaughter) Rudiger (Grandson) Alstede (Granddaughter) Benedikta (Great-Granddaugher) | Likely due to the girl's close resemblance to her mother Florencia, Veronica was very harsh to Charlotte, though thankfully she didn't go so far as to outright bully her granddaughter, like she did with so many other people, including her own half-siblings, their descendants, and Florencia herself."
Constanze,Gabriele,family,undirected,2,0.98721375,0.9959235,1.084565157292127,"Infobox field family/Offspring: Constanze (Granddaughter) Georgine (Granddaughter) Sylvester (Grandson) Wilfried (Great-Grandson) Rozemyne (Great-Granddaugther, through Adoption) Charlotte (Great-Granddaughter) Melchior (Great-Grandson) Henrietta (Great-Granddaughter) Detlinde (Great-Granddaughter) Rudiger (Great-Grandson) Alstede (Great-Granddaughter) Wolfram (Great-Grandson, Deceased) | Infobox field family/Grandmother: Gabriele (Deceased)"
Ferdinand,Sylvester,enemy_rival,undirected,2,0.987173645,0.99846363,1.0845210974462902,"Growing up, Ferdinand was routinely harassed and ostracized by his stepmother, who viewed him as a threat and rival to her own son and preferred heir, Sylvester. | In contrast, Rozemyne is mostly acting out of her own selfish desires, but is heralded as a saint. *Ferdinand set a very high mana limit for his hidden room in the temple to block out Bezewanst and Sylvester."
Hortensia,Raublut,romantic,undirected,2,0.98707593,0.99387676,1.084413746546503,"Infobox field family/Spouse: Hortensia (First Wife , Former) | To forge a stronger bond between those of Trauerqual's retainers who were formerly in the second and third princes' employ and strengthen the relationship to Klassenberg, Raublut agreed to marry Hortensia, a former Klassenberg noble and scholar of Prince Waldifried."
Constanze,Sylvester,family,undirected,2,0.98705927,0.99406874,1.0843954436657737,"Constanze's face was in large parts inherited from her father's side, making her resemble Sylvester far more than her mother or sister. | Infobox field family/Sister: Georgine Constanze"
Charlotte,Melchior,family,undirected,2,0.9866010700000001,0.9888204,1.083892059515106,"She is the sister of Wilfried, Melchior, and Henriette and the adoptive sister of Rozemyne. | Infobox field family/Sister: Rozemyne (adoptive) Charlotte Henriette"
Hannelore,Lungtase,family,undirected,2,0.9865655,0.9883052,1.083852981875998,Infobox field family/Sister: Hannelore (Half-sister) | Infobox field family/Sister: Lungtase (Half-Sister)
Irmhilde,Sylvester,family,undirected,2,0.986310775,0.9930207,1.0835731378607671,Infobox field family/Relatives: Georgine (Niece) Constanze (Niece) Sylvester (Nephew) | Infobox field family/Aunt: Irmhilde (Deceased) Unnamed Woman (Deceased)
Effa,Myne,family,undirected,2,0.9862305499999999,0.9926109,1.0834850016899087,"The two would later raise three children: her oldest daughter, Tuuli, her second daughter, Myne, and her youngest son Kamil. | Infobox field family/Mother: Effa Urano Motosu’s Mother (Former)"
Ottilie,Rozemyne,service_retainer,directed,2,0.98620945,0.9974184,1.0834618209706177,"Infobox field occupation: Attendant Rozemyne's Retainer | Ottilie (オティーリエ, Otiirie) is an Ehrenfest archattendant who served Rozemyne in the castle."
Rozemyne,Werdekraf,enemy_rival,undirected,2,0.9861461499999999,0.9957528,1.083392278812745,"Shortly after the end of Hannelore's fourth year at the Royal Academy, Ehrenfest contacts Dunkelfelger to inform them of Ahrensbach committing treason and trying to kill Ferdinand, as well as their intentions to ally with Dunkelfelger to launch an assault, or as Rozemyne words it ""true ditter,"" to steal the enemy's foundation and rescue Ferdinand. | Aub Dunkelfelger saw this as an opportunity to finally get Rozemyne to agree to a re-match for the match of Ditter the previous year in which she had personally beaten his son."
Fey,Zasha,family,undirected,2,0.98598549,0.99093974,1.0832157757624477,Infobox field family/Relatives: Zasha (Cousin) Sieg (Cousin) Ralph (Cousin) Lutz (Cousin) | Infobox field family/Relatives: Fey (Counsin) Gunther's Father (Distant Cousin)
Adelbert,Ferdinand,family,undirected,2,0.9858849000000001,0.990289,1.0831052663523306,"At the time, Adelbert was engaged to marry his paternal half-sister Irmhilde as his second wife, at which point he intended to have Ferdinand baptized as her legitimate son. | Infobox field family/Father: Adelbert (Deceased)"
Adelbert,Charlotte,family,undirected,2,0.985761125,0.994409,1.0829692856163007,"Infobox field family/Offspring: Wilfried (Grandson) Rozemyne (Granddaughter, through Adoption) Charlotte (Granddaughter) Melchior (Grandson) Henriette (Granddaughter) Rudiger (Grandson) Detlinde (Granddaughter) Alstede (Granddaughter) Benedikta (Great-Granddaugher) | Infobox field family/Grandfather: Adelbert (Deceased)"
Traugott,Rozemyne,service_retainer,directed,2,0.98543471,0.99588805,1.082610682086095,"Infobox field occupation: Apprentice Knight Royal Academy Student Rozemyne's Retainer (Former) | He previously served as one of Rozemyne’s retainers, but later resigned."
Georgine,Melchior,family,undirected,2,0.985020315,0.9945503,1.0821554226467325,"Infobox field family/Relatives: Karstedt (Cousin) Wilfried (Nephew) Rozemyne (Niece, Adoptive) Charlotte (Niece) Melchior (Nephew) Henrietta (Niece) Rudiger (Nephew) Aurelia (Niece) Martina (Niece) Benedikta (Granddaughter) | Infobox field family/Aunt: Constanze Georgine (Deceased)"
Rozemyne,Veronica,family,undirected,2,0.984949615,0.9913755,1.0820777507579236,"Infobox field family/Offspring: Wilfried (Grandson) Rozemyne (Granddaughter, Adoptive) Charlotte (Granddaughter) Melchior (Grandson) Henriette (Granddaughter) Wolfram (Grandson, Deceased) Detlinde (Granddaughter) Rudiger (Grandson) Alstede (Granddaughter) Benedikta (Great-Granddaugher) | Infobox field family/Grandmother: Veronica (Adoptive)|family/Uncle=Ferdinand (Adoptive) Claudio (Baptismal)"
Codenest,Magdalena,family,undirected,2,0.984884,0.9958443,1.0820056653126027,Infobox field family/Relatives: Lestilaut (Nephew) Hannelore (Niece) Raufereg (Nephew) Lungtase (Niece) Kenntrips (Nephew) Rasantark (Nephew) Codenest (Nephew) | Infobox field family/Aunt: Sieglinde Magdalena Reichlene
Constanze,Melchior,family,undirected,2,0.984779615,0.9935836,1.08189098666885,"Infobox field family/Relatives: Karstedt (Cousin) Wilfried (Nephew) Melchior (Nephew) Charlotte (Niece) Henriette (Niece) Detlinde (Niece) Rozemyne (Niece, through adoption) Detlinde (Niece) Alstede (Niece) Wolfram (Nephew, Deceased) | Infobox field family/Aunt: Constanze Georgine (Deceased)"
Georgine,Irmhilde,family,undirected,2,0.984745,0.98858196,1.0818529582044778,Infobox field family/Relatives: Georgine (Niece) Constanze (Niece) Sylvester (Nephew) | Infobox field family/Aunt: Irmhilde (Deceased) Unnamed Woman (Deceased)
Previous Count Leisegang,Veronica,enemy_rival,undirected,2,0.98462704,0.98530394,1.0817233658989065,"As a result, the previous Count Leisegang became vehemently opposed to those of Veronica's descent and determined to see an archduke of Leisegang descent in Ehrenfest. | During the reign of the Sixth Aub Ehrenfest and later under Sylvester, Veronica mistreated basically anyone who wasn't a clear ally to her, with the Leisegangs in particular due to their influence and open opposition to anyone with Ahrensbach blood."
Aurelia,Martina,family,undirected,2,0.984483915,0.98886603,1.081566127015091,Infobox field family/Sister: Martina Rozemyne (In-Law) 2 half-sisters from father's second wife (Deceased) | Infobox field family/Sister: Aurelia
Aurelia,Rozemyne,family,undirected,2,0.9844611999999999,0.9893367,1.0815411720369537,"Infobox field family/Sister: Martina Rozemyne (In-Law) 2 half-sisters from father's second wife (Deceased) | Infobox field family/Sister: Charlotte (Adoptive) Henriette (Adoptive) Heidemarie (Baptismal, In-Law, Deceased) Tuuli (Biological) Aurelia (In-Law)"
Adelbert,Melchior,family,undirected,2,0.984408855,0.99457586,1.0814836651767035,"Infobox field family/Offspring: Wilfried (Grandson) Rozemyne (Granddaughter, through Adoption) Charlotte (Granddaughter) Melchior (Grandson) Henriette (Granddaughter) Rudiger (Grandson) Detlinde (Granddaughter) Alstede (Granddaughter) Benedikta (Great-Granddaugher) | Infobox field family/Grandfather: Adelbert (Deceased)"
Eglantine,Gentiane,family,undirected,2,0.98434557,0.9911395,1.081414139498015,"Infobox field family/Relatives: Eglantine (Cousin) Anastasius (Cousin, In Law) Stephareine (Cousin, once removed) | Infobox field family/Aunt: Eglantine (Adoptive)"
Fran,Ferdinand,service_retainer,directed,2,0.9842080799999999,0.9933073,1.081263091294446,Infobox field occupation: Rozemyne's Head Attendant Ferdinand's Attendant (Former) Myne's Head Attendant (Former) | He previously served under Ferdinand and Myne.
Christine,Rosina,service_retainer,directed,2,0.98409035,0.9924712,1.0811337516697013,"*She was a night owl, rising late and playing music until late in the evening. *Her retainers played songs for her to wake up in the morning and getting her dressed. *She returned to the Nobles' Quarter on a regular basis. *She thinks of her time in the temple as a blissful time to enjoy. *She graduated from the Royal Academy three years before Rozemyne's entry. *In addition to Wilma and Rosina, Jenni was also one of Christine's attendants. | Wilma and Rosina became Christine's attendants due to their skill in drawing and playing harspiel, respectively."
Bertram,Sidonius,family,undirected,2,0.98400235,0.98457724,1.0810370737882984,Infobox field family/Father: Sidonius (Deceased) | Infobox field family/Son: Freuden (Deceased) Laurenz Bertram
Elvira,Traugott,family,undirected,2,0.983548195,0.99498665,1.0805381335243383,Infobox field family/Relatives: Previous Count Leisegang (Great-Grandfather) Count Groschel (Cousin) Traugott (Nephew) | Infobox field family/Aunt: Elvira Trudeliede Rozemary (Deceased)
Florencia,Melchior,family,undirected,2,0.983511425,0.99148035,1.080497737550484,"She is the mother of Wilfried, Charlotte, Melchior, and Henriette. | Infobox field family/Mother: Florencia"
Bonifatius,Karstedt,family,undirected,2,0.983473115,0.99372923,1.0804556497137052,"Bonifatius (ボニファティウス, Bonifatiusu) is Rozemyne's noble grandfather and the father of Karstedt. | Infobox field family/Father: Bonifatius"
Ferdinand,Heisshitze,enemy_rival,undirected,2,0.983403375,0.99053675,1.0803790324926934,"Fellow students like Henrik and Eckhart were immensely impressed by his achievements, and Heisshitze of Dunkelfelger came to view him as a rival. | During their time in the academy Heisshitze and several other Dunkelfelger knights made it their goal to rescure Ferdinand from the abuse he suffered from Lady Veronica and her faction."
Cornelius,Rozemyne,service_retainer,directed,2,0.9833088,0.989242,1.0802751312354926,"Cornelius (コルネリウス, Koruneriusu) is an archknight from Ehrenfest who serves his younger sister Rozemyne as a guard knight. | Infobox field occupation: Knight Rozemyne's Guard Knight"
Adolphine,Oderkunst,service_retainer,directed,2,0.9832021,0.9983498,1.0801579093042917,"*Oderkunst - A sovereign scholar, formerly of Drewanchel, who was assigned as her retainer upon her marriage to Prince Sigiswald. | However, her retainer Oderkunst warns her that a more effective potion may simply prompt the royal family to work her even harder."
Grausam,Matthias,family,undirected,2,0.9831589199999999,0.98945004,1.080110471225667,Infobox field family/Father: Grausam (Deceased) | Infobox field family/Son: Unnamed Eldest Son (Deceased) Janrik (Deceased) Matthias
Lutz,Tuuli,romantic,undirected,2,0.9831470499999999,0.983269,1.0800974306978004,Infobox field family/Spouse: Tuuli (Engaged) | Infobox field family/Spouse: Lutz (Engaged)
Adelbert,Georgine,family,undirected,2,0.98313052,0.98747444,1.0800792706366689,"Infobox field family/Father: Adelbert (Deceased) | With his first wife Veronica, Adelbert had three children: Georgine, Constanze and Sylvester."
Nikolaus,Siegrecht,family,undirected,2,0.98312108,0.99679416,1.0800688997366639,"Infobox field family/Relatives: Traugott (Cousin) Previous Count Leisegang (Great-Grandfather, Deceased) Siegrecht (Nephew) | Infobox field family/Uncle: Eckhart Cornelius Nikolaus"
Rudiger,Veronica,family,undirected,2,0.9825902500000001,0.9940619,1.0794857233754702,"Infobox field family/Offspring: Wilfried (Grandson) Rozemyne (Granddaughter, Adoptive) Charlotte (Granddaughter) Melchior (Grandson) Henriette (Granddaughter) Wolfram (Grandson, Deceased) Detlinde (Granddaughter) Rudiger (Grandson) Alstede (Granddaughter) Benedikta (Great-Granddaugher) | Infobox field family/Grandmother: Veronica"
Constanze,Irmhilde,family,undirected,2,0.98253985,0.9908042,1.0794303533161214,Infobox field family/Relatives: Georgine (Niece) Constanze (Niece) Sylvester (Nephew) | Infobox field family/Aunt: Irmhilde (Deceased) Unnamed Woman (Deceased)
Georgine,Janrik,enemy_rival,undirected,2,0.982307,0.9894042,1.079174541444705,"The following winter, Aub Ehrenfest enacts a purge of the former Veronica faction, with anyone who is name-sworn to Georgine or who committed severe crimes against the archducal family and duchy being executed. | His nephew was killed by someone, before Bonifatius and his forces were able to subdue and capture the family and their guards, presumably killed by his own family to cover any traces to Georgine."
Sigiswald,Trauerqual,family,undirected,2,0.98195385,0.991193,1.0787865665149619,"He is the father of the three former princes, Sigiswald, Anastasius, and Hildebrand. | After some hard work on his part, Anastasius also manages to convince King Trauerqual, Aub Klassenberg, and Eglantine's biological grandfather and adoptive father, the Previous Aub Klassenberg to agree to this arrangement, making it official."
Giebe Kirnberger,Alexis,service_retainer,directed,2,0.9817591,0.98937726,1.0785726117717436,"Several years later Lord Wilfried lost many of his retainers, giving Alexis the chance to become his guard knight, at Lamprecht's invitation. | Upon learning this, Giebe Kirnberger assigned one of his veteran knights to give Alexis extra lessons and training, so he would be a worthy retainer to a member of the archducal family."
Marthe,Rick,family,undirected,2,0.98167923,0.98463583,1.0784848656082477,Infobox field family/Sister: Marthe | He is the older brother of Marthe.
Adolphine,Detlinde,enemy_rival,undirected,2,0.981568775,0.98963785,1.0783635183879028,"Charlotte soon diffuses the tension and changes the subject to Ehrenfest's romance stories, but Detlinde appears to hold a grudge against Adolphine afterward. | When Detlinde tries to pressure Rozemyne for a hairpin of her own, Adolphine steps in and sharply chastises her rudeness."
Lungtase,Magdalena,family,undirected,2,0.98119655,0.9945844,1.0779545874287533,Infobox field family/Relatives: Lestilaut (Nephew) Hannelore (Niece) Raufereg (Nephew) Lungtase (Niece) Kenntrips (Nephew) Rasantark (Nephew) Codenest (Nephew) | Infobox field family/Aunt: Magdalena
Rozemyne,Tuuli,family,undirected,2,0.98116285,0.9828636,1.0779175641946253,"Infobox field family/Sister: Myne (Legally Deceased) | Infobox field family/Sister: Charlotte (Adoptive) Henriette (Adoptive) Heidemarie (Baptismal, In-Law, Deceased) Tuuli (Biological) Aurelia (In-Law)"
Bonifatius,Lamprecht,family,undirected,2,0.98109145,0.9947404,1.0778391232772144,"Infobox field family/Offspring: Eckhart (Grandson) Lamprecht (Grandson) Cornelius (Grandson) Rozemyne (Granddaughter) Traugott (Grandson) Nikolaus (Grandson) Siegrecht (Great-Grandson, Lamprecht's Son) | Infobox field family/Grandfather: Bonifatius"
Fran,Margaret,enemy_rival,undirected,2,0.9810285999999999,0.9895856,1.0777700754948716,"She seemed to have a preference for young and slim boys, with Fran being her most frequent victim. | Although Fran didn't realize it, this experience earned him the intense hatred of Arno, a fellow gray priest who served Sister Margaret alongside him."
Adrett,Rozemyne,service_retainer,directed,2,0.980802595,0.98554623,1.0775217836245712,"During her next term at the Royal Academy, Lady Rozemyne takes Adrett along with her to the academy, to serve her as a kind of retainer and scholar, alongside her Human personnel. | Infobox field occupation: Library Magic Tool Rozemyne's Pseudo-Retainer"
Adelbert,Constanze,family,undirected,2,0.9806532699999999,0.9841859,1.0773577333445656,"Infobox field family/Father: Adelbert (Deceased) | With his first wife Veronica, Adelbert had three children: Georgine, Constanze and Sylvester."
Ferdinand,Lasfam,service_retainer,directed,2,0.98056002,0.99631554,1.0772552877486474,"Ferdinand also accepted Justus, Eckhart and Lasfam as his retainers after joining the Royal Academy. | *Lasfam - An attendant at Ferdinand’s personal estate."
Lasfam,Ferdinand,service_retainer,directed,2,0.980426665,0.99632853,1.077108782306892,"Infobox field occupation: Attendant Ferdinand’s Retainer (Former and Current) Rozemyne's Retainer (Former) | Lasfam (ラザファム, Razafamu) is an attendant who manages Ferdinand's personal estate in the Noble’s Quarter of Ehrenfest."
Anastasius,Nahelache,family,undirected,2,0.9799340000000001,0.9848685,1.0765675344836956,"Infobox field family/Relatives: Eglantine (Cousin) Nahelache's Son (Nephew) | Infobox field family/Sister: Trauerqual's Daughter (Deceased) Nahelache (In-Law) Adolphine (In-Law, Former)"
Previous Count Leisegang,Trudeliede,family,undirected,2,0.9796636000000001,0.9825279,1.0762704697208396,"Infobox field family/Relatives: Elvira (Granddaughter, In-Law) Trudeliede (Granddaughter, In-Law) Rozemary (Granddaughter-In-Law, Deceased) Heidemarie (Great-Granddaughter, In-Law, Deceased) Aurelia (Great-Granddaughter, In-Law) | Infobox field family/Grandfather: Previous Count Leisegang (In-Law, Deceased)"
Ymir,Ferdinand,service_retainer,directed,2,0.9794134000000001,0.9878999,1.075995596926215,Ymir was formerly an attendant of Ferdinand until he resigned his position as High Priest and moved to Ahrensbach for his marriage. | Infobox field occupation: Gray Priest Ferdinand's Attendant (Former)
Adolphine,Nahelache,romantic,undirected,2,0.9793622200000001,0.98264414,1.075939369949281,"A short time before her husband is to marry Lady Adolphine of Drewanchel, Nahelache gives birth to her and Sigiswald's first child. | Shortly before Adolphine and Prince Sigiswald are due to be married at the Archduke Conference, the prince informs her that his second wife Nahelache has recently given birth."
Adolphine,Hildebrand,family,undirected,2,0.979237335,0.98557067,1.0758021697536104,"Infobox field family/Sister: Trauerqual's Daughter (Deceased) Eglantine (Half-Sister, In-Law) Nahelache (Half-Sister, In-Law) Adolphine (Half-Sister, In-Law, Former) | Infobox field family/Brother: Ortwin Anastasius (In-Law) (Former) Hildebrand (Half-Brother, In-Law) (Former)"
Laura,Tuuli,friend_ally,undirected,2,0.97922065,0.9843215,1.075783839407574,"She is a friend of Tuuli, who grew up living near Myne's family in the lower city. | When Tuuli is contemplating moving to the Gilberta Company as a leherl apprentice, she avoids mentioning it to Laura and her other lower city friends."
Florencia,Rudiger,family,undirected,2,0.97916783,0.98910856,1.0757258107064867,"Infobox field family/Aunt: Florencia Georgine (Deceased) | Infobox field family/Relatives: Rudiger (Nephew) Detlinde (Niece, In-Law) Wolfram (Nephew, In-Law, Deceased) Alstede (Niece, In-Law) Several Unnamed Nieces (In-Law)"
Cordula,Sieglinde,service_retainer,directed,2,0.9789462,0.995394,1.075482325264949,"Infobox field occupation: Hannelore's Head Attendant Sieglinde's Retainer (Former) | Before being assigned to Lady Hannelore, Cordula was one of Lady Sieglinde's attendants."
Bonifatius,Nikolaus,family,undirected,2,0.97891125,0.995112,1.0754439287654602,"Infobox field family/Offspring: Eckhart (Grandson) Lamprecht (Grandson) Cornelius (Grandson) Rozemyne (Granddaughter) Traugott (Grandson) Nikolaus (Grandson) Siegrecht (Great-Grandson, Lamprecht's Son) | Infobox field family/Grandfather: Bonifatius"
Muriella,Elvira,service_retainer,directed,2,0.978803165,0.99600023,1.0753251852562395,"Infobox field occupation: Scholar Elvira's Retainer Royal Academy Student (Former) Rozemyne's Retainer (Former) | Ever since first laying eyes upon one of Lady Elvira's romance novels, Muriella wished she could serve her."
Muriella,Rozemyne,service_retainer,directed,2,0.978558985,0.99483067,1.0750569261075926,"Infobox field occupation: Scholar Elvira's Retainer Royal Academy Student (Former) Rozemyne's Retainer (Former) | After giving her name to Elvira, Muriella serves her new lady as a retainer, but is lent to Rozemyne, while they are at the Royal Academy ."
Brigitte,Helfried,family,undirected,2,0.97802745,0.984388,1.0744729752247353,"Other nobles tried to use his inexperience to take over the province by marrying his sister, Brigitte. | Infobox field family/Sister: Brigitte"
Detlinde,Gieselfried,family,undirected,2,0.9778617949999999,0.98755485,1.074290984606056,"Infobox field family/Father: Gieselfried (Deceased) | Infobox field family/Daughter: Unnamed Daughter (with First Wife, & Letizia's Mother) Detlinde Alstede Several Unnamed Daughters Letizia (Adoptive)"
Ferdinand,Valamarlene,family,undirected,2,0.9776108,0.9820072,1.0740152384146617,"Infobox field family/Aunt: Irmhilde (Deceased) Valamarlene (Deceased) | Infobox field family/Relatives: Ferdinand (Nephew) Unnamed boy (Nephew, Deceased)"
Grausam,Janrik,family,undirected,2,0.977426885,0.983204,1.0738131871355914,Infobox field family/Father: Grausam (Deceased) | Infobox field family/Son: Unnamed Eldest Son (Deceased) Janrik (Deceased) Matthias
Lestilaut,Magdalena,family,undirected,2,0.97729803,0.99375856,1.073671625449135,Infobox field family/Relatives: Lestilaut (Nephew) Hannelore (Niece) Raufereg (Nephew) Lungtase (Niece) Kenntrips (Nephew) Rasantark (Nephew) Codenest (Nephew) | Infobox field family/Aunt: Magdalena
Barthold,Veronica,enemy_rival,undirected,2,0.977268,0.9865133,1.0736386341221063,"He is practically a worshipper of Veronica, and as such, has a very strong dislike of Sylvester for imprisoning her. | In the beginning of Rozemyne's third year at the Royal Academy, the students are informed about the coming purge of the Veronica faction."
Magdalena,Raufereg,family,undirected,2,0.97722373,0.9944349,1.0735899985560868,Infobox field family/Relatives: Lestilaut (Nephew) Hannelore (Niece) Raufereg (Nephew) Lungtase (Niece) Kenntrips (Nephew) Rasantark (Nephew) Codenest (Nephew) | Infobox field family/Aunt: Magdalena
Cornelius,Siegrecht,family,undirected,2,0.976974715,0.99551743,1.0733164276170242,"Infobox field family/Relatives: Traugott (Cousin) Previous Count Leisegang (Great-Grandfather, Deceased) Siegrecht (Nephew) | Infobox field family/Uncle: Eckhart Cornelius Nikolaus"
Elvira,Siegrecht,family,undirected,2,0.9764608699999999,0.99232084,1.0727519111855535,Infobox field family/Relatives: Karstedt (Grandfather) Elvira (Grandmother) Bonifatius (Great-Grandfather) | Infobox field family/Offspring: Siegrecht (Grandson)
Viscount Dahldolf,Myne,service_retainer,directed,2,0.97621245,0.9948968,1.0724789939208026,"Some time later, Shikikoza participated in a trombe extermination as a knight, where he was assigned to guard Myne. | He also pays a “hefty fee,” which covers half the cost of Myne’s replacement ceremonial robes."
Aub Klassenberg,Gentiane,family,undirected,2,0.97574527,0.97676224,1.0719657442317827,"Gentiane (ジャンシアーヌ) is an archduke candidate from Klassenberg, being the daughter of Aub Klassenberg and his third wife. | Infobox field family/Father: Aub Klassenberg"
Eckhart,Siegrecht,family,undirected,2,0.9755824500000001,0.99581134,1.071786868178942,"Infobox field family/Relatives: Traugott (Cousin) Previous Count Leisegang (Great-Grandfather, Deceased) Siegrecht (Nephew) | Infobox field family/Uncle: Eckhart Cornelius Nikolaus"
Eckhart,Rozemyne,family,undirected,2,0.97488363,0.9939346,1.0710191359393748,"He is also the oldest child of Karstedt and Elvira and the older brother of Lamprecht, Cornelius, and Rozemyne. | Infobox field family/Sister: Rozemyne Aurelia (In-Law)"
Constanze,Veronica,family,undirected,2,0.97462335,0.98618096,1.0707331891328802,"She is the mother of Georgine, Constanze and Sylvester. | Infobox field family/Mother: Veronica"
Ferdinand,Gervasio,family,undirected,2,0.97459998,0.97670436,1.070707514563694,Infobox field family/Uncle: Bezewanst (In-Law) (Deceased) Bonifatius Gervasio | Infobox field family/Relatives: Ferdinand (Nephew) Leonzio (Cousin)
Ralfrieda,Trauerqual,romantic,undirected,2,0.9744622000000001,0.9798114,1.0705561477625614,"Infobox field family/Spouse: Magdalena (First Wife, Former Third Wife) Clementia (Second Wife) Ralfrieda (Third Wife , Former First Wife ) | However for political reasons, and to reward Magdalena for the crucial role she played in bringing down the traitor, Trauerqual decides to demote Ralfrieda to third wife, and has Magdalena take the place of his first."
Bonifatius,Cornelius,family,undirected,2,0.974434835,0.9947659,1.070526084237282,"Infobox field family/Offspring: Eckhart (Grandson) Lamprecht (Grandson) Cornelius (Grandson) Rozemyne (Granddaughter) Traugott (Grandson) Nikolaus (Grandson) Siegrecht (Great-Grandson, Lamprecht's Son) | Infobox field family/Grandfather: Bonifatius"
Gloria,Shikikoza,romantic,undirected,2,0.974415475,0.97569615,1.0705048151033734,"Shikza was born to Gloria when she was the second wife of Viscount Dahldolf. | Gloria married the mednoble Viscount Dahldolf as a second wife, and the couple had a son named Shikikoza."
Ella,Nicola,friend_ally,undirected,2,0.97437067,0.9835278,1.0704555917797796,Monika and Nicola were recommended and spent the winter cooking with Ella. | Myne asked Rosina to have Wilma recommend two grey apprentice shrine maidens to help Ella.
Melchior,Rozemyne,family,undirected,2,0.97434893,0.9779374,1.0704317079486239,"His father has decided that upon Rozemyne's coming-of-age and subsequent abdication of her post as High Bishop, Melchior will take over the position. | Infobox field family/Sister: Rozemyne (adoptive) Charlotte Henriette"
Gloria,Myne,enemy_rival,undirected,2,0.97429022,0.9764617,1.0703672084211562,"After her son’s death, she came to bear a strong grudge against Myne. | Gloria developed a strong grudge against Myne and Ferdinand, holding them personally responsible for her son's death."
Aub Klassenberg,Eglantine,family,undirected,2,0.9742901900000001,0.99139273,1.0703671754627875,Infobox field family/Sister: Eglantine's Mother (Deceased) Eglantine (Adoptive) | Infobox field family/Relatives: Eglantine (Niece)
Gabriele,Veronica,family,undirected,2,0.974227815,0.9839018,1.0702986495212818,Infobox field family/Mother: Gabriele (Deceased) | Infobox field family/Daughter: Veronica
Gieselfried,Martina,family,undirected,2,0.9740294249999999,0.991844,1.070080695829333,"Infobox field family/Relatives: Letizia (Granddaughter, Biological) Benedikta (Granddaughter) Aurelia (Niece) Martina (Niece) Lamprecht (Nephew, In-Law) | Infobox field family/Uncle: Gieselfried (Deceased)"
Leckle,Gunther,service_retainer,directed,2,0.9739722,0.9754885,1.0700178277411139,"This led Leckle to complain to his superior captain Gunther, who in turn decided to talk to Otto and ask him to take on some more apprentices for doing paperwork. | Leckle is among the group of soldiers that Gunther brings along to guard the coaches when grey priests and shrine maidens move between the capital and Hasse."
Eglantine,Nahelache,family,undirected,2,0.973871735,0.98859173,1.069907455657533,"Infobox field family/Relatives: Anastasius (Cousin) Sigiswald (Cousin) Hildebrand (Cousin) Nahelache's Son (Nephew) | Infobox field family/Sister: Unnamed Older Sister (Deceased) Trauerqual's Daughter (In-Law) Nahelache (In-Law) Adolphine (In-Law, Former)"
Adolphine,Anastasius,family,undirected,2,0.973499235,0.97725713,1.069498222580004,"Infobox field family/Sister: Trauerqual's Daughter (Deceased) Nahelache (In-Law) Adolphine (In-Law, Former) | Infobox field family/Brother: Ortwin Anastasius (In-Law) (Former) Hildebrand (Half-Brother, In-Law) (Former)"
Hildebrand,Waldifried,family,undirected,2,0.973382875,0.9856371,1.0693703880540946,"Infobox field family/Relatives: Sigiswald (Nephew) Anastasius (Nephew) Hildebrand (Nephew) Nahelache (Niece, In-Law) Eglantine (Niece) | Infobox field family/Uncle: Aub Dunkelfelger Waldifried (Deceased)"
Hartmut,Leonore,family,undirected,2,0.9732649200000001,0.99456584,1.0692408012415848,"Infobox field family/Relatives: Previous Count Leisegang (Great-Grandfather, Deceased) Hartmut (Cousin) | *Hartmut is a distant blood relative of Rozemyne and several of her other retainers, including Leonore, Brunhilde, Cornelius, and Traugott , all of whom are descendants of important Liesegang faction members."
Aurelia,Gieselfried,family,undirected,2,0.9727326000000001,0.9914261,1.068655987948081,"Infobox field family/Relatives: Letizia (Granddaughter, Biological) Benedikta (Granddaughter) Aurelia (Niece) Martina (Niece) Lamprecht (Nephew, In-Law) | Infobox field family/Uncle: Gieselfried (Deceased) Claudio (In-Law)"
Brigitte,Hassheit,romantic,undirected,2,0.97273105,0.9890408,1.0686542850990335,"Infobox field family/Spouse: Brigitte (Former fiancée) | After hearing about Brigitte's circumstances, Rozemyne creates a new dress that flatters her body type more than the current fashion, hoping it will help her win a new fiancé in spite of her damaged reputation."
Bonifatius,Eckhart,family,undirected,2,0.97263642,0.9942731,1.0685503234181568,"Infobox field family/Offspring: Eckhart (Grandson) Lamprecht (Grandson) Cornelius (Grandson) Rozemyne (Granddaughter) Traugott (Grandson) Nikolaus (Grandson) Siegrecht (Great-Grandson, Lamprecht's Son) | Infobox field family/Grandfather: Bonifatius"
Karla,Sieg,family,undirected,2,0.972497555,0.97267795,1.068397764622691,Infobox field family/Son: Zasha Sieg Ralph Lutz | Infobox field family/Mother: Karla
Cassandra,Grausam,family,undirected,2,0.97214595,0.9889426,1.068011487048934,Infobox field family/Relatives: Barthold (Nephew) Cassandra (Niece) | Infobox field family/Mother: Grausam's Sister
Albsenti,Rundsein,family,undirected,2,0.97195042,0.98922324,1.0677966753881305,"Seeing this magic tool as the crystallization of his mother's love, Neigenheit chose to bestow it upon his own son Rundsein, rather than have him obtain his own Grutrissheit through proper means, despite Rundsein being omni-elemental. | Infobox field family/Grandmother: Albsenti"
Freida,Gustav,family,undirected,2,0.97181785,0.97374016,1.0676510323570219,"Her grandfather Gustav was determined to save her life, and he used his vast wealth and connections as the leader of the Merchant's Guild to buy magic tools that could prolong her lifespan. | Infobox field family/Offspring: Freida (Granddaughter) Damian (Grandson)"
Christine,Wilma,service_retainer,directed,2,0.9716009999999999,0.9916019,1.0674127982822241,"*She was a night owl, rising late and playing music until late in the evening. *Her retainers played songs for her to wake up in the morning and getting her dressed. *She returned to the Nobles' Quarter on a regular basis. *She thinks of her time in the temple as a blissful time to enjoy. *She graduated from the Royal Academy three years before Rozemyne's entry. *In addition to Wilma and Rosina, Jenni was also one of Christine's attendants. | Wilma and Rosina became Christine's attendants due to their skill in drawing and playing harspiel, respectively."
Karstedt,Siegrecht,family,undirected,2,0.971445965,0.9911773,1.0672424749260505,Infobox field family/Relatives: Karstedt (Grandfather) Elvira (Grandmother) Bonifatius (Great-Grandfather) | Infobox field family/Offspring: Siegrecht (Grandson)
Aurelia,Karstedt,family,undirected,2,0.9712913000000001,0.9790487,1.0670725580564238,"Infobox field family/Father: Gieselfried's Younger Brother (Deceased) Karstedt (In-Law) | Infobox field family/Daughter: Heidemarie (In-Law, Deceased) Rozemyne Aurelia (In-Law)"
Gunther,Kamil,family,undirected,2,0.97054237,0.9716025,1.0662497743550714,"Infobox field family/Father: Gunther | Gunther (ギュンター, Gyuntaa) is the father of Myne, Tuuli, and Kamil, husband of Effa, and head of Myne's family."
Adolphine,Eglantine,family,undirected,2,0.9705288,0.9787973,1.0662348661863141,"Infobox field family/Sister: Eglantine (In-Law) (Former) | Infobox field family/Sister: Unnamed Older Sister (Deceased) Trauerqual's Daughter (In-Law) Nahelache (In-Law) Adolphine (In-Law, Former)"
Bezewanst,Gabriele,family,undirected,2,0.97042122,0.97916,1.0661166774762993,Infobox field family/Mother: Gabriele | Infobox field family/Son: Bezewanst (Deceased) Unnamed Son
Schwartz and Weiss,Solange,friend_ally,undirected,2,0.9701258850000001,0.9704352,1.0657922188160256,"She is having trouble powering all the protective tools in the library and is very happy when Rozemyne reactivates Schwartz and Weiss. | During Solange’s earlier years in the library, she had fond memories with Schwartz and Weiss."
Sieglinde,Werdekraf,romantic,undirected,2,0.97001618,0.98483026,1.065671695554897,"Infobox field family/Spouse: Sieglinde (First Wife) Reichlene (Second Wife) | As such they seek an alliance with Dunkelfelger, which Werdekraf eagerly agrees to, in no small part because Rozemyne painted her planned assault as ""true ditter."" Despite their eagerness to join the fray, Sieglinde is able to reign her husband and son's passions in."
Karla,Ralph,family,undirected,2,0.9699618999999999,0.9731242,1.0656120628798682,Infobox field family/Son: Zasha Sieg Ralph Lutz | Infobox field family/Mother: Karla
Ewigeliebe,God of Darkness,romantic,undirected,2,0.96943913,0.9760256,1.0650377413337213,"When the God of Life Ewigeliebe fell in love with Geduldh, the God of Darkness gladly consented to the marriage, hoping the two would fill the world with new life. | The God of Darkness gave the two permission to marry, hoping they would fill the world with new life."
Heidemarie,Veronica,enemy_rival,undirected,2,0.9694098,0.9836596,1.0650055190352945,She was a Leisegang-aligned noble on very bad terms with Veronica. | Eckhart suspects Lady Veronica to be responsible for his wife's and child's deaths.
Fairseele,Strahl,family,undirected,2,0.96918485,0.9753262,1.0647583862009586,Infobox field family/Daughter: Fairseele | Infobox field family/Father: Strahl}}
Blasius,Georgine,family,undirected,2,0.9679845499999999,0.9856776,1.0634397218708702,"Infobox field family/Mother: Gieselfried's Second Wife (Deceased) Georgine (In-Law, Deceased) | Infobox field family/Son: Wolfram (Deceased) Blasius (In-Law)"
Florencia,Lieseleta,family,undirected,2,0.967082665,0.9769356,1.0624488999269048,"Angelica and Lieseleta's mother. *Fonbart - Retainer who contacted the vice commander during the Defense of Ehrenfest. | *Lieseleta loves shumil so much that she made clothes for her pet shumils. *Her father served the Sixth Aub Ehrenfest before his death, while her mother serves Florencia."
Gabriele,Previous Count Leisegang,romantic,undirected,2,0.96689135,0.9732118,1.0622387189168985,"Despite having been wed as the first wife, the arrival of Gabriele of Ahrensbach led to her being demoted to the position of second wife. | To this end, he reveals that should there ever be another incident like with Gabriele, with a woman from a higher-ranked duchy forcing a marriage with Wilfried resulting in Rozemyne's demotion to second wife, any child of Rozemyne and him would be adopted by Sylvester to preserve their archduke candidate status, even though this would almost assuredly enrage the new bride and her duchy."
Corinna,Milda,family,undirected,2,0.9666484500000001,0.9770313,1.061971865991981,Infobox field family/Sister: Corinna | Infobox field family/Sister: Milda (In-Law)
Rozemyne,Uderick,romantic,undirected,2,0.9664053,0.9798814,1.0617047384139913,"Thanks to the Rozemyne Mana Compression, Lieseleta's mana has grown to a capacity of an archnoble, which also opened the gap between her and her fiancé Uderick - a fellow mednoble - beyond the point, where the two are able to sense each other's mana, forcing the families to cancel it. | Upon learning that Rozemyne will most likely be adopted by the king and move to the Sovereignty, Lieseleta initially believes she will not be able to follow her lady, since she is the successor of her house and already engaged."
Flutrane,God of Darkness,romantic,undirected,2,0.9658484,0.9725061,1.061092921230432,"The God of Darkness gave the two permission to marry, hoping they would fill the world with new life. | When he met the Goddess of Light, they married and had four children: Flutrane, the Goddess of Water; Leidenschaft, the God of Fire; Schutzaria, Goddess of Wind; and Geduldh, Goddess of Earth."
Nikolaus,Trudeliede,family,undirected,2,0.96549117,0.9692397,1.060700463962551,"Infobox field family/Mother: Trudeliede | This surprises Cornelius, who points out that this will very likely upset his mother, to which Nikolaus replies that Trudeliede ""bothers me as much as does any of you,"" indicating that his relationship to his mother is rather strained."
Nahelache,Ralfrieda,family,undirected,2,0.96515297,0.9738618,1.0603289132865235,"Infobox field family/Offspring: Stephareine (Granddaughter) Nahelache's Child (Grandson) | Infobox field family/Daughter: Adolphine (In-Law, Former), Nahelache (In-Law), Eglantine (In-Law)"
Bertram,Laurenz,family,undirected,2,0.9644072050000001,0.97232395,1.059509606693065,"Infobox field family/Brother: Laurenz (Half-Brother) Freuden (Half-Brother, Deceased) | Infobox field family/Brother: Freuden (Deceased) Bertram (Half-Brother)"
Deid,Sieg,family,undirected,2,0.96400735,0.9773481,1.0590703210763797,Infobox field family/Father: Deid | Infobox field family/Son: Zasha Sieg Ralph Lutz
Heidemarie,Siegrecht,family,undirected,2,0.96399715,0.9712676,1.0590591152310351,"Infobox field family/Aunt: Rozemyne Heidemarie (In-Law, Deceased) | Infobox field family/Relatives: Siegrecht (Nephew)"
God of Darkness,Leidenschaft,romantic,undirected,2,0.96343373,0.97471446,1.0584401350953536,"The God of Darkness gave the two permission to marry, hoping they would fill the world with new life. | When he met the Goddess of Light, they married and had four children: Flutrane, the Goddess of Water; Leidenschaft, the God of Fire; Schutzaria, Goddess of Wind; and Geduldh, Goddess of Earth."
Deid,Ralph,family,undirected,2,0.9631136149999999,0.97483283,1.0580884528225667,Infobox field family/Father: Deid | Infobox field family/Son: Zasha Sieg Ralph Lutz
Myne,Viscount Dahldolf,family,undirected,2,0.96301495,0.9709211,1.0579800582411054,"As stipulated by the magic contract Viscount Dahldolf signs after Shikikoza’s execution, he and his family are prohibited from approaching Myne. | Aub Ehrenfest signed an agreement with Viscount Dahldolf that pardoned the rest of his family from collective punishment in exchange for their promise never to approach Myne again."
Flutrane,Schutzaria,family,undirected,2,0.962978175,0.9636126,1.0579396567741897,Infobox field family/Sister: Schutzaria Geduldh | Infobox field family/Sister: Flutrane Geduldh
Gieselfried,Letizia's Brother,family,undirected,2,0.9620879,0.96835876,1.0569615897188955,Infobox field family/Grandfather: Gieselfried (Deceased) | Infobox field family/Grandmother: Gieselfried's First Wife (Deceased)
Shikikoza,Viscount Dahldolf,romantic,undirected,2,0.9619369200000001,0.9732762,1.0567957212355525,"Shikza was born to Gloria when she was the second wife of Viscount Dahldolf. | He later married an ambitious noblewoman named Gloria as his second wife, and had a second son named Shikikoza."
Adolphine,Trauerqual,family,undirected,2,0.9616808,0.9702712,1.0565143446561787,Infobox field family/Father: Aub Drewanchel Trauerqual (In-Law) (Former) | Infobox field family/Daughter: Unnamed Daughter (Deceased) Nahelache (In-Law) Eglantine (In-Law) Adolphine (in-Law)
Jeremias,Viscount Dahldolf,family,undirected,2,0.96080213,0.96368176,1.0555490269964947,Infobox field family/Son: Shikza (Deceased) Jeremias | Infobox field family/Father: Viscount Dahldolf
Constanze,Florencia,family,undirected,2,0.959903385,0.96974957,1.0545616546951158,Infobox field family/Sister: Georgine (Deceased) Florencia (In-Law) | Infobox field family/Sister: Constanze (In-Law) Georgine (In-Law)
Adelbert,Bonifatius,family,undirected,2,0.95795677,0.9605269,1.05242307953481,"Imhilde, Bonifatius and Adelbert's half-sister from another mother, presumably the Fifth Aub Ehrenfest's second or third wife, was engaged with her half-brother Adelberg to become his second wife. | However, Bonifatius and his son Karstedt remained in line the of succession should the archduke die without producing any heirs."
Heisshitze,Magdalena,romantic,undirected,2,0.9570501499999999,0.9601876,1.0514270556616576,"This infuriated Magdalena who was already in love with Trauerqual the fifth prince. | To this end they pressured their Aub to arrange a marriage between Ferdinand and Magdalena, without getting her consent."
Brunhilde,Hartmut,family,undirected,2,0.95499565,0.9590257,1.0491699567145891,"*Hartmut is a distant blood relative of Rozemyne and several of her other retainers, including Leonore, Brunhilde, Cornelius, and Traugott , all of whom are descendants of important Liesegang faction members. | *The first time Brunhilde appears on page is in Part 3 Volume 3, as ""Count Groschel's daughter with crimson red hair"" during the first study material sales conducted by Rozemyne. *As Rozemyne is the baptized daughter of Elvira, Brunhilde is a distant ""blood"" relative of Rozemyne and several of her other fellow retainers, including Hartmut, Leonore, Cornelius, and Traugott, all of whom are descendants of important Liesegang faction members."
Arno,Fran,enemy_rival,undirected,2,0.95440055,0.9570088,1.0485161725416028,"Although Fran didn't realize it, this experience earned him the intense hatred of Arno, a fellow gray priest who served Sister Margaret alongside him. | While others believe Arno is inflexible, in reality, he is acting out of malice towards both High Bishop and Fran."
Cornelius,Nikolaus,family,undirected,2,0.95425675,0.9574458,1.0483581920944922,"This surprises Cornelius, who points out that this will very likely upset his mother, to which Nikolaus replies that Trudeliede ""bothers me as much as does any of you,"" indicating that his relationship to his mother is rather strained. | Infobox field family/Brother: Eckhart (Half-Brother) Lamprecht (Half-Brother) Cornelius (Half-Brother)"
Goddess of Light,Mestionora,family,undirected,2,0.9533583800000001,0.95576423,1.0473712317727215,"To hide and protect her from her jealous father, the God of Darkness blessed her with hair as black as the night sky, and the Goddess of Light blessed her with golden eyes. | Infobox field family/Offspring: Mestionora (Granddaughter)"
Ferdinand,Detlinde,service_retainer,directed,1,0.9995702,0.9995702,0.6928492659017406,"He is the youngest out of Ferdinand's temple attendants. * Zahm - A gray priest attendant reassigned to Rozemyne’s service. *Strahl - An Ahrensbach archnoble who served the previous Aub Ahrensbach until his death and was later dismissed by Detlinde, freeing him up to become Ferdinand's guard knight."
Ferdinand,Strahl,service_retainer,directed,1,0.99954,0.99954,0.6928283328568877,"He is the youngest out of Ferdinand's temple attendants. * Zahm - A gray priest attendant reassigned to Rozemyne’s service. *Strahl - An Ahrensbach archnoble who served the previous Aub Ahrensbach until his death and was later dismissed by Detlinde, freeing him up to become Ferdinand's guard knight."
Ferdinand,Zahm,service_retainer,directed,1,0.9995363,0.9995363,0.6928257682123197,"He is the youngest out of Ferdinand's temple attendants. * Zahm - A gray priest attendant reassigned to Rozemyne’s service. *Strahl - An Ahrensbach archnoble who served the previous Aub Ahrensbach until his death and was later dismissed by Detlinde, freeing him up to become Ferdinand's guard knight."
Strahl,Detlinde,service_retainer,directed,1,0.99937856,0.99937856,0.6927164311760581,He then served as one of Ferdinand's guard knights after his demotion by Detlinde.
Melchior,Kazmiar,service_retainer,directed,1,0.9993672,0.9993672,0.692708557024087,"*Sargerecht - Technically, Sargerecht is still Florencia's retainer and Melchior's tutor at the moment, but will become Melchior's head attendant upon his baptism. *Kazmiar - Kazmiar is an archattendant."
Arno,Ferdinand,service_retainer,directed,1,0.99934345,0.99934345,0.6926920947785487,"Arno (アルノー Arunoo) was a grey priest, who served as Ferdinand's head attendant."
Melchior,Florencia,service_retainer,directed,1,0.99921405,0.99921405,0.6926024015333841,"*Sargerecht - Technically, Sargerecht is still Florencia's retainer and Melchior's tutor at the moment, but will become Melchior's head attendant upon his baptism. *Kazmiar - Kazmiar is an archattendant."
Rozemyne,Damuel,service_retainer,directed,1,0.9991416,0.9991416,0.6925521830201526,"Rozemyne continues to employ her existing attendants from her time as an apprentice shrine maiden, as well as her guard knight Damuel."
Melchior,Sargerecht,service_retainer,directed,1,0.99894446,0.99894446,0.6924155359849771,"*Sargerecht - Technically, Sargerecht is still Florencia's retainer and Melchior's tutor at the moment, but will become Melchior's head attendant upon his baptism. *Kazmiar - Kazmiar is an archattendant."
Rihyarda,Sylvester,service_retainer,directed,1,0.99857485,0.99857485,0.6921593418555703,Infobox field occupation: Attendant Sylvester's Head Attendant Rozemyne's Head Attendant (Former) Georgine's Head Attendant (Former) Veronica's Head Attendant
Rihyarda,Georgine,service_retainer,directed,1,0.99846846,0.99846846,0.6920855979270305,Infobox field occupation: Attendant Sylvester's Head Attendant Rozemyne's Head Attendant (Former) Georgine's Head Attendant (Former) Veronica's Head Attendant
Ferdinand,Jenni,enemy_rival,undirected,1,0.99844956,0.99844956,0.6920724974453178,"She is hit by the full force of the mana clashing between Bindewald and Ferdinand, which completely obliterates her body, leaving not even dust behind."
Georgine,Rihyarda,service_retainer,directed,1,0.99830025,0.99830025,0.6919690036397885,"*Rihyarda - As the special attendant who serve the archduke family of Ehrenfest, Rihyarda was assigned to serve Georgine for years, until she was reassigned as Sylvester's retainer."
Liz,Benno,service_retainer,directed,1,0.99814165,0.99814165,0.6918590704969517,"The impact of Liz's untimely death lingers in Benno's memories, an indelible mark on his heart that shapes his perspective and actions."
Rihyarda,Veronica,service_retainer,directed,1,0.9981402,0.9981402,0.6918580654335399,Infobox field occupation: Attendant Sylvester's Head Attendant Rozemyne's Head Attendant (Former) Georgine's Head Attendant (Former) Veronica's Head Attendant
Arno,Count Bindewald,enemy_rival,undirected,1,0.9981029,0.9981029,0.6918322110437051,"The High Bishop believed that both Ferdinand and the Sylvester were away, so he, along with Count Bindewald, plotted to attack and capture Myne inside the temple."
Arno,Myne,enemy_rival,undirected,1,0.9977969,0.9977969,0.6916201080064537,"The High Bishop believed that both Ferdinand and the Sylvester were away, so he, along with Count Bindewald, plotted to attack and capture Myne inside the temple."
Elusia,Ortwin,service_retainer,directed,1,0.99776936,0.99776936,0.6916010187331011,Elusia is the retainer that delivers Hannelore's letter to Charlotte inquiring on Ehrenfest's stance on the bride-stealing ditter after Wilfried made personal comments of supporting Ortwin.
Bonifatius,Angelica,service_retainer,directed,1,0.9977639,0.9977639,0.6915972341494953,"As an archduke candidate of Ehrenfest and a former commander of the Knight's Order, Bonifatius is a highly skilled knight and trained Angelica as his disciple."
Ferdinand,Sergius,service_retainer,directed,1,0.99771667,0.99771667,0.6915644968081573,He specializes in collecting information. * Sergius - An Ahrensbach noble assigned to be his attendant upon his arrival in Ahrensbach. *Eckhart - An archnoble who serves as a guard knight.
Leonore,Angelica,service_retainer,directed,1,0.9976781,0.9976781,0.6915377621214032,"Leonore was chosen as one of Rozemyne’s retainers, primarily to serve as a replacement for Angelica, who was about to graduate."
Liz,Mark,service_retainer,directed,1,0.9976417,0.9976417,0.6915125315640307,"The impact of Liz's untimely death lingers in Benno's memories, an indelible mark on his heart that shapes his perspective and actions."
Gieselfried,Strahl,service_retainer,directed,1,0.99759656,0.99759656,0.6914812429003002,"*Strahl - An archknight, who served Gieselfried loyally and competently as his guard knight and the commander of Ahrensbach's Knight's Order until Gieselfried's death."
Lieseleta,Clarissa,service_retainer,directed,1,0.9974268,0.9974268,0.6913635742349284,"For Lady Rozemyne's fourth' year at the Royal Academy, Lieseleta is chosen to accompany her as her adult retainer, with Ottilie staying behind to help contain Clarissa and prepare for her lady's move to the Sovereignty come spring."
Fairseele,Letizia,service_retainer,directed,1,0.9974112,0.9974112,0.6913527611389118,"Fairseele is an Ahrensbach, soon-to be Alexandrian, noble and apprentice attendant of Letizia."
Leonzio,Strahl,enemy_rival,undirected,1,0.99734,0.99734,0.6913034090596558,"Just a short time later, Detlinde dismisses Strahl from his position of Knight's Commander over being ""too critical and irritating,"" for pointing out how inappropriate her frequent visits to the Lanzenave estate and open shows of affection for Lord Leonzio are, apparently not caring for his qualification and proven loyalty the slightest bit."
Werdekraf,Werdekraf's Elder Brother,family,undirected,1,0.9971396,0.9971396,0.6911645023646716,Werdekraf's Elder Brother is a member of Dunkelfelger's archducal family and the elder brother of Werdekraf and Magdalena.
Lieseleta,Ottilie,service_retainer,directed,1,0.9970535,0.9970535,0.6911048223924254,"For Lady Rozemyne's fourth' year at the Royal Academy, Lieseleta is chosen to accompany her as her adult retainer, with Ottilie staying behind to help contain Clarissa and prepare for her lady's move to the Sovereignty come spring."
Elusia,Wilfried,service_retainer,directed,1,0.99683577,0.99683577,0.6909539034568021,Elusia is the retainer that delivers Hannelore's letter to Charlotte inquiring on Ehrenfest's stance on the bride-stealing ditter after Wilfried made personal comments of supporting Ortwin.
Elusia,Charlotte,service_retainer,directed,1,0.9967614,0.9967614,0.6909023541009839,Elusia is the retainer that delivers Hannelore's letter to Charlotte inquiring on Ehrenfest's stance on the bride-stealing ditter after Wilfried made personal comments of supporting Ortwin.
Rudiger,Sylvester,family,undirected,1,0.99670935,0.99670935,0.6908662757902357,"Infobox field family/Relatives: Karstedt (Cousin) Detlinde (Niece) Alstede (Niece) Wolfram (Nephew, Deceased) Rudiger (Nephew)"
Benno,Mark,enemy_rival,undirected,1,0.9966821,0.9966821,0.6908473875295654,"In general, Mark is a very kindhearted person, but when someone treats Benno with disrespect, it can bring out his well-hidden vindictive streak."
Wilma,Zasha,friend_ally,undirected,1,0.9964972,0.9964972,0.6907192246158799,"Along with his other brothers, Zasha occasionally does little tasks for Myne and Lutz for some extra pocket money, like carving the wooden parts for hairpins or engraving illustrations that Wilma drew on wood."
Sieg,Wilma,friend_ally,undirected,1,0.99646795,0.99646795,0.6906989500608485,"Along with his other brothers, Sieg occasionally does little tasks for Myne and Lutz for some extra pocket money, like carving the wooden parts for hairpins or engraving illustrations that Wilma drew on wood."
Gabriele,Rudiger,family,undirected,1,0.99646395,0.99646395,0.6906961774721263,"Infobox field family/Offspring: Constanze (Granddaughter) Georgine (Granddaughter) Sylvester (Grandson) Wilfried (Great-Grandson) Rozemyne (Great-Granddaugther, through Adoption) Charlotte (Great-Granddaughter) Melchior (Great-Grandson) Henrietta (Great-Granddaughter) Detlinde (Great-Granddaughter) Rudiger (Great-Grandson) Alstede (Great-Granddaughter) Wolfram (Great-Grandson, Deceased)"
Detlinde,Gabriele,family,undirected,1,0.996454,0.996454,0.6906892806576796,"Infobox field family/Offspring: Constanze (Granddaughter) Georgine (Granddaughter) Sylvester (Grandson) Wilfried (Great-Grandson) Rozemyne (Great-Granddaugther, through Adoption) Charlotte (Great-Granddaughter) Melchior (Great-Grandson) Henrietta (Great-Granddaughter) Detlinde (Great-Granddaughter) Rudiger (Great-Grandson) Alstede (Great-Granddaughter) Wolfram (Great-Grandson, Deceased)"
Anastasius,Magdalena,enemy_rival,undirected,1,0.99644727,0.99644727,0.6906846157771546,"With even more rage against the traitor, she sets off alongside the Dunkelfelger knights and makes for the auditorium, where the last remains of the enemy troops still at large in the Royal Academy are concentrated and locked in a battle with Ahrensbach and Ehrenfest forces led by Rozemyne and Ferdinand, as well as Anastasius and his personal guards."
Gabriele,Melchior,family,undirected,1,0.9964323,0.9964323,0.6906742393638616,"Infobox field family/Offspring: Constanze (Granddaughter) Georgine (Granddaughter) Sylvester (Grandson) Wilfried (Great-Grandson) Rozemyne (Great-Granddaugther, through Adoption) Charlotte (Great-Granddaughter) Melchior (Great-Grandson) Henrietta (Great-Granddaughter) Detlinde (Great-Granddaughter) Rudiger (Great-Grandson) Alstede (Great-Granddaughter) Wolfram (Great-Grandson, Deceased)"
Charlotte,Gabriele,family,undirected,1,0.9964078,0.9964078,0.6906572572579378,"Infobox field family/Offspring: Constanze (Granddaughter) Georgine (Granddaughter) Sylvester (Grandson) Wilfried (Great-Grandson) Rozemyne (Great-Granddaugther, through Adoption) Charlotte (Great-Granddaughter) Melchior (Great-Grandson) Henrietta (Great-Granddaughter) Detlinde (Great-Granddaughter) Rudiger (Great-Grandson) Alstede (Great-Granddaughter) Wolfram (Great-Grandson, Deceased)"
Arno,Sylvester,enemy_rival,undirected,1,0.99633706,0.99633706,0.690608224026385,"The High Bishop believed that both Ferdinand and the Sylvester were away, so he, along with Count Bindewald, plotted to attack and capture Myne inside the temple."
Ferdinand,Werdekraf,enemy_rival,undirected,1,0.99633574,0.99633574,0.6906073090721068,"Shortly after the end of Hannelore's fourth year at the Royal Academy, Ehrenfest contacts Dunkelfelger to inform them of Ahrensbach committing treason and trying to kill Ferdinand, as well as their intentions to ally with Dunkelfelger to launch an assault, or as Rozemyne words it ""true ditter,"" to steal the enemy's foundation and rescue Ferdinand."
Myne,Shikikoza,enemy_rival,undirected,1,0.99632555,0.99632555,0.6906002459023368,"When Myne, one of the hated commoners, has a much bigger mana capacity and is granted blue robes thus in his mind lowering his former position as a blue priest even more, it plays directly into his complexes, instilling a deep hatred for her in him."
Gabriele,Rozemyne,family,undirected,1,0.99631786,0.99631786,0.6905949156005183,"Infobox field family/Offspring: Constanze (Granddaughter) Georgine (Granddaughter) Sylvester (Grandson) Wilfried (Great-Grandson) Rozemyne (Great-Granddaugther, through Adoption) Charlotte (Great-Granddaughter) Melchior (Great-Grandson) Henrietta (Great-Granddaughter) Detlinde (Great-Granddaughter) Rudiger (Great-Grandson) Alstede (Great-Granddaughter) Wolfram (Great-Grandson, Deceased)"
Arthur,Raublut,service_retainer,directed,1,0.9962896,0.9962896,0.6905753272611956,"Following the abdication of Trauerqual from the position of Zent and his entire family moving to the newly created duchy of Blumenfeld, it is unknown whether he moved to Blumenfeld and continued to serve Hildebrand as an archduke candidate or if he was dismissed as a retainer as his lord was exploited by Raublut."
Damuel,Traugott,enemy_rival,undirected,1,0.9961952,0.9961952,0.6905098941673508,"Rozemyne initially tries to understand his motives, but when he ignores Damuel's hard work and claims that his improvement was solely due to Rozemyne's mana compression technique and insults him, Rozemyne loses any interest in his reasons and just wants to get rid of him."
Gabriele,Wilfried,family,undirected,1,0.9961926,0.9961926,0.6905080919846813,"Infobox field family/Offspring: Constanze (Granddaughter) Georgine (Granddaughter) Sylvester (Grandson) Wilfried (Great-Grandson) Rozemyne (Great-Granddaugther, through Adoption) Charlotte (Great-Granddaughter) Melchior (Great-Grandson) Henrietta (Great-Granddaughter) Detlinde (Great-Granddaughter) Rudiger (Great-Grandson) Alstede (Great-Granddaughter) Wolfram (Great-Grandson, Deceased)"
Aurelia,Letizia,family,undirected,1,0.9960295,0.9960295,0.6903950396795321,"Infobox field family/Relatives: Detlinde (Cousin) Wolfram (Cousin, Deceased) Alstede (Cousin) Blasius (Cousin) Letizia (Cousin, Adoptive)"
Lasfam,Rozemyne,service_retainer,directed,1,0.9959506,0.9959506,0.6903403503669858,Infobox field occupation: Attendant Ferdinand’s Retainer (Former and Current) Rozemyne's Retainer (Former)
Fatiehe,Georgine,service_retainer,directed,1,0.99589443,0.99589443,0.6903014162898538,"When she was old enough to participate in the general politicking and factions of the nobility, she joined Georgine's faction and eventually managed to land the position of attendant to Detlinde."
Ferdinand,Myne,service_retainer,directed,1,0.995856,0.995856,0.6902747786437049,"Ferdinand (フェルディナンド, Ferudinando) is the former High Priest of the Ehrenfest temple who served as Myne's teacher."
Claudio,Karstedt,enemy_rival,undirected,1,0.9958295,0.9958295,0.6902564102434201,"And this isn't limited to inexperienced people, even the commander of Ehrenfest's Knight's Order Karstedt fell victim to this once, during a spring prayer visit to the province, where he ended up roped into an extensive feybeast hunt and only realizing partway through."
Martina,Siegrecht,family,undirected,1,0.9958099,0.9958099,0.690242824558681,"Infobox field family/Relatives: Detlinde (Cousin) Wolfram (Cousin, Deceased) Alstede (Cousin) Blasius (Cousin) Letizia (Cousin, Adoptive) Siegrecht (Nephew)"
Damuel,Bonifatius,service_retainer,directed,1,0.9957676,0.9957676,0.6902135044329434,Infobox field occupation: Bonifatius' Guard Knight Rozemyne's Guard Knight (Former)
Dinan,Rozemyne,service_retainer,directed,1,0.9956735,0.9956735,0.6901482792832527,"Despite having been created to serve in Alexandria's great library, Dinan, along with Risa and Nelly, accompany Rozemyne to the Royal Academy as quasi retainers and guard knights."
Bezewanst,Rozemyne,family,undirected,1,0.99559903,0.99559903,0.6900966606127165,Infobox field family/Relatives: Sylvester (Nephew) Georgine (Niece) Florencia (Niece-in-law) Ferdinand (Nephew-in-law) Wilfried (Great nephew) Rozemyne (Great niece through adoption) Charlotte (Great niece) Melchior (Great nephew) Detlinde (Great niece) Elvira (Cousin)
Magdalena,Rasantark,family,undirected,1,0.99556583,0.99556583,0.6900736481263218,Infobox field family/Relatives: Lestilaut (Nephew) Hannelore (Niece) Raufereg (Nephew) Lungtase (Niece) Kenntrips (Nephew) Rasantark (Nephew) Codenest (Nephew)
Bezewanst,Ferdinand,family,undirected,1,0.9955577,0.9955577,0.6900680128397438,Infobox field family/Relatives: Sylvester (Nephew) Georgine (Niece) Florencia (Niece-in-law) Ferdinand (Nephew-in-law) Wilfried (Great nephew) Rozemyne (Great niece through adoption) Charlotte (Great niece) Melchior (Great nephew) Detlinde (Great niece) Elvira (Cousin)
Myne,Urano Motosu's Mother,family,undirected,1,0.9954531,0.9954531,0.6899955096446573,"Urano Motosu's Mother was the mother of Urano Motosu, who later became Myne."
Todd,Ferdinand,service_retainer,directed,1,0.9954007,0.9954007,0.6899591887323959,"After the Italian Restaurant successfully hosted Sylvester, Ferdinand purchased Rozemyne's recipes and hired Todd for a month to teach his chefs in the temple."
Theodore,Giebe Kirnberger,service_retainer,directed,1,0.9953497,0.9953497,0.6899238382261874,"As was decided the year prior, upon his entry into the Royal Academy, Theodore entered Lady Rozemyne's service as a temporary guard knight until the time when he graduates from the Royal Academy, at which point he will be allowed to retire to serve Giebe Kirnberger."
Bezewanst,Florencia,family,undirected,1,0.99533254,0.99533254,0.689911943820569,Infobox field family/Relatives: Sylvester (Nephew) Georgine (Niece) Florencia (Niece-in-law) Ferdinand (Nephew-in-law) Wilfried (Great nephew) Rozemyne (Great niece through adoption) Charlotte (Great niece) Melchior (Great nephew) Detlinde (Great niece) Elvira (Cousin)
Hildebrand,Arthur,service_retainer,directed,1,0.9952951,0.9952951,0.6898859923901288,Arthur - Hildebrand's head attendant.
Bezewanst,Georgine,family,undirected,1,0.9951603,0.9951603,0.6897925561501893,Infobox field family/Relatives: Sylvester (Nephew) Georgine (Niece) Florencia (Niece-in-law) Ferdinand (Nephew-in-law) Wilfried (Great nephew) Rozemyne (Great niece through adoption) Charlotte (Great niece) Melchior (Great nephew) Detlinde (Great niece) Elvira (Cousin)
Hortensia,Trauerqual,service_retainer,directed,1,0.9951155,0.9951155,0.6897615031565003,"She became his retainer and was charged with cleaning out the villa of her former master, but soon after, the third prince died too, only days after he defeated and killed the first prince, and Hortensia came to serve the fifth prince Trauerqual."
Lothar,Veronica,enemy_rival,undirected,1,0.99509937,0.99509937,0.6897503226924778,"When Ferdinand first came to the temple, he chose to pick the absolute minimum number of attendant gray priests due the mistrust that years of abuse and assassination attempts by Veronica has ingrained in him."
Trauerqual,Magdalena,service_retainer,directed,1,0.99503124,0.99503124,0.6897030985750663,One Magdalena's guard knights points out how the Zent's behaviour is just like that of the Sovereign Knights under the influence of Trug.
Codenest,Werdekraf,family,undirected,1,0.99502254,0.99502254,0.6896970681945954,Infobox field family/Relatives: Hildebrand (Nephew) Kenntrips (Nephew) Rasantark (Nephew) Codenest (Nephew)
Wilfried,Isidore,service_retainer,directed,1,0.9949857,0.9949857,0.6896715326524635,Isidore - One of Wilfried's apprentice attendants in the royal academy.
Fran,Myne,service_retainer,directed,1,0.9949675,0.9949675,0.6896589173737774,Infobox field occupation: Rozemyne's Head Attendant Ferdinand's Attendant (Former) Myne's Head Attendant (Former)
Todd,Rozemyne,service_retainer,directed,1,0.99496067,0.99496067,0.6896541831785341,"After the Italian Restaurant successfully hosted Sylvester, Ferdinand purchased Rozemyne's recipes and hired Todd for a month to teach his chefs in the temple."
Kenntrips,Magdalena,family,undirected,1,0.9949498,0.9949498,0.6896466486686814,Infobox field family/Relatives: Lestilaut (Nephew) Hannelore (Niece) Raufereg (Nephew) Lungtase (Niece) Kenntrips (Nephew) Rasantark (Nephew) Codenest (Nephew)
Bezewanst,Sylvester,family,undirected,1,0.9948954,0.9948954,0.689608941462059,Infobox field family/Relatives: Sylvester (Nephew) Georgine (Niece) Florencia (Niece-in-law) Ferdinand (Nephew-in-law) Wilfried (Great nephew) Rozemyne (Great niece through adoption) Charlotte (Great niece) Melchior (Great nephew) Detlinde (Great niece) Elvira (Cousin)
Christine,Jenni,enemy_rival,undirected,1,0.9948698,0.9948698,0.6895911968942366,"She hated Myne because she took Rosina and Wilma, two former attendants of Christine, as attendants and let them live in comfort."
Bonifatius,Veronica,family,undirected,1,0.99480116,0.99480116,0.689543619271763,"Infobox field family/Sister: Irmhilde (Half-Sister, Deceased) Veronica (In-Law) Unnamed Younger Sister (Deceased)"
Ferdinand,Rudiger,family,undirected,1,0.99477416,0.99477416,0.6895249042978879,"Infobox field family/Relatives: Karstedt (Cousin) Wilfried (Nephew) Rozemyne (Niece, Through Adoption) Charlotte (Niece) Melchior (Nephew) Henriette (Niece) Detlinde (Niece) Rudiger (Nephew)"
Letizia,Martina,family,undirected,1,0.9947584,0.9947584,0.6895139802983223,"Infobox field family/Relatives: Detlinde (Cousin) Wolfram (Cousin, Deceased) Alstede (Cousin) Blasius (Cousin) Letizia (Cousin, Adoptive) Siegrecht (Nephew)"
Lungtase,Reginald,family,undirected,1,0.9946926,0.9946926,0.6894683712138414,Infobox field family/Relatives: Lestilaut (Cousin) Hannelore (Cousin) Hildebrand (Cousin) Raufereg (Cousin) Lungtase (Cousin)
Rasantark,Werdekraf,family,undirected,1,0.9946301,0.9946301,0.6894250495150565,Infobox field family/Relatives: Hildebrand (Nephew) Kenntrips (Nephew) Rasantark (Nephew) Codenest (Nephew)
Bertilde,Veronica,family,undirected,1,0.99457127,0.99457127,0.6893842716664241,"Infobox field family/Relatives: Previous Count Leisegang (Great-Great-Grandfather, Deceased) First Count Groschel (Great-Grandfather) Bezewanst (Granduncle) Veronica (Grandaunt)"
Count Groschel,Elvira,family,undirected,1,0.99455464,0.99455464,0.6893727446288114,Infobox field family/Relatives: Previous Count Leisegang (Great-Grandfather) Count Groschel (Cousin) Traugott (Nephew)
Magdalena,Rozemyne,enemy_rival,undirected,1,0.99452245,0.99452245,0.6893504322210692,"With even more rage against the traitor, she sets off alongside the Dunkelfelger knights and makes for the auditorium, where the last remains of the enemy troops still at large in the Royal Academy are concentrated and locked in a battle with Ahrensbach and Ehrenfest forces led by Rozemyne and Ferdinand, as well as Anastasius and his personal guards."
Codenest,Reginald,family,undirected,1,0.9945082,0.9945082,0.6893405548737461,Infobox field family/Relatives: Lestilaut (Cousin) Hannelore (Cousin) Lungtase (Cousin) Raufereg (Cousin) Kenntrips (Cousin) Rasantark (Cousin) Reginald (Cousin)
Gabriele,Irmhilde,family,undirected,1,0.9945075,0.9945075,0.6893400696707198,"Infobox field family/Relatives: Gieselfried (Nephew) Brother of Gieselfried (Nephew) Georgine(Niece, In-Law) Adelbert (Nephew, In-Law, Deceased) Bonifatius (Nephew, In-Law) Irmhilde (Niece, In-Law, Deceased) Unnamed Woman (Adelbert's half-sister) (Niece, In-Law, Deceased)"
Adelbert,Gabriele,family,undirected,1,0.9945056,0.9945056,0.6893387526910767,"Infobox field family/Relatives: Gieselfried (Nephew) Brother of Gieselfried (Nephew) Georgine(Niece, In-Law) Adelbert (Nephew, In-Law, Deceased) Bonifatius (Nephew, In-Law) Irmhilde (Niece, In-Law, Deceased) Unnamed Woman (Adelbert's half-sister) (Niece, In-Law, Deceased)"
Bonifatius,Gabriele,family,undirected,1,0.9944991,0.9944991,0.6893342472344031,"Infobox field family/Relatives: Gieselfried (Nephew) Brother of Gieselfried (Nephew) Georgine(Niece, In-Law) Adelbert (Nephew, In-Law, Deceased) Bonifatius (Nephew, In-Law) Irmhilde (Niece, In-Law, Deceased) Unnamed Woman (Adelbert's half-sister) (Niece, In-Law, Deceased)"
Charlotte,Georgine,family,undirected,1,0.99445254,0.99445254,0.6893019743016763,"Infobox field family/Relatives: Karstedt (Cousin) Wilfried (Nephew) Rozemyne (Niece, Adoptive) Charlotte (Niece) Melchior (Nephew) Henrietta (Niece) Rudiger (Nephew) Aurelia (Niece) Martina (Niece) Benedikta (Granddaughter)"
Codenest,Werdekraf's Elder Brother,family,undirected,1,0.9944102,0.9944102,0.6892726264500513,Infobox field family/Relatives: Lestilaut (Nephew) Hannelore (Niece) Raufereg (Nephew) Lungtase (Niece) Hildebrand (Nephew) Codenest (Nephew)
Jenni,Wilma,enemy_rival,undirected,1,0.99439055,0.99439055,0.6892590061079533,"She hated Myne because she took Rosina and Wilma, two former attendants of Christine, as attendants and let them live in comfort."
Ralph,Wilma,friend_ally,undirected,1,0.99438137,0.99438137,0.6892526430168358,"Along with his other brothers, Ralph occasionally does little tasks for Myne and Lutz for some extra pocket money, like carving the wooden parts for hairsticks or engraving illustrations that Wilma drew on wood."
Strahl,Gieselfried,service_retainer,directed,1,0.9943104,0.9943104,0.6892034503614315,Infobox field occupation: Alexandria's Knight's Commander Rozemyne's Retainer Ferdinand's Retainer (Former) Ahrensbach Knight Commander (Former) Gieselfried's Retainer (Former) Knight
Lieseleta,Elvira,service_retainer,directed,1,0.99428755,0.99428755,0.6891876119483556,"At Elvira's suggestion, Lieseleta strives to become Rozemyne's head-attendant."
Bezewanst,Rudiger,family,undirected,1,0.9942392,0.9942392,0.6891540982821756,"Infobox field family/Relatives: Wilfried (Cousin) Charlotte (Cousin) Melchior (Cousin) Henrietta (Cousin) Detlinde (Cousin) Rozemyne (Adoptive Cousin) Bonifatius (Great Uncle) Bezewanst (Great Uncle, Deceased)"
Barthold,Sylvester,enemy_rival,undirected,1,0.9942135,0.9942135,0.6891362843996351,"He is practically a worshipper of Veronica, and as such, has a very strong dislike of Sylvester for imprisoning her."
Constanze,Detlinde,family,undirected,1,0.99419576,0.99419576,0.689123987968652,"Infobox field family/Relatives: Karstedt (Cousin) Wilfried (Nephew) Melchior (Nephew) Charlotte (Niece) Henriette (Niece) Detlinde (Niece) Rozemyne (Niece, through adoption) Detlinde (Niece) Alstede (Niece) Wolfram (Nephew, Deceased)"
Georgine,Grausam,service_retainer,directed,1,0.994152,0.994152,0.6890936558480307,*Seltier - An attendant who served her ever since she lived in Ehrenfest and followed her to Ahrensbach. *Grausam - An Ehrenfest scholar who served Georgine and swore his name to Georgine when she was still living in her old home.
Monika,Fran,service_retainer,directed,1,0.9941451,0.9941451,0.6890888731324849,"After Myne dismissed Delia from her service, Fran asked Myne to consider taking on a new attendant, so she had someone to direct her compassion towards."
Constanze,Ferdinand,family,undirected,1,0.9941438,0.9941438,0.6890879720411501,Infobox field family/Sister: Florencia (In-Law) Georgine (Half-Sister) Constanze (Half-Sister)
Jenni,Rosina,enemy_rival,undirected,1,0.99409735,0.99409735,0.6890557753546132,"She hated Myne because she took Rosina and Wilma, two former attendants of Christine, as attendants and let them live in comfort."
Bonifatius,Rudiger,family,undirected,1,0.99409336,0.99409336,0.6890530096973627,"Infobox field family/Relatives: Wilfried (Cousin) Charlotte (Cousin) Melchior (Cousin) Henrietta (Cousin) Detlinde (Cousin) Rozemyne (Adoptive Cousin) Bonifatius (Great Uncle) Bezewanst (Great Uncle, Deceased)"
Raufereg,Lestilaut,service_retainer,directed,1,0.9940404,0.9940404,0.6890163006226803,If Raufereg wins: Rasantark and Kenntrips would lose their retainerships to Lestilaut and their suitor statuses.
Bertilde,Bezewanst,family,undirected,1,0.99400204,0.99400204,0.688989711496834,"Infobox field family/Relatives: Previous Count Leisegang (Great-Great-Grandfather, Deceased) First Count Groschel (Great-Grandfather) Bezewanst (Granduncle) Veronica (Grandaunt)"
Georgine,Wilfried,family,undirected,1,0.99395883,0.99395883,0.6889597606071619,"Infobox field family/Relatives: Karstedt (Cousin) Wilfried (Nephew) Rozemyne (Niece, Adoptive) Charlotte (Niece) Melchior (Nephew) Henrietta (Niece) Rudiger (Nephew) Aurelia (Niece) Martina (Niece) Benedikta (Granddaughter)"
Ferdinand,Leonzio,enemy_rival,undirected,1,0.99395627,0.99395627,0.6889579861503797,When Ferdinand was poison by Letizia using Leonzio toys.
Cassandra,Seltier,family,undirected,1,0.99391913,0.99391913,0.6889322426640937,Infobox field family/Relatives: Janrik (Nephew) Matthias (Nephew) Barthold (Nephew) Cassandra (Neice) Tibertha (Niece)
Myne,Veronica,enemy_rival,undirected,1,0.9938651,0.9938651,0.688894791921928,"Instead of realizing what a grave crime her grandson is committing just by talking to her and warning him away, Veronica tells him all her conspiracy theories about how Ferdinand and Myne are out to destroy the duchy and how everything bad that happened is all their fault, leading to dire consequences for the boy."
Adelbert,Florencia,family,undirected,1,0.9937543,0.9937543,0.688817991214322,"Infobox field family/Father: Previous Aub Frenbeltag (Deceased) Adelbert (In-Law, Deceased)"
Charlotte,Constanze,family,undirected,1,0.9937536,0.9937536,0.6888175060112957,"Infobox field family/Relatives: Karstedt (Cousin) Wilfried (Nephew) Melchior (Nephew) Charlotte (Niece) Henriette (Niece) Detlinde (Niece) Rozemyne (Niece, through adoption) Detlinde (Niece) Alstede (Niece) Wolfram (Nephew, Deceased)"
Gunther,Jenni,enemy_rival,undirected,1,0.9937496,0.9937496,0.6888147334225734,"When Bezewanst enlists Count Bindewald to get rid of Myne, Jenni directly attacks Myne in the ensuing fight, earning her a brutal kick to her stomach by Gunther that sent her flying."
Hildebrand,Werdekraf's Elder Brother,family,undirected,1,0.9937079,0.9937079,0.6887858291851441,Infobox field family/Relatives: Lestilaut (Nephew) Hannelore (Niece) Raufereg (Nephew) Lungtase (Niece) Hildebrand (Nephew) Codenest (Nephew)
Melchior,Veronica,family,undirected,1,0.99369943,0.99369943,0.6887799582285248,"Infobox field family/Offspring: Wilfried (Grandson) Rozemyne (Granddaughter, Adoptive) Charlotte (Granddaughter) Melchior (Grandson) Henriette (Granddaughter) Wolfram (Grandson, Deceased) Detlinde (Granddaughter) Rudiger (Grandson) Alstede (Granddaughter) Benedikta (Great-Granddaugher)"
Wilfried,Oswald,service_retainer,directed,1,0.9936702,0.9936702,0.688759697536437,Oswald - Wilfried's former head attendant.
Lungtase,Raufereg,family,undirected,1,0.9936231,0.9936231,0.6887270503042325,Infobox field family/Sister: Hannelore (Half-sister) Lungtase
Ferdinand,Melchior,family,undirected,1,0.99357903,0.99357903,0.6886965033079853,"Infobox field family/Relatives: Karstedt (Cousin) Wilfried (Nephew) Rozemyne (Niece, Through Adoption) Charlotte (Niece) Melchior (Nephew) Henriette (Niece) Detlinde (Niece) Rudiger (Nephew)"
Kenntrips,Werdekraf,family,undirected,1,0.9934755,0.9934755,0.6886247417803819,Infobox field family/Relatives: Hildebrand (Nephew) Kenntrips (Nephew) Rasantark (Nephew) Codenest (Nephew)
Mark,Ortwin,enemy_rival,undirected,1,0.99346197,0.99346197,0.688615363499029,He considers Dahvidh to be an easy mark in the game.
Barthold,Janrik,family,undirected,1,0.99343574,0.99343574,0.6885971822484829,"Infobox field family/Relatives: Matthias (Cousin) Janrik (Cousin, Deceased)"
Barthold,Seltier,family,undirected,1,0.9933548,0.9933548,0.6885410789156883,Infobox field family/Relatives: Janrik (Nephew) Matthias (Nephew) Barthold (Nephew) Cassandra (Neice) Tibertha (Niece)
Charlotte,Ferdinand,family,undirected,1,0.99326926,0.99326926,0.6884817871058633,"Infobox field family/Relatives: Karstedt (Cousin) Wilfried (Nephew) Rozemyne (Niece, Through Adoption) Charlotte (Niece) Melchior (Nephew) Henriette (Niece) Detlinde (Niece) Rudiger (Nephew)"
Heisshitze,Veronica,enemy_rival,undirected,1,0.99325293,0.99325293,0.6884704680124047,During their time in the academy Heisshitze and several other Dunkelfelger knights made it their goal to rescure Ferdinand from the abuse he suffered from Lady Veronica and her faction.
Trudeliede,Karstedt,service_retainer,directed,1,0.99324703,0.99324703,0.6884663784440395,She served as Veronica's medattendant and become an archnoble upon marrying Karstedt.
Lungtase,Werdekraf's Elder Brother,family,undirected,1,0.993238,0.993238,0.688460119324999,Infobox field family/Relatives: Lestilaut (Nephew) Hannelore (Niece) Raufereg (Nephew) Lungtase (Niece) Hildebrand (Nephew) Codenest (Nephew)
Constanze,Wilfried,family,undirected,1,0.99321485,0.99321485,0.688444072967769,"Infobox field family/Relatives: Karstedt (Cousin) Wilfried (Nephew) Melchior (Nephew) Charlotte (Niece) Henriette (Niece) Detlinde (Niece) Rozemyne (Niece, through adoption) Detlinde (Niece) Alstede (Niece) Wolfram (Nephew, Deceased)"
Ferdinand,Georgine,family,undirected,1,0.99313354,0.99313354,0.6883877131705176,Infobox field family/Sister: Florencia (In-Law) Georgine (Half-Sister) Constanze (Half-Sister)
Jorg,Rozemyne,enemy_rival,undirected,1,0.9930553,0.9930553,0.6883334813351106,"He is rather jealous of Ingo, who achieved this goal at an unusually young age, and the success his carpentry workshop saw after earning the title of Gutenberg from High Bishop Rozemyne."
Clarissa,Hannelore,service_retainer,directed,1,0.9929831,0.9929831,0.6882834361086743,"Clarissa (クラリッサ, Kuralisa) was an apprentice scholar of Dunkelfelger that served as Hannelore's scholar during the book lover's tea party."
Raufereg,Kenntrips,service_retainer,directed,1,0.9929636,0.9929636,0.6882699197386533,If Raufereg wins: Rasantark and Kenntrips would lose their retainerships to Lestilaut and their suitor statuses.
Raufereg,Werdekraf's Elder Brother,family,undirected,1,0.9929189,0.9929189,0.6882389360596823,Infobox field family/Relatives: Lestilaut (Nephew) Hannelore (Niece) Raufereg (Nephew) Lungtase (Niece) Hildebrand (Nephew) Codenest (Nephew)
Matthias,Seltier,family,undirected,1,0.9927643,0.9927643,0.6881317755055677,Infobox field family/Relatives: Janrik (Nephew) Matthias (Nephew) Barthold (Nephew) Cassandra (Neice) Tibertha (Niece)
Cornelius,Wolf,family,undirected,1,0.99272436,0.99272436,0.6881040912071761,"At his own estimation, he has surpassed his father by the age of 14, and he expects to continue growing in the future. *Highbeast: His highbeast takes the shape of a winged wolf."
Corinna,Effa,enemy_rival,undirected,1,0.99267757,0.99267757,0.6880716588505977,"Corinna looks gentle and feminine at a first glance, but has no qualms in tricking Tuuli and Effa into giving commercially valuable information for free."
Adelbert,Rozemary,family,undirected,1,0.99265045,0.99265045,0.6880528606990609,"Infobox field family/Relatives: Karstedt (Nephew) Elvira (Niece, In-Law) Trudeliede (Niece, In-Law) Rozemary (Niece, In-Law, Deceased) Veronica (Cousin) Fourth Aub Ehrenfest (Grandfather)"
Brunhilde,Veronica,family,undirected,1,0.99261236,0.99261236,0.6880264587229534,"Infobox field family/Relatives: Previous Count Leisegang (Great-Great-Grandfather, Deceased) First Count Groschel (Great-Grandfather) Bezewanst (Granduncle, Disowned) Veronica (Grandaunt)"
Adolphine,Immanuel,romantic,undirected,1,0.9925764,0.9925764,0.6880015331503405,"The next year the royal family arranges for Rozemyne to hold the Starbind Ceremony, in which Prince Sigiswald and Lady Adolphine are to be married."
Cornelius,Hartmut,enemy_rival,undirected,1,0.9925488,0.9925488,0.687982402288157,"During the time Rozemyne spent unconscious in the jureve, Hartmut sharply criticized Cornelius and her guard knights for letting her be harmed."
Ferdinand,Wilfried,family,undirected,1,0.99254286,0.99254286,0.6879782849939046,"Infobox field family/Relatives: Karstedt (Cousin) Wilfried (Nephew) Rozemyne (Niece, Through Adoption) Charlotte (Niece) Melchior (Nephew) Henriette (Niece) Detlinde (Niece) Rudiger (Nephew)"
Codenest,Lungtase,family,undirected,1,0.9925056,0.9925056,0.6879524583299568,Infobox field family/Relatives: Lestilaut (Cousin) Hannelore (Cousin) Lungtase (Cousin) Raufereg (Cousin) Kenntrips (Cousin) Rasantark (Cousin) Reginald (Cousin)
Adelbert,Aub Frenbeltag,family,undirected,1,0.9924367,0.9924367,0.6879047004892163,"Infobox field family/Father: Former Aub Frenbeltag (Deceased) Adelbert (In-Law, Deceased)"
Hannelore,Werdekraf's Elder Brother,family,undirected,1,0.99240863,0.99240863,0.687885243847858,Infobox field family/Relatives: Lestilaut (Nephew) Hannelore (Niece) Raufereg (Nephew) Lungtase (Niece) Hildebrand (Nephew) Codenest (Nephew)
Lungtase,Rasantark,family,undirected,1,0.9923975,0.9923975,0.6878775291197383,Infobox field family/Relatives: Hildebrand (Cousin) Kenntrips (Cousin) Rasantark (Cousin)
Adelbert,Trudeliede,family,undirected,1,0.99231964,0.99231964,0.6878235606802598,"Infobox field family/Relatives: Karstedt (Nephew) Elvira (Niece, In-Law) Trudeliede (Niece, In-Law) Rozemary (Niece, In-Law, Deceased) Veronica (Cousin) Fourth Aub Ehrenfest (Grandfather)"
Ferdinand,Florencia,family,undirected,1,0.9923028,0.9923028,0.6878118880817393,Infobox field family/Sister: Florencia (In-Law) Georgine (Half-Sister) Constanze (Half-Sister)
Gieselfried,Lamprecht,family,undirected,1,0.99227625,0.99227625,0.6877934850240954,"Infobox field family/Relatives: Letizia (Granddaughter, Biological) Benedikta (Granddaughter) Aurelia (Niece) Martina (Niece) Lamprecht (Nephew, In-Law)"
Ferdinand,Gieselfried,romantic,undirected,1,0.9922231,0.9922231,0.6877566442514487,"To address claims and worries by Ahrensbach, Dunkelfelger, and Drewanchel about Ferdinand being mistreated in his home and forced to serve in the temple against his will, Ferdinand is summoned to the Archduke Conference and refutes these false claims and misguided worries, seemingly settling the issue of this marriage."
Anastasius,Gentiane,family,undirected,1,0.9920562,0.9920562,0.6876409579870132,"Infobox field family/Relatives: Eglantine (Cousin) Anastasius (Cousin, In Law) Stephareine (Cousin, once removed)"
Gunther,Sieg,family,undirected,1,0.99205256,0.99205256,0.687638434931276,Infobox field family/Relatives: Fey (Cousin) Gunther's Father (Distant Cousin)
Gunther,Rozemyne,family,undirected,1,0.9919533,0.9919533,0.6875696331421336,Infobox field family/Father: Karstedt (Baptismal) Sylvester (Adoptive) Gunther (Biological) Urano Motosu’s Father (Former)
Karstedt,Veronica,enemy_rival,undirected,1,0.991952,0.991952,0.6875687320507988,"To ensure that only her darling son could become the next Aub, Lady Veronica did everything in her power, to remove Sylvester's competition, which included making sure that Karstedt would be reduced to the status of an archnoble."
Hildebrand,Werdekraf,family,undirected,1,0.99193054,0.99193054,0.6875538571123041,Infobox field family/Relatives: Hildebrand (Nephew) Kenntrips (Nephew) Rasantark (Nephew) Codenest (Nephew)
Janrik,Seltier,family,undirected,1,0.99186456,0.99186456,0.6875081232613307,Infobox field family/Relatives: Janrik (Nephew) Matthias (Nephew) Barthold (Nephew) Cassandra (Neice) Tibertha (Niece)
Lueuradi,Muriella,service_retainer,directed,1,0.99186146,0.99186146,0.6875059745050709,"In her third year at the Royal Academy, Philine introduces her to a fellow retainer Muriella, who just freshly entered Lady Rozemyne's service."
Dahvidh,Ortwin,enemy_rival,undirected,1,0.99177563,0.99177563,0.6874464816825635,He considers Dahvidh to be an easy mark in the game.
Bezewanst,Brunhilde,family,undirected,1,0.9916882,0.9916882,0.6873858798245671,"Infobox field family/Relatives: Previous Count Leisegang (Great-Great-Grandfather, Deceased) First Count Groschel (Great-Grandfather) Bezewanst (Granduncle, Disowned) Veronica (Grandaunt)"
Lutz,Sieg,friend_ally,undirected,1,0.9916477,0.9916477,0.6873578073637545,"Along with his other brothers, Sieg occasionally does little tasks for Myne and Lutz for some extra pocket money, like carving the wooden parts for hairpins or engraving illustrations that Wilma drew on wood."
Lestilaut,Werdekraf's Elder Brother,family,undirected,1,0.99163604,0.99163604,0.6873497252676292,Infobox field family/Relatives: Lestilaut (Nephew) Hannelore (Niece) Raufereg (Nephew) Lungtase (Niece) Hildebrand (Nephew) Codenest (Nephew)
Bonifatius,Wilfried,family,undirected,1,0.99160904,0.99160904,0.6873310102937541,Infobox field family/Relatives: Bonifatius (Granduncle) Bezewanst (Granduncle) Detlinde (Cousin) Alstede (Cousin) Rudiger (Cousin) Fifth Aub Ehrenfest (Great-Grandfather)
Georgine,Seltier,service_retainer,directed,1,0.991593,0.991593,0.6873198922129777,*Seltier - An attendant who served her ever since she lived in Ehrenfest and followed her to Ahrensbach. *Grausam - An Ehrenfest scholar who served Georgine and swore his name to Georgine when she was still living in her old home.
Bertram,Georgine,enemy_rival,undirected,1,0.99154925,0.99154925,0.6872895670238284,"As someone name-sworn to Georgine of Ahrensbach, Sidonius was among those sentenced to execution, though it is unclear whether he is captured alive and executed, killed while resisting the arrest or committed suicide."
Effa,Rozemyne,family,undirected,1,0.9914955,0.9914955,0.6872523103628733,Infobox field family/Mother: Elvira (Baptismal) Florencia (Adoptive) Rozemary (Purported Biological) Effa (Biological) Urano Motosu’s Mother (Former)
Shikikoza,Myne,service_retainer,directed,1,0.99138695,0.99138695,0.6871770692364234,"Shikikoza (シキコーザ, Shikikooza) is a medknight and former blue priest who was assigned to protect Myne with Damuel during the trombe extermination."
Gunther,Ralph,family,undirected,1,0.9913673,0.9913673,0.6871634488943255,Infobox field family/Relatives: Fey (Cousin) Gunther's Father (Distant Cousin)
Lutz,Zasha,friend_ally,undirected,1,0.991302,0.991302,0.6871181863834349,"Along with his other brothers, Zasha occasionally does little tasks for Myne and Lutz for some extra pocket money, like carving the wooden parts for hairpins or engraving illustrations that Wilma drew on wood."
Todd,Sylvester,service_retainer,directed,1,0.99126315,0.99126315,0.6870912576154701,"After the Italian Restaurant successfully hosted Sylvester, Ferdinand purchased Rozemyne's recipes and hired Todd for a month to teach his chefs in the temple."
Rozemary,Rozemyne,family,undirected,1,0.9912578,0.9912578,0.6870875492780542,Infobox field family/Mother: Elvira (Baptismal) Florencia (Adoptive) Rozemary (Purported Biological) Effa (Biological) Urano Motosu’s Mother (Former)
Aurelia,Lamprecht,family,undirected,1,0.99124736,0.99124736,0.6870803128214891,"He is Aurelia's husband and father of their son, Siegrecht."
Hildebrand,Rasantark,family,undirected,1,0.9911408,0.9911408,0.6870064510579287,Infobox field family/Relatives: Eglantine (Cousin) Lestilaut (Cousin) Hannelore (Cousin) Reginald (Cousin) Kenntrips (Cousin) Rasantark (Cousin) Raufereg (Cousin) Lungtase (Cousin) Nahelache's Son (Half-Nephew) Stephareine (Half-Niece)
Hannelore,Raufereg,family,undirected,1,0.99112564,0.99112564,0.6869959429466713,Infobox field family/Sister: Hannelore (Half-sister) Lungtase
Ferdinand,Hasse's Mayor,enemy_rival,undirected,1,0.9910886,0.9910886,0.6869702687751034,"This leaves the mayor with no goods to sell, and once Rozemyne and Ferdinand are gone, he attacks the monastery to get the orphans back, inadvertently committing treason."
Myne,Sieg,friend_ally,undirected,1,0.9910746,0.9910746,0.6869605647145756,"Along with his other brothers, Sieg occasionally does little tasks for Myne and Lutz for some extra pocket money, like carving the wooden parts for hairpins or engraving illustrations that Wilma drew on wood."
Barthold,Matthias,family,undirected,1,0.99097365,0.99097365,0.6868905915066981,"Infobox field family/Relatives: Matthias (Cousin) Janrik (Cousin, Deceased)"
Ingo,Jorg,enemy_rival,undirected,1,0.9909533,0.9909533,0.6868764859615737,"He is rather jealous of Ingo, who achieved this goal at an unusually young age, and the success his carpentry workshop saw after earning the title of Gutenberg from High Bishop Rozemyne."
Claudio,Cornelius,family,undirected,1,0.99095017,0.99095017,0.6868743164108985,"Infobox field family/Relatives: Previous Count Leisegang (Grandfather, Deceased) Count Groschel (Cousin) Eckhart (Nephew) Lamprecht (Nephew) Cornelius (Nephew) Rozemyne (Niece)"
Hildebrand,Kenntrips,family,undirected,1,0.9909457,0.9909457,0.6868712180430014,Infobox field family/Relatives: Eglantine (Cousin) Lestilaut (Cousin) Hannelore (Cousin) Reginald (Cousin) Kenntrips (Cousin) Rasantark (Cousin) Raufereg (Cousin) Lungtase (Cousin) Nahelache's Son (Half-Nephew) Stephareine (Half-Niece)
Gervasio,Raublut,friend_ally,undirected,1,0.9908274,0.9908274,0.6867892187315412,He couldn't fulfill his promise to his dear friend and true liege Gervasio.
Blasius,Martina,family,undirected,1,0.99075013,0.99075013,0.6867356592488992,Infobox field family/Relatives: Aurelia (Cousin) Martina (Cousin) Letizia (Niece)
Shuu,Urano Motosu,friend_ally,undirected,1,0.9907285,0.9907285,0.6867206664753838,She returned home one day with her friend Shuu and went to read in her father's book room.
Deid,Karla,friend_ally,undirected,1,0.99071383,0.99071383,0.686710498006245,"When Lutz ran away from home, Deid was summoned to the temple with Karla to discuss Lutz's issues."
Alexis,Lamprecht,service_retainer,directed,1,0.99055,0.99055,0.6865969397036539,"After Veronica was imprisoned and her grandson Wilfried had his winter debut, Alexis was approached by Lamprecht and asked to serve as a guard knight for him, in part to increase the number of neutral and Leisegang nobles in his retinue."
Claudio,Lamprecht,family,undirected,1,0.9905167,0.9905167,0.6865738579025412,"Infobox field family/Relatives: Previous Count Leisegang (Grandfather, Deceased) Count Groschel (Cousin) Eckhart (Nephew) Lamprecht (Nephew) Cornelius (Nephew) Rozemyne (Niece)"
Myne,Zasha,friend_ally,undirected,1,0.9905166,0.9905166,0.686573788587823,"Along with his other brothers, Zasha occasionally does little tasks for Myne and Lutz for some extra pocket money, like carving the wooden parts for hairpins or engraving illustrations that Wilma drew on wood."
Jeremias,Rozemyne,enemy_rival,undirected,1,0.9903688,0.9903688,0.6864713414345364,He informs the Giebe and his son that Gloria had tried to assassinate Lady Rozemyne and stolen Ehrenfest's High Bishop's bible from the temple.
Claudio,Eckhart,family,undirected,1,0.99025387,0.99025387,0.6863916780290745,"Infobox field family/Relatives: Previous Count Leisegang (Grandfather, Deceased) Count Groschel (Cousin) Eckhart (Nephew) Lamprecht (Nephew) Cornelius (Nephew) Rozemyne (Niece)"
Detlinde,Strahl,enemy_rival,undirected,1,0.9902081,0.9902081,0.6863599526826204,"Just a short time later, Detlinde dismisses Strahl from his position of Knight's Commander over being ""too critical and irritating,"" for pointing out how inappropriate her frequent visits to the Lanzenave estate and open shows of affection for Lord Leonzio are, apparently not caring for his qualification and proven loyalty the slightest bit."
Eglantine,Waldifried,family,undirected,1,0.99020493,0.99020493,0.6863577554060579,"Infobox field family/Relatives: Sigiswald (Nephew) Anastasius (Nephew) Hildebrand (Nephew) Nahelache (Niece, In-Law) Eglantine (Niece)"
Immanuel,Sigiswald,romantic,undirected,1,0.99016577,0.99016577,0.6863306117624672,"The next year the royal family arranges for Rozemyne to hold the Starbind Ceremony, in which Prince Sigiswald and Lady Adolphine are to be married."
Bonifatius,Melchior,family,undirected,1,0.9900939,0.9900939,0.6862807952746004,"Infobox field family/Relatives: Bonifatius (Granduncle) Bezewanst (Granduncle, Deceased) Detlinde (Cousin) Rudiger (Cousin)"
Ignaz,Gundolf,service_retainer,directed,1,0.9900469,0.9900469,0.686248217357114,"With Rozemyne being already involved with two other joint research projects with greater duchies, she heeds Professor Gundolf's advice and delegates this one to other apprentice scholars of her duchy."
Justus,Traugott,enemy_rival,undirected,1,0.9899316,0.9899316,0.6861682974871955,"Despite his familiar attitude, he has a strong sense of loyalty and feels contempt for those who shirk their duties, including his own nephew Traugott."
Konrad,Veronica,enemy_rival,undirected,1,0.98992187,0.98992187,0.6861615531651287,"In the winter of Rozemyne's third term at the Royal Academy, Aub Ehrenfest enacts a purge of the former Veronica faction."
Claudio,Count Groschel,family,undirected,1,0.9898835,0.9898835,0.6861349571078106,"Infobox field family/Relatives: Previous Count Leisegang (Grandfather, Deceased) Count Groschel (Cousin) Eckhart (Nephew) Lamprecht (Nephew) Cornelius (Nephew) Rozemyne (Niece)"
Christine,Rozemyne,service_retainer,directed,1,0.98980194,0.98980194,0.6860784240237642,"*She was a night owl, rising late and playing music until late in the evening. *Her retainers played songs for her to wake up in the morning and getting her dressed. *She returned to the Nobles' Quarter on a regular basis. *She thinks of her time in the temple as a blissful time to enjoy. *She graduated from the Royal Academy three years before Rozemyne's entry. *In addition to Wilma and Rosina, Jenni was also one of Christine's attendants."
Cassandra,Charlotte,service_retainer,directed,1,0.98975956,0.98975956,0.686049048446252,Infobox field occupation: Royal Academy Student Charlotte's Retainer
Bonifatius,Charlotte,family,undirected,1,0.9897496,0.9897496,0.6860421447003336,"Infobox field family/Relatives: Bonifatius (Granduncle) Bezewanst (Granduncle, Deceased) Detlinde (Cousin) Rudiger (Cousin)"
Shikikoza,Damuel,service_retainer,directed,1,0.98940384,0.98940384,0.6858024821311832,"Shikikoza (シキコーザ, Shikikooza) is a medknight and former blue priest who was assigned to protect Myne with Damuel during the trombe extermination."
Corinna,Tuuli,enemy_rival,undirected,1,0.98935986,0.98935986,0.6857719975181822,"Corinna looks gentle and feminine at a first glance, but has no qualms in tricking Tuuli and Effa into giving commercially valuable information for free."
Gentiane,Hensfen,family,undirected,1,0.98932296,0.98932296,0.6857464203872196,Infobox field family/Sister: Gentiane (Half-Sister)
Anastasius,Trauerqual,family,undirected,1,0.9893071,0.9893071,0.6857354270729359,"He is the father of the three former princes, Sigiswald, Anastasius, and Hildebrand."
Elvira,Ferdinand,friend_ally,undirected,1,0.9892263,0.9892263,0.6856794207807466,"When Veronica held power in Ehrenfest, Elvira loyally supported those who faced persecution, including Ferdinand and Florencia."
Monika,Delia,service_retainer,directed,1,0.9892218,0.9892218,0.6856763016184341,"After Myne dismissed Delia from her service, Fran asked Myne to consider taking on a new attendant, so she had someone to direct her compassion towards."
Florencia,Sylvester,romantic,undirected,1,0.98913,0.98913,0.6856126707072586,"Infobox field family/Spouse: Florencia Brunhilde (Engaged, Second Wife)"
Kenntrips,Hannelore,service_retainer,directed,1,0.98903286,0.98903286,0.6855453383901391,"Kenntrips prepared well for the knight's exam, but had to forfeit both it and dream of serving as Hannelore's guard knight, when his father ordered him to become a scholar in Lord Lestilaut's service."
Immanuel,Rozemyne,enemy_rival,undirected,1,0.98902506,0.98902506,0.6855399318421307,"When Immanuel tries to move close to her, under the pretext of guiding her to a comfortable resting spot nearby, one of Rozemyne's guard knights draws her weapon and threatens to cut off his hand, if he doesn't back up."
Detlinde,Letizia's Brother,family,undirected,1,0.9889959,0.9889959,0.6855197196703456,Infobox field family/Relatives: Wolfram (Cousin) Alstede (Cousin) Detlinde (Cousin) Benedikta (Cousin)
Kazmiar,Rozemyne,service_retainer,directed,1,0.9889937,0.9889937,0.6855181947465483,Kazmiar assumed the role of High Priest to assist his lord after Hartmut left the post alongside Rozemyne's move to Alexandria.
Kazmiar,Hartmut,service_retainer,directed,1,0.9889703,0.9889703,0.6855019751025232,Kazmiar assumed the role of High Priest to assist his lord after Hartmut left the post alongside Rozemyne's move to Alexandria.
Ferdinand,Seltier,romantic,undirected,1,0.9889426,0.9889426,0.6854827749256217,"When Georgine visits Ehrenfest under the excuse of forming bonds in preparation for Detlinde's marriage to Ferdinand, Seltier accompanies her lady."
Claudio,Veronica,family,undirected,1,0.9887916,0.9887916,0.6853781097013572,Infobox field family/Relatives: Elvira (Niece) Claudio (Nephew)
Deid,Tuuli,family,undirected,1,0.9886199,0.9886199,0.685259096330455,Infobox field family/Relatives: Unnamed Younger Sibling (Deceased) Deid's Mother (Distant Cousin)
Gundolf,Hirschur,service_retainer,directed,1,0.98837787,0.98837787,0.6850913339183441,"In Rozemyne's third year at the Royal Academy, Gundolf and Hirschur are assigned to oversee the third-years' Divine Protection Acquisition."
Monika,Melchior,service_retainer,directed,1,0.9882032,0.9882032,0.6849702619003157,"Upon Rozemyne leaving the Temple due to her move to Alexandria, Monika will now serve Melchior as the new High Bishop."
Deid,Fey,family,undirected,1,0.98817563,0.98817563,0.6849511518325476,Infobox field family/Relatives: Fey (Nephew) Gunther's Father (Grand-Cousin)
Ferdinand,Erwaermen,service_retainer,directed,1,0.98815405,0.98815405,0.6849361937163913,"At some point in his time at the Royal Academy, Ferdinand fulfilled most of the trials to become a Zent candidate and then used mana to brute-force his way into the Garden of Beginnings and reach Erwaermen."
Giebe Kirnberger,Wilfried,service_retainer,directed,1,0.9881005,0.9881005,0.6848990756848723,"Several years later Lord Wilfried lost many of his retainers, giving Alexis the chance to become his guard knight, at Lamprecht's invitation."
Angelica,Bonifatius,family,undirected,1,0.9880535,0.9880535,0.684866497767386,"She is the older sister of Lieseleta, Bonifatius' disciple, and engaged to Eckhart."
Ottilie,Previous Count Leisegang,family,undirected,1,0.9879986,0.9879986,0.6848284439871731,"Infobox field family/Relatives: Previous Count Leisegang (Grandfather, In-Law, Deceased)"
Fairseele,Hannelore,friend_ally,undirected,1,0.9879538,0.9879538,0.684797390993484,"When Rozemyne went to Ahrensbach castle to rest in a room prepared by Letizia, she was attended by Fairseele, who assisted in washing her face, brushing her hair, caring her Rozemyne while she was asleep for 3 days, and arranging a meal with Hannelore and Letizia."
Ferdinand,Sieglinde,enemy_rival,undirected,1,0.98794824,0.98794824,0.6847935370951602,"Shortly after the end of Hannelore's fourth year at the Royal Academy, Dunkelfelger is informed by Ehrenfest, that Ahrensbach has commited treason and is trying to kill Ferdinand."
Deid,Kamil,family,undirected,1,0.98792434,0.98792434,0.6847769708775447,Infobox field family/Relatives: Unnamed Younger Sibling (Deceased) Deid's Mother (Distant Cousin)
Fey,Karla,family,undirected,1,0.98787594,0.98787594,0.6847434225540057,"Infobox field family/Relatives: Fey (Nephew) Gunther's Father (Grand-Cousin, In-Law)"
Aurelia,Bonifatius,family,undirected,1,0.9878633,0.9878633,0.6847346611736433,"Infobox field family/Relatives: Heidemarie (Granddaughter-in-Law, Deceased) Sylvester (Nephew) Georgine (Niece) Constanze (Niece) Aurelia (Granddaughter-in-Law)"
Bonifatius,Constanze,family,undirected,1,0.9878507,0.9878507,0.6847259275191683,"Infobox field family/Relatives: Heidemarie (Granddaughter-in-Law, Deceased) Sylvester (Nephew) Georgine (Niece) Constanze (Niece) Aurelia (Granddaughter-in-Law)"
Deid,Rozemyne,family,undirected,1,0.9878269,0.9878269,0.684709430616271,"Infobox field family/Relatives: Detlinde (Cousin, Adoptive) Rudiger (Cousin, Adoptive) Traugott (Cousin, Baptismal) Previous Count Leisegang (Great-Grandfather, Baptismal, Deceased) Siegrecht (Nephew, Baptismal) Deid's Mother (Distant Cousin,Biological)"
Bonifatius,Sylvester,family,undirected,1,0.9878236,0.9878236,0.6847071432305751,"Infobox field family/Relatives: Heidemarie (Granddaughter-in-Law, Deceased) Sylvester (Nephew) Georgine (Niece) Constanze (Niece) Aurelia (Granddaughter-in-Law)"
Milda,Renate,family,undirected,1,0.98779917,0.98779917,0.6846902096449541,Infobox field family/Relatives: Renate (Niece) Knut (Nephew) }}
Lutz,Ralph,friend_ally,undirected,1,0.9877908,0.9877908,0.6846844080030527,"Along with his other brothers, Ralph occasionally does little tasks for Myne and Lutz for some extra pocket money, like carving the wooden parts for hairsticks or engraving illustrations that Wilma drew on wood."
Brigitte,Elvira,romantic,undirected,1,0.9877417,0.9877417,0.6846503744764872,"To prevent Rozemyne from making rash decisions in order to support her knights' marriage, Elvira soon finds a suitable mednoble husband for Brigitte."
Lestilaut,Lungtase,family,undirected,1,0.9876922,0.9876922,0.6846160636910497,Infobox field family/Sister: Hannelore Lungtase (Half-Sister)
Magdalena,Veronica,enemy_rival,undirected,1,0.9876809,0.9876809,0.6846082311279093,"During her time at the Royal Academy, a large group of Dunkelfelger knights made it their goal to rescue Ferdinand from the deprivations he had to suffer at the hands of Lady Veronica and her faction by marrying him into their own duchy."
Janrik,Veronica,enemy_rival,undirected,1,0.9875854,0.9875854,0.6845420355721658,"The following winter, Aub Ehrenfest enacts a purge of the former Veronica faction, with anyone who is name-sworn to Georgine or who committed severe crimes against the archducal family and duchy being executed."
Bonifatius,Georgine,family,undirected,1,0.9875351,0.9875351,0.6845071702689837,"Infobox field family/Relatives: Heidemarie (Granddaughter-in-Law, Deceased) Sylvester (Nephew) Georgine (Niece) Constanze (Niece) Aurelia (Granddaughter-in-Law)"
Monika,Myne,service_retainer,directed,1,0.9874923,0.9874923,0.6844775035696556,"After Myne dismissed Delia from her service, Fran asked Myne to consider taking on a new attendant, so she had someone to direct her compassion towards."
Charlotte,Lamprecht,family,undirected,1,0.9874708,0.9874708,0.6844626009052736,"Although they are cousins, the two girls only met each other at the wedding of Lamprecht and Freuden, with Aurelia and Bettina, where Charlotte and Detlinde only exchanged polite, formal greetings."
Aub Frenbeltag,Charlotte,family,undirected,1,0.98744535,0.98744535,0.6844449603095284,"Infobox field family/Relatives: Wilfried (Nephew) Rozemyne (Niece, Adoptive) Charlotte (Niece) Melchior (Nephew) Detlinde (Niece, In-Law) Alstede (Niece, In-Law)"
Sylvester,Rihyarda,service_retainer,directed,1,0.98742294,0.98742294,0.684429426881212,*Rihyarda - Sylvester's former head-attendant during his childhood and a big part of his rearing.
Charlotte,Freuden,family,undirected,1,0.9874117,0.9874117,0.6844216359069025,"Although they are cousins, the two girls only met each other at the wedding of Lamprecht and Freuden, with Aurelia and Bettina, where Charlotte and Detlinde only exchanged polite, formal greetings."
Aub Frenbeltag,Melchior,family,undirected,1,0.9873881,0.9873881,0.6844052776334413,"Infobox field family/Relatives: Wilfried (Nephew) Rozemyne (Niece, Adoptive) Charlotte (Niece) Melchior (Nephew) Detlinde (Niece, In-Law) Alstede (Niece, In-Law)"
Aub Frenbeltag,Detlinde,family,undirected,1,0.98737216,0.98737216,0.6843942288673832,"Infobox field family/Relatives: Wilfried (Nephew) Rozemyne (Niece, Adoptive) Charlotte (Niece) Melchior (Nephew) Detlinde (Niece, In-Law) Alstede (Niece, In-Law)"
Aurelia,Nikolaus,family,undirected,1,0.98725665,0.98725665,0.6843141634365567,"Infobox field family/Sister: Rozemyne (Half-Sister) Aurelia (Half-Sister, In-Law)"
Blasius,Gieselfried,family,undirected,1,0.98718876,0.98718876,0.6842671056744685,Infobox field family/Father: Gieselfried (Deceased)
Deid,Myne,family,undirected,1,0.98716766,0.98716766,0.6842524802689587,Infobox field family/Relatives: Unnamed Younger Sibling (Deceased) Deid's Mother (Distant Cousin)
Count Bindewald,Jenni,enemy_rival,undirected,1,0.9871358,0.9871358,0.684230396599786,"When Bezewanst enlists Count Bindewald to get rid of Myne, Jenni directly attacks Myne in the ensuing fight, earning her a brutal kick to her stomach by Gunther that sent her flying."
Georgine,Trudeliede,enemy_rival,undirected,1,0.9870821,0.9870821,0.6841931745961899,"In her son's ninth winter, Ehrenfest enacts a purge of the former Veronica faction and anyone associated with Georgine."
Cassandra,Janrik,family,undirected,1,0.98702013,0.98702013,0.6841502202654106,"Infobox field family/Relatives: Matthias (Cousin) Janrik (Cousin, Deceased)"
Trudeliede,Sylvester,service_retainer,directed,1,0.9869444,0.9869444,0.6840977282294269,"As Veronica's former loyal retainer and name-sworn she shares much of her lady's likes and dislikes, including a thorough disdain for Ferdinand, considerable antipathy toward Rozemyne on account of believing that she is a commoner and her involvement in Veronica's fall, and naturally also hostility toward Sylvester for imprisoning Veronica."
Mark,Benno,service_retainer,directed,1,0.98691815,0.98691815,0.6840795331159372,"Mark (マルク, Maruku) is a leherl at Benno's store and his right-hand man."
Hannelore,Andrea,service_retainer,directed,1,0.9868881,0.9868881,0.6840587040431614,*Cordula - Hannelore's head attendant and the adult retainer she took along to the Royal Academy. *Andrea - A female apprentice arch attendant
Otto,Gunther,service_retainer,directed,1,0.98681706,0.98681706,0.6840094628674543,"He previously served under Gunther as a soldier at the city gate, where he taught Myne how to read and write."
Georgine,Roswitha,enemy_rival,undirected,1,0.9867758,0.9867758,0.6839808636147845,"Shortly before Georgine, Detlinde and their Lanzenave allies launch their insurrection, they abduct and imprison Roswitha to isolate Letizia and make her easier to manipulate for their plans."
Solange,Schwartz and Weiss,service_retainer,directed,1,0.98670745,0.98670745,0.6839334870049932,Solange diligently kept pouring mana into the dormant Schwartz and Weiss.
Laura,Myne,friend_ally,undirected,1,0.9867073,0.9867073,0.6839333830329161,"She is a friend of Tuuli, who grew up living near Myne's family in the lower city."
Bonifatius,Heidemarie,family,undirected,1,0.9866514,0.9866514,0.6838946361055228,"Infobox field family/Relatives: Heidemarie (Granddaughter-in-Law, Deceased) Sylvester (Nephew) Georgine (Niece) Constanze (Niece) Aurelia (Granddaughter-in-Law)"
Aub Frenbeltag,Rozemyne,family,undirected,1,0.9866411,0.9866411,0.6838874966895631,"Infobox field family/Relatives: Wilfried (Nephew) Rozemyne (Niece, Adoptive) Charlotte (Niece) Melchior (Nephew) Detlinde (Niece, In-Law) Alstede (Niece, In-Law)"
Josef,Heidi,service_retainer,directed,1,0.98662007,0.98662007,0.6838729198043558,"When he was an apprentice, Josef was told to look after Heidi."
Barthold,Cassandra,family,undirected,1,0.9865341,0.9865341,0.6838133299412431,Infobox field family/Sister: Cassandra Tibertha
Bertram,Veronica,enemy_rival,undirected,1,0.98652434,0.98652434,0.6838065648247609,"The year before Bertram's Baptism, Aub Ehrenfest enacts a purge of the former Veronica faction."
Fraularm,Hirschur,enemy_rival,undirected,1,0.98650914,0.98650914,0.6837960289876164,"Fraularm is prideful, irritable, and resistant to change, such that Hirschur described her as ""hardheaded""."
Sigiswald,Waldifried,family,undirected,1,0.9865064,0.9865064,0.6837941297643416,"Infobox field family/Relatives: Sigiswald (Nephew) Anastasius (Nephew) Hildebrand (Nephew) Nahelache (Niece, In-Law) Eglantine (Niece)"
Damuel,Philine,romantic,undirected,1,0.98633885,0.98633885,0.6836779929542388,Infobox field family/Spouse: Philine (Engaged)
Aub Frenbeltag,Wilfried,family,undirected,1,0.9862742,0.9862742,0.6836331809890156,"Infobox field family/Relatives: Wilfried (Nephew) Rozemyne (Niece, Adoptive) Charlotte (Niece) Melchior (Nephew) Detlinde (Niece, In-Law) Alstede (Niece, In-Law)"
Waldifried,Hortensia,service_retainer,directed,1,0.9861616,0.9861616,0.6835551326164845,"After his death, his loyal retainer Hortensia, who was taken in by the third prince, was put in charge of cleaning up Waldifried's villa while the war still raged on."
Zahm,Rozemyne,service_retainer,directed,1,0.9861436,0.9861436,0.6835426559672345,"Zahm (ザーム, Zaamu) is a gray priest and one of Rozemyne's temple attendants."
Wilfried,Ignaz,service_retainer,directed,1,0.9861102,0.9861102,0.6835195048514038,Ignaz - One of Wilfried's apprentice scholars at the royal academy.
Aurelia,Charlotte,family,undirected,1,0.9859751,0.9859751,0.6834258606673101,"Although they are cousins, the two girls only met each other at the wedding of Lamprecht and Freuden, with Aurelia and Bettina, where Charlotte and Detlinde only exchanged polite, formal greetings."
Anastasius,Waldifried,family,undirected,1,0.9859372,0.9859372,0.6833995903891669,"Infobox field family/Relatives: Sigiswald (Nephew) Anastasius (Nephew) Hildebrand (Nephew) Nahelache (Niece, In-Law) Eglantine (Niece)"
Marianne,Gundolf,service_retainer,directed,1,0.98588204,0.98588204,0.6833613563906872,"With Rozemyne being already involved with two other joint research projects with greater duchies, she heeds Professor Gundolf's advice and delegates this one to other apprentice scholars of her duchy."
Nikolaus,Rozemyne,family,undirected,1,0.9858293,0.9858293,0.6833247998083845,"Infobox field family/Sister: Rozemyne (Half-Sister) Aurelia (Half-Sister, In-Law)"
Nahelache,Waldifried,family,undirected,1,0.98574394,0.98574394,0.6832656327650518,"Infobox field family/Relatives: Sigiswald (Nephew) Anastasius (Nephew) Hildebrand (Nephew) Nahelache (Niece, In-Law) Eglantine (Niece)"
Adelbert,Giebe Kirnberger,family,undirected,1,0.9854938,0.9854938,0.6830922489293066,"Giebe Kirnberger's father was quite fond of Bonifatius and openly wished that Bonifatius would have become the sixth Aub Ehrenfest, in place of his younger brother Adelbert."
Nicola,Fran,service_retainer,directed,1,0.9854365,0.9854365,0.6830525315958605,"After Myne dismissed Delia from her service, Fran asked Myne to consider taking on a new attendant, so she had someone to direct her compassion towards."
Blasius,Detlinde,family,undirected,1,0.9852958,0.9852958,0.6829550057875557,"Infobox field family/Sister: Alstede (Half-Sister) Detlinde (Half-Sister) Letizia (Half-Sister, Adoptive) Several other unnamed women"
Damuel,Lieseleta,friend_ally,undirected,1,0.98522806,0.98522806,0.6829080519975446,She even shows a playful side by lightly teasing Damuel on occasion.
Freuden,Veronica,enemy_rival,undirected,1,0.98495793,0.98495793,0.68272081214966,The next year in winter Ehrenfest enacts a thorough purge of anyone associated with either the former Veronica faction or Georgine.
Ferdinand,Hirschur,enemy_rival,undirected,1,0.9848118,0.9848118,0.6826195225521647,"Due to Lady Veronica's paranoia and spite, she did everything she could to mess with Ferdinand and anyone who would associate with him."
Otto,Myne,service_retainer,directed,1,0.98473537,0.98473537,0.6825665453131545,"He previously served under Gunther as a soldier at the city gate, where he taught Myne how to read and write."
Erwaermen,Ewigeliebe,enemy_rival,undirected,1,0.98469377,0.98469377,0.6825377103904432,"It was Erwaermen who invented Ivory Buildings, for the purpose of providing mana-wielders with a place to live, which shields them from Ewigeliebe's detection, who would otherwise steal their mana, which would result in their deathes."
Lueuradi,Philine,service_retainer,directed,1,0.9846169,0.9846169,0.6824844281666737,"In her third year at the Royal Academy, Philine introduces her to a fellow retainer Muriella, who just freshly entered Lady Rozemyne's service."
Magdalena,Trauerqual,enemy_rival,undirected,1,0.9845819,0.9845819,0.682460168015354,"From this, Magdalena correctly deduces that Raublut betrayed them and used trug on Trauerqual."
Heidemarie,Lamprecht,family,undirected,1,0.9845548,0.9845548,0.6824413837267608,"Infobox field family/Sister: Rozemyne Heidemarie (In-law, Deceased)"
Sylvester,Rozemyne,service_retainer,directed,1,0.9843917,0.9843917,0.6823283314216115,Left Sylvester's service to serve Rozemyne upon her adoption into the archducal family Returned into Sylvester's service after the purge of the former Veronica faction after Rozemyne's third year at the Royal Academy.
Gervasio,Valamarlene,enemy_rival,undirected,1,0.98428184,0.98428184,0.6822521822723552,"After the civil war, the Adalgisa villa was closed by the new Zent Trauerqual and all its remaining inhabitants were executed, including Valamarlene, which would eventually set off Gervasio and Raublut's plans to conquer Yurgenschmidt, so they could abolish the inhumane Adalgisa deal for good and never let anything like it happen again."
Gabriele,Matthias,family,undirected,1,0.9842094,0.9842094,0.6822019706905954,Infobox field family/Grandmother: Archattendant of Gabriele (Deceased)
Lasfam,Veronica,enemy_rival,undirected,1,0.98413163,0.98413163,0.6821480646343633,"Originally, Lasfam was assigned to Ferdinand as an insult by Lady Veronica."
Effa,Gunther,family,undirected,1,0.9840932,0.9840932,0.6821214269882143,"He applied for apprenticeship at the gate, asking the commander, who was also Effa's father, and was accepted."
Gunther,Zasha,family,undirected,1,0.9839976,0.9839976,0.6820551621177529,Infobox field family/Relatives: Fey (Counsin) Gunther's Father (Distant Cousin)
Hortensia,Rozemyne,friend_ally,undirected,1,0.9837806,0.9837806,0.6819047491795713,"Hortensia shows the same kind of gentle demeanor as Eglantine, and according to Solange, is a true bookworm likely to get along very well with Rozemyne."
Martina,Georgine,service_retainer,directed,1,0.9837266,0.9837266,0.6818673192318211,"Despite originally planning to become a scholar and serve Lord Wolfram upon entering the Royal Academy, when Georgine offered to make Martina an attendant of her daughter Detlinde, Martina accepted and dedicated herself to this new role."
Kamil,Rozemyne,friend_ally,undirected,1,0.9835955,0.9835955,0.6817764476364496,"Because she's strongly averse towards suffering and shows concern to others regardless of social status, she has a reputation for being compassionate and is often scolded for being “too soft.” In addition, Rozemyne has a soft spot for younger siblings, like Kamil and Charlotte."
Lasfam,Justus,service_retainer,directed,1,0.9835227,0.9835227,0.6817259865217049,"Upon his entry into the temple, Ferdinand offered to return Eckhart and Justus's names, but asked Lasfam to stay in his service and care for the mansion in his absence, to which Lasfam happily agreed."
Elvira,Florencia,friend_ally,undirected,1,0.98351073,0.98351073,0.6817176895499536,"When Veronica held power in Ehrenfest, Elvira loyally supported those who faced persecution, including Ferdinand and Florencia."
Myne,Ralph,friend_ally,undirected,1,0.98343545,0.98343545,0.681665509430201,"Along with his other brothers, Ralph occasionally does little tasks for Myne and Lutz for some extra pocket money, like carving the wooden parts for hairsticks or engraving illustrations that Wilma drew on wood."
Aurelia,Previous Count Leisegang,family,undirected,1,0.98335546,0.98335546,0.6816100645872281,"Infobox field family/Relatives: Elvira (Granddaughter, In-Law) Trudeliede (Granddaughter, In-Law) Rozemary (Granddaughter-In-Law, Deceased) Heidemarie (Great-Granddaughter, In-Law, Deceased) Aurelia (Great-Granddaughter, In-Law)"
Bertram,Freuden,family,undirected,1,0.9833318,0.9833318,0.681593664724936,"Infobox field family/Brother: Laurenz (Half-Brother) Freuden (Half-Brother, Deceased)"
Heidemarie,Previous Count Leisegang,family,undirected,1,0.98326993,0.98326993,0.6815507797088748,"Infobox field family/Relatives: Elvira (Granddaughter, In-Law) Trudeliede (Granddaughter, In-Law) Rozemary (Granddaughter-In-Law, Deceased) Heidemarie (Great-Granddaughter, In-Law, Deceased) Aurelia (Great-Granddaughter, In-Law)"
Previous Count Leisegang,Sylvester,enemy_rival,undirected,1,0.9832683,0.9832683,0.6815496498789705,"During the reign of the Sixth Aub Ehrenfest and later under Sylvester, Veronica mistreated basically anyone who wasn't a clear ally to her, with the Leisegangs in particular due to their influence and open opposition to anyone with Ahrensbach blood."
Lily,Hartmut,service_retainer,directed,1,0.9831062,0.9831062,0.6814372907210017,"When Hartmut becomes Rozemyne's retainer, he starts to visit the orphanage."
Previous Count Leisegang,Rozemary,family,undirected,1,0.983064,0.983064,0.6814080399099821,"Infobox field family/Relatives: Elvira (Granddaughter, In-Law) Trudeliede (Granddaughter, In-Law) Rozemary (Granddaughter-In-Law, Deceased) Heidemarie (Great-Granddaughter, In-Law, Deceased) Aurelia (Great-Granddaughter, In-Law)"
Heidemarie,Eckhart,service_retainer,directed,1,0.98303026,0.98303026,0.68138465312411,"Justus recommended Eckhart become a retainer, and Heidiemarie soon followed."
Lily,Rozemyne,service_retainer,directed,1,0.98300433,0.98300433,0.681366679817718,"When Hartmut becomes Rozemyne's retainer, he starts to visit the orphanage."
Angelica,Eckhart,romantic,undirected,1,0.9829957,0.9829957,0.6813606979575498,"Infobox field family/Spouse: Eckhart (Betrothed, Former and Current)"
Gretia,Damuel,service_retainer,directed,1,0.98289526,0.98289526,0.6812910782547345,"To everyone's surprise the burly knight invited himself in to witness someone doing the ritual and to spare Gretia, Rozemyne reluctantly offered up Damuel to do this."
Roswitha,Ferdinand,service_retainer,directed,1,0.98274386,0.98274386,0.6811861357715976,"When Lord Ferdinand arrives in Ahrensbach, Sergius volunteers to become his attendent, due to the respect that Ferdinand earned from him in their shared time at the Royal Academy."
Ferdinand,Gloria,enemy_rival,undirected,1,0.982675,0.982675,0.6811384056567442,"Gloria developed a strong grudge against Myne and Ferdinand, holding them personally responsible for her son's death."
Viscount Dahldolf,Shikikoza,service_retainer,directed,1,0.9826697,0.9826697,0.6811347319766873,"Some time later, Shikikoza participated in a trombe extermination as a knight, where he was assigned to guard Myne."
Adolphine,Rozemyne,enemy_rival,undirected,1,0.9826574,0.9826574,0.6811262062663664,"When Detlinde tries to pressure Rozemyne for a hairpin of her own, Adolphine steps in and sharply chastises her rudeness."
Gustav,Liz,enemy_rival,undirected,1,0.9825868,0.9825868,0.6810772700754189,"Benno, who loved Liz, was furious, deepening his hatred for Gustav."
Karstedt,Rozemary,romantic,undirected,1,0.98258036,0.98258036,0.681072806207576,"Finally, Karstedt married his third wife Rozemary, a mednoble who had an abundance of mana."
Fraularm,Hannelore,enemy_rival,undirected,1,0.9825454,0.9825454,0.6810485737821437,"During the counter-push of the Defense of Ehrenfest, she is captured in Bindewald by Hannelore and Rozemyne's guard knights and sent to the Ahrensbach castle as a prisoner."
Bonifatius,Lieseleta,romantic,undirected,1,0.9825373,0.9825373,0.681042959289981,"Lieseleta's family being faction neutral, despite the budding connections they have with both Rozemyne and Bonifatius, and her having archnoble levels of mana, makes her attractive enough of a match for Thorsten, the family is willing to marry their son down into the mednoble family, while such a match would grant Lieseleta's family a future husband who fulfills all their wishes, except being an attendant."
Judithe,Alexis,service_retainer,directed,1,0.9823564,0.9823564,0.6809175689650179,"When his son Alexis was chosen to be a guard knight for a member of the archducal family, he picked Judithe's father to give the boy extra lessons and training to be up to the task."
Bezewanst,Jenni,enemy_rival,undirected,1,0.9823239,0.9823239,0.6808950416816496,"When Bezewanst enlists Count Bindewald to get rid of Myne, Jenni directly attacks Myne in the ensuing fight, earning her a brutal kick to her stomach by Gunther that sent her flying."
Gunther,Karla,family,undirected,1,0.9822134,0.9822134,0.6808184489181978,"Infobox field family/Relatives: Fey (Nephew) Gunther's Father (Grand-Cousin, In-Law)"
Kamil,Myne,family,undirected,1,0.9821993,0.9821993,0.6808086755429519,Infobox field family/Sister: Tuuli Myne (Officially Deceased)
Bonifatius,Previous Count Leisegang,family,undirected,1,0.9819816,0.9819816,0.6806577774017439,Infobox field family/Father: Fifth Aub Ehrenfest Previous Count Leisegang (In-Law) (Deceased)
Eglantine,Trauerqual,family,undirected,1,0.9818963,0.9818963,0.6805986519472422,Infobox field family/Father: Former Third Prince (Deceased) Previous Aub Klassenberg (Adoptive) Trauerqual (In-Law)
Count Leisegang,Hartmut,family,undirected,1,0.98181,0.98181,0.6805388333455599,Infobox field family/Relatives: Leonore (Niece) Oliswalt (Nephew) Hartmut (Nephew)
Rozemary,Viscount Joisontak,family,undirected,1,0.9816958,0.9816958,0.68045967593754,Infobox field family/Sister: Rozemary (Deceased)
Angelica,Uderick,family,undirected,1,0.98168314,0.98168314,0.6804509006942341,Infobox field family/Sister: Angelica (Adoptive) Lieseleta (Adoptive))
Ferdinand,Ymir,service_retainer,directed,1,0.98164475,0.98164475,0.6804242907739724,He was occasionally sent to Hartmut to assist him in his new duties. *Ymir - A gray priest serving Ferdinand until his departure.
Lungtase,Werdekraf,family,undirected,1,0.98159146,0.98159146,0.6803873529607203,Infobox field family/Father: Werdekraf
Ferdinand,Hartmut,service_retainer,directed,1,0.9815611,0.9815611,0.6803663090123185,He was occasionally sent to Hartmut to assist him in his new duties. *Ymir - A gray priest serving Ferdinand until his departure.
Gabriele,Grausam,family,undirected,1,0.98155576,0.98155576,0.6803626076063743,Infobox field family/Mother: Archattendant of Gabriele (Deceased)
Brigitte,Damuel,service_retainer,directed,1,0.98150426,0.98150426,0.6803269105265755,"She expects to resign from service and return to Illgner, while Damuel expects to continue serving Rozemyne in the temple."
Gervasio,Leonzio,family,undirected,1,0.9813378,0.9813378,0.6802115292468995,Infobox field family/Relatives: Ferdinand (Nephew) Leonzio (Cousin)
Gervasio,Trauerqual,enemy_rival,undirected,1,0.98129714,0.98129714,0.6801833458825379,"After the civil war, the Adalgisa villa was closed by the new Zent Trauerqual and all its remaining inhabitants were executed, including Valamarlene, which would eventually set off Gervasio and Raublut's plans to conquer Yurgenschmidt, so they could abolish the inhumane Adalgisa deal for good and never let anything like it happen again."
Hirschur,Veronica,enemy_rival,undirected,1,0.9810963,0.9810963,0.6800441342027943,"This not only caused Hirschur to receive regular insulting messages from Veronica herself, but Veronica also had the students of her faction and their adult attendants mess with her in any way they could get away with, which caused her to often sleep in her laboratory and eventually to move entirely to the scholar's building."
Monika,Wilma,service_retainer,directed,1,0.98109186,0.98109186,0.6800410566293126,"When Monika was first appointed as an attendant, she commented to Rozemyne that she would be serving in Wilma's place as Wilma would not leave the orphanage."
Rozemyne,Thorsten,romantic,undirected,1,0.9810831,0.9810831,0.6800349846600109,"Lieseleta's family wishes to find a future husband for their family, who serves a member of the archducal family, who has archnoble levels of mana and who's willing to marry down into their mednoble family, and Thorsten's family, would get the connection to Rozemyne they hope for."
Raufereg,Werdekraf,family,undirected,1,0.9810697,0.9810697,0.6800256964877914,Infobox field family/Father: Werdekraf
Cassandra,Matthias,family,undirected,1,0.98084474,0.98084474,0.6798697660980526,"Infobox field family/Relatives: Matthias (Cousin) Janrik (Cousin, Deceased)"
Nicola,Myne,service_retainer,directed,1,0.9807793,0.9807793,0.6798244065465567,"After Myne dismissed Delia from her service, Fran asked Myne to consider taking on a new attendant, so she had someone to direct her compassion towards."
Freuden,Georgine,enemy_rival,undirected,1,0.98073226,0.98073226,0.6797918009031833,The next year in winter Ehrenfest enacts a thorough purge of anyone associated with either the former Veronica faction or Georgine.
Lestilaut,Werdekraf,family,undirected,1,0.9802127,0.9802127,0.6794316693540515,Infobox field family/Father: Werdekraf
Benno,Renate,romantic,undirected,1,0.9802107,0.9802107,0.6794302830596903,Infobox field family/Uncle: Benno Jares (Milda's Husband)
Theodore,Alexis,service_retainer,directed,1,0.9801531,0.9801531,0.6793903577820901,"When the Giebe's son Alexis was chosen to be a guard knight for a member of the archducal family, he picked Theodore's father to give the boy extra lessons and training to be up to the task."
Magdalena,Reginald,family,undirected,1,0.97970164,0.97970164,0.6790774295559545,Infobox field family/Aunt: Sieglinde Magdalena
Nahelache,Trauerqual,family,undirected,1,0.97969204,0.97969204,0.6790707753430212,Infobox field family/Offspring: Nahelache's Child (Grandson) Stephareine (Granddaughter)
Liebeskhilfe,Goddess of Light,service_retainer,directed,1,0.97965986,0.97965986,0.6790484698667507,"Liebeskhilfe (リーベスクヒルフェ, Riibesukuhirufe) is the Goddess of Binding and a subordinate of the Goddess of Light."
Heidemarie,Justus,service_retainer,directed,1,0.979542,0.979542,0.6789667755400499,"Justus recommended Eckhart become a retainer, and Heidiemarie soon followed."
Damian,Gustav,family,undirected,1,0.97925,0.97925,0.6787643765633264,Infobox field family/Offspring: Freida (Granddaughter) Damian (Grandson)
Heidemarie,Rozemyne,family,undirected,1,0.97899455,0.97899455,0.6785873121160524,"Infobox field family/Sister: Charlotte (Adoptive) Henriette (Adoptive) Heidemarie (Baptismal, In-Law, Deceased) Tuuli (Biological) Aurelia (In-Law)"
Hannelore,Trauerqual,family,undirected,1,0.9789089,0.9789089,0.6785279440600374,"As relatives of Trauerqual's third wife Magdalena, Hannelore and her brother Lestilaut occasionally visited her and her son Prince Hildebrand at their royal villa in the Sovereignty, but didn't form a particularly close relationship with the prince."
Adelbert,Rihyarda,service_retainer,directed,1,0.9787667,0.9787667,0.6784293785309617,"Adelbert assigned the archducal family's trusted attendant Rihyarda to train his Karstedt before his baptism, after which he would enter the castle as an archduke candidate."
Lestilaut,Schwartz and Weiss,enemy_rival,undirected,1,0.9787643,0.9787643,0.6784277149777285,"Rozemyne considers him to be a ""musclehead."" He demonstrated a tendency to act without thinking things through, when escalating a dispute over the mastership of Schwartz and Weiss into full-on combat within the halls of the Royal Academy."
Konradin,Rozemyne,friend_ally,undirected,1,0.97857565,0.97857565,0.6782969527621159,"Konradin (コンラーディン, Konrādin) is an archduke candidate from Gaussbuttel and a classmate of Wilfried and Rozemyne."
Clementia,Trauerqual,romantic,undirected,1,0.9784359,0.9784359,0.6782000854436326,"Infobox field family/Spouse: Magdalena (First Wife, Former Third Wife) Clementia (Second Wife) Ralfrieda (Third Wife , Former First Wife )"
Reginald,Sieglinde,family,undirected,1,0.97835106,0.97835106,0.678141278836834,Infobox field family/Aunt: Sieglinde Magdalena
Ferdinand,Irmhilde,family,undirected,1,0.97824794,0.97824794,0.6780698014995745,Infobox field family/Aunt: Irmhilde (Deceased) Valamarlene (Deceased)
Konradin,Wilfried,friend_ally,undirected,1,0.97792816,0.97792816,0.677848146894175,"Konradin (コンラーディン, Konrādin) is an archduke candidate from Gaussbuttel and a classmate of Wilfried and Rozemyne."
Hildebrand,Magdalena,family,undirected,1,0.97792715,0.97792715,0.6778474468155227,Infobox field family/Mother: Magdalena
Anastasius,Harland,service_retainer,directed,1,0.97783536,0.97783536,0.6777838228358192,*Harland - Head guard knight. *Mergild - Guard knight. *Enandol - Guard knight. *Vonriedo - Guard knight.
Hannelore,Cordula,service_retainer,directed,1,0.9778346,0.9778346,0.6777832960439619,*Cordula - Hannelore's head attendant and the adult retainer she took along to the Royal Academy. *Andrea - A female apprentice arch attendant
Hannelore,Rozemyne,friend_ally,undirected,1,0.9778216,0.9778216,0.6777742851306146,"As such, she can become quite animated when discussing books with Rozemyne."
Gerda,Tuuli,enemy_rival,undirected,1,0.97773916,0.97773916,0.6777171420770493,Due to this Myne hates being at Gerda's and immediately charges straight into Tuuli's arms when she comes to get Myne.
Hannelore,Tuuli,friend_ally,undirected,1,0.97759414,0.97759414,0.6776166218729245,"Coincidentally, both of them are shy book lovers that Rozemyne quickly became fond of. **She is also similar to Freida in hairstyle and was someone with slightly higher status than Myne/Rozemyne when they first met, but she achieved something Freida couldn't -- becoming Rozemyne's best friend. *Privately Rozemyne thinks of Hannelore as ""quiet and fluffy"", but also a capable archduke candidate. *Hannelore is the third person that Rozemyne described as an angel internally, after Tuuli and Charlotte."
Konrad,Rozemyne,enemy_rival,undirected,1,0.97753656,0.97753656,0.6775767104582678,"Before they go to the temple, Rozemyne attempts to heal Konrad; however, his memories of being abused by Jonsara send him into a fit of panic at the sight of her schtappe."
Leon,Sylvester,service_retainer,directed,1,0.9774533,0.9774533,0.6775189990240144,"When the topic of food comes up, he decides to report to Benno and organize the proper means to serve food to Sylvester."
Heisshitze,Trauerqual,romantic,undirected,1,0.9773228,0.9773228,0.6774285433169513,This infuriated Magdalena who was already in love with Trauerqual the fifth prince.
Schwartz and Weiss,Rozemyne,service_retainer,directed,1,0.9772775,0.9772775,0.677397143749672,"Just a few days later, however, Hortensia is able to dedicate more of her mana to the shumils and finish the transfer of mastership. |- |Hortensia |Primary |In Rozemyne's third year, the Sovereignty dispatched Hortensia to serve as an archnoble librarian in the Royal Academy and specifically take over mastership of Schwartz and Weiss from Rozemyne."
Christel,Ferdinand,family,undirected,1,0.9771394,0.9771394,0.6773014201240366,"Together with her daughter, she bought three illustrations of Ferdinand, as well as some cookies."
Ferdinand,Lothar,enemy_rival,undirected,1,0.97700673,0.97700673,0.6772094602875918,"When Ferdinand first came to the temple, he chose to pick the absolute minimum number of attendant gray priests due the mistrust that years of abuse and assassination attempts by Veronica has ingrained in him."
Judithe,Philine,friend_ally,undirected,1,0.9769845,0.9769845,0.6771940516257678,"Due to having grown up with several brothers, she is not used to being alone to the point of feeling lonely in the time between getting up and breakfast due to her roommate Philine having to sequester herself while absorbing her divine will."
Rosina,Christine,service_retainer,directed,1,0.97683865,0.97683865,0.6770929561094832,Rosina was picked as an attendant to Sister Christine at a young age.
Bezewanst,Gloria,enemy_rival,undirected,1,0.97683674,0.97683674,0.6770916321983683,"She informs Georgine that Rozemyne used to be a commoner, and explains that she was responsible for the death of Bezewanst, Georgine’s uncle."
Trauerqual,Eglantine,service_retainer,directed,1,0.9766594,0.9766594,0.6769687094773678,"Following his abdication and the crowning of Zent Eglantine, Lord Trauerqual is put in charge of a new duchy, made out the former duchy of Scharfer, the parts of Werkestock that were under Ahrensbach management since the civil war, as well as some areas formerly part of the Sovereignty."
Ferdinand,Martina,enemy_rival,undirected,1,0.97630584,0.97630584,0.676723640360209,"However, when Detlinde brazenly demands Ferdinand give her his name, she finally sees past his gentle and sweet smile and notices the utter coldness in his eyes."
Judithe,Theodore,family,undirected,1,0.97627467,0.97627467,0.676702034962591,Infobox field family/Sister: Judithe
Roderick,Wilfried,enemy_rival,undirected,1,0.9762098,0.9762098,0.6766570705049881,"Later, he helps to trick Wilfried into entering the Ivory Tower, which is considered a crime against the duchy."
Karstedt,Myne,service_retainer,directed,1,0.976177,0.976177,0.6766343352774656,Karstedt was responsible to choose to knights to guard Myne during the trombe extermination.
Georgine,Justus,family,undirected,1,0.97584665,0.97584665,0.6764053541063677,"Due to both his mother and older sister serving Lady Georgine and the two being of the same age, she assumed he too would serve her upon enrolling at the Royal Academy."
Georgine,Leonzio,enemy_rival,undirected,1,0.97581065,0.97581065,0.6763804008078675,"It was Leonzio, who came up with the idea to kill all the Ahrensbach nobles, not part of Detlinde and Georgine's faction and bring their feystones back to Lanzenave, with the permission and full cooperation of Detlinde and Georgine."
Raufereg,Lungtase,service_retainer,directed,1,0.9754936,0.9754936,0.676160638494271,"Raufereg, without his sisters permission, ordered Lungtase's retainers to fight on his side."
Nicola,Delia,service_retainer,directed,1,0.9753213,0.9753213,0.6760412092350605,"After Myne dismissed Delia from her service, Fran asked Myne to consider taking on a new attendant, so she had someone to direct her compassion towards."
Benno,Corinna,family,undirected,1,0.97503793,0.97503793,0.6758447921185053,Infobox field family/Sister: Corinna Milda
Leidenschaft,Schutzaria,family,undirected,1,0.9749586,0.9749586,0.6757898047526715,Infobox field family/Sister: Flutrane Schutzaria Geduldh
Alexis,Veronica,service_retainer,directed,1,0.9749117,0.9749117,0.6757572961499032,"After Veronica was imprisoned and her grandson Wilfried had his winter debut, Alexis was approached by Lamprecht and asked to serve as a guard knight for him, in part to increase the number of neutral and Leisegang nobles in his retinue."
Eckhart,Wilfried,service_retainer,directed,1,0.97487193,0.97487193,0.6757297296865323,It was around this time that Veronica looked for a new guard knight for her grandson Wilfried.
God of Darkness,Goddess of Light,romantic,undirected,1,0.97474796,0.97474796,0.6756438002305583,"He and his wife, the Goddess of Light, are said to rule over the heavens."
Lieseleta,Wilfried,service_retainer,directed,1,0.9745637,0.9745637,0.6755160809310684,"However he is able to find Lord Thorsten, an archscholar serving Lord Wilfried."
Justus,Georgine,service_retainer,directed,1,0.974534,0.974534,0.6754954944598057,"At the Royal Academy, Georgine called the information Justus collected and passed on unfiltered ""imprecise and entirely useless,"" causing him to lose any remnant of a desire to serve her he might still have had at the time."
Bezewanst,Frietack,enemy_rival,undirected,1,0.9743894,0.9743894,0.6753952653774967,"During their shared time at the temple, Frietack mostly kept his distance from Ferdinand, presumably because he didn't want to get on the bad side of High Bishop Bezewanst or his supporters."
Jiffy,Rozemyne,service_retainer,directed,1,0.9742278,0.9742278,0.6752832527931183,Ahrensbach knights under Rozemyne's command alongside Dunkelfelger and Ehrenfest's knights descended to assist and attacked the ships to rescue the captives.
God of Darkness,Schutzaria,romantic,undirected,1,0.9742176,0.9742176,0.6752761826918766,"The God of Darkness gave the two permission to marry, hoping they would fill the world with new life."
Nicola,Wilma,friend_ally,undirected,1,0.9742154,0.9742154,0.6752746577680793,Myne asked Rosina to have Wilma recommend two grey apprentice shrine maidens to help Ella.
Jenni,Christine,service_retainer,directed,1,0.9741216,0.9741216,0.6752096405625428,Jenni used to be one of Sister Christine's attendants.
Albsenti,Trauerqual,family,undirected,1,0.97396,0.97396,0.6750976279781643,By the time their father died the magic tool Grutrissheit passed down from parent to child since Zent Albsenti's times had already been passed to him.
Damuel,Henrik,family,undirected,1,0.9737216,0.9737216,0.6749323816903188,"Henrik resembles his brother Damuel, but his eyes and hair are a slightly darker brown."
Bonifatius,Ferdinand,family,undirected,1,0.9737071,0.9737071,0.6749223310562007,Infobox field family/Uncle: Bezewanst (In-Law) (Deceased) Bonifatius Gervasio
Benno,Milda,family,undirected,1,0.97355324,0.97355324,0.6748156834309997,Infobox field family/Sister: Corinna Milda
Aub Klassenberg,Hensfen,family,undirected,1,0.9732858,0.9732858,0.6746303081490308,Infobox field family/Father: Aub Klassenberg
Aub Klassenberg,Sigiswald,family,undirected,1,0.9732613,0.9732613,0.6746133260431071,"After some hard work on his part, Anastasius also manages to convince King Trauerqual, Aub Klassenberg, and Eglantine's biological grandfather and adoptive father, the Previous Aub Klassenberg to agree to this arrangement, making it official."
Brunhilde,Leonore,friend_ally,undirected,1,0.9731687,0.9731687,0.6745491406141872,"Because their parents visited often, Brunhilde became childhood friends with Leonore."
Erwaermen,Liebeskhilfe,service_retainer,directed,1,0.9731026,0.9731026,0.6745033235855522,"In the guilt and shame of his role in binding the threads that led to Geduldh's suffering, Erwaermen retired from his position as god and passed both his duties and his powers to Liebeskhilfe."
Fey,Myne,family,undirected,1,0.9728143,0.9728143,0.6743034892533968,Fey (フェイ Fei) is a commoner growing up in the same neighborhood as Myne and a relative of Lutz and his family.
Brigitte,Bonifatius,service_retainer,directed,1,0.9727103,0.9727103,0.6742314019466186,"While Rozemyne recovers from poisoning in her jureve, Brigitte and her other guard knights train under Bonifatius to improve their skills."
Aurelia,Elvira,family,undirected,1,0.9726972,0.9726972,0.6742223217185532,"Infobox field family/Daughter: Rozemyne (Baptismal) Heidemarie (In-Law, Deceased) Aurelia (In-Law)"
Elvira,Karstedt,family,undirected,1,0.97242945,0.97242945,0.6740367315609583,"Karstedt would take in Myne as daughter between him and Rozemary, while baptizing her as Rozemyne with him and Elvira as her parents."
Karstedt,Trudeliede,romantic,undirected,1,0.9723723,0.9723723,0.6739971181995893,"Trudeliede (トルデリーデ, Toruderiide) is an Ehrenfest archnoble and Karstedt's second wife."
Jeremias,Shikikoza,family,undirected,1,0.972194,0.972194,0.6738735300572954,"His father later married Gloria, his second wife, and the couple had a son named Shikikoza, Jeremias's half-brother."
Giebe Kirnberger,Lamprecht,service_retainer,directed,1,0.97218657,0.97218657,0.6738683799737438,"Several years later Lord Wilfried lost many of his retainers, giving Alexis the chance to become his guard knight, at Lamprecht's invitation."
Kenntrips,Werdekraf's Elder Brother,family,undirected,1,0.9721691,0.9721691,0.6738562706924995,Infobox field family/Father: Werdekraf's Elder Brother
Georgine,Sidonius,romantic,undirected,1,0.97208405,0.97208405,0.6737973185247929,"The purge is unusually merciful by the standards of Yurgenschmidt nobility, forgoing the traditional guilt by association within families and reserving the death sentence only for particularly severe crimes and those name-sworn to Georgine."
Rozemyne,Solange,friend_ally,undirected,1,0.97205174,0.97205174,0.673774922939389,She is having trouble powering all the protective tools in the library and is very happy when Rozemyne reactivates Schwartz and Weiss.
Detlinde,Leonzio,enemy_rival,undirected,1,0.9719688,0.9719688,0.6737174333122333,"It was Leonzio, who came up with the idea to kill all the Ahrensbach nobles, not part of Detlinde and Georgine's faction and bring their feystones back to Lanzenave, with the permission and full cooperation of Detlinde and Georgine."
Adolphine,Letizia's Brother,family,undirected,1,0.97196114,0.97196114,0.6737121238048303,"Infobox field family/Sister: Letizia Adolphine (Half Brother, Adoptive)"
Count Leisegang,Leonore,family,undirected,1,0.97186464,0.97186464,0.6736452351019062,Infobox field family/Relatives: Leonore (Niece) Oliswalt (Nephew) Hartmut (Nephew)
Rozemary,Trudeliede,enemy_rival,undirected,1,0.9717576,0.9717576,0.6735710406276991,"They made demands far above their station, leading to a serious feud between them and Karstedt's second wife Trudeliede, who in turn went on to bully Rozemary severely, which only made her already poor health deteriorate further."
Elvira,Heidemarie,family,undirected,1,0.9716581,0.9716581,0.6735020724832333,"Infobox field family/Daughter: Rozemyne (Baptismal) Heidemarie (In-Law, Deceased) Aurelia (In-Law)"
Gretia,Laurenz,friend_ally,undirected,1,0.97147566,0.97147566,0.673375614711612,"As such she has a hard time dealing with Laurenz' joking and teasing, despite them being done in good nature and fun."
Angelica,Florencia,family,undirected,1,0.97143114,0.97143114,0.6733447557991334,Angelica and Lieseleta's mother. *Fonbart - Retainer who contacted the vice commander during the Defense of Ehrenfest.
Rozemary,Traugott,family,undirected,1,0.9713643,0.9713643,0.6732984258415848,Infobox field family/Aunt: Elvira Trudeliede Rozemary (Deceased)
Wilfried,Alexis,service_retainer,directed,1,0.97131807,0.97131807,0.6732663816474276,Alexis - One of Wilfried's archknights.
Detlinde,Seltier,romantic,undirected,1,0.97130436,0.97130436,0.673256878599582,"When Georgine visits Ehrenfest under the excuse of forming bonds in preparation for Detlinde's marriage to Ferdinand, Seltier accompanies her lady."
Ferdinand,Bezewanst,service_retainer,directed,1,0.9711964,0.9711964,0.6731820464299688,"Wary that the High Bishop Bezewanst would attempt to poison him, he hired a chef only to make food for his attendants and returned to his estate in the Noble's Quarter to eat his own meals."
Eckhart,Heidemarie,romantic,undirected,1,0.9706259,0.9706259,0.6727866059634594,"He is friendly to his family and associates, but he is said to have become more withdrawn after the death of his first wife, Heidemarie."
Detlinde,Sigiswald,romantic,undirected,1,0.97043973,0.97043973,0.6726575627528545,"In addition to the blessings for the couples, during the ceremony, magic circles appear similar in appearance to the one that was seen in Detlinde's Dedication Whirl, on the stage beneath Sigiswald and Adolphine and rise into the air briefly, before dissipating again."
Georgine,Laugo,romantic,undirected,1,0.9700711,0.9700711,0.6724020479076848,"Thankfully for Laugo, just a little over a year after his master's departure, Grausam and his Lady Georgine infiltrate Ehrenfest and with them, comes the hope for survival to Laugo."
Detlinde,Florencia,family,undirected,1,0.9700104,0.9700104,0.6723599738738247,"Infobox field family/Relatives: Rudiger (Nephew) Detlinde (Niece, In-Law) Wolfram (Nephew, In-Law, Deceased) Alstede (Niece, In-Law) Several Unnamed Nieces (In-Law)"
Schwartz and Weiss,Hortensia,service_retainer,directed,1,0.96990335,0.96990335,0.6722857724681458,"Just a few days later, however, Hortensia is able to dedicate more of her mana to the shumils and finish the transfer of mastership. |- |Hortensia |Primary |In Rozemyne's third year, the Sovereignty dispatched Hortensia to serve as an archnoble librarian in the Royal Academy and specifically take over mastership of Schwartz and Weiss from Rozemyne."
Jonsara,Rozemyne,family,undirected,1,0.9696489,0.9696489,0.6721094011680524,"Jonsara confiscates the money Philine earned from Rozemyne and confines her in the family home, then sends an ordonnanz to the castle claiming that her stepdaughter has fallen ill."
Laugo,Georgine,service_retainer,directed,1,0.969583,0.969583,0.6720637227688534,"Georgine and her attendant disguise themselves as Laugo's servants and follow his ""commands"" until they are in private again."
Codenest,Sieglinde,family,undirected,1,0.96944225,0.96944225,0.6719661623031896,Infobox field family/Aunt: Sieglinde Magdalena Reichlene
Charlotte,Hannelore,friend_ally,undirected,1,0.96937996,0.96937996,0.6719229861653125,"Coincidentally, both of them are shy book lovers that Rozemyne quickly became fond of. **She is also similar to Freida in hairstyle and was someone with slightly higher status than Myne/Rozemyne when they first met, but she achieved something Freida couldn't -- becoming Rozemyne's best friend. *Privately Rozemyne thinks of Hannelore as ""quiet and fluffy"", but also a capable archduke candidate. *Hannelore is the third person that Rozemyne described as an angel internally, after Tuuli and Charlotte."
Ewigeliebe,Mestionora,family,undirected,1,0.968979,0.968979,0.6716450618717953,Infobox field family/Father: Ewigeliebe
Theodore,Schwartz and Weiss,service_retainer,directed,1,0.9687599,0.9687599,0.6714931933245345,"A moment later, Lady Rozemyne receives an ordonnanz from Professor Solange, informing her that a new archnoble librarian has been appointed to the Royal Academy and asks her visit the library at her earliest convenience so that mastership of Schwartz and Weiss can be handed over."
Traugott,Trudeliede,family,undirected,1,0.96857196,0.96857196,0.6713629232434201,Infobox field family/Aunt: Elvira Trudeliede Rozemary (Deceased)
Rozemyne,Sidonius,family,undirected,1,0.9684521,0.9684521,0.6712798426223582,"The only known survivor of Sidonius' family is his younger son Laurenz, who is instead required to give his name to a member of the archducal family and chooses to serve Lady Rozemyne."
Stenluke,Angelica,service_retainer,directed,1,0.9683279,0.9683279,0.6711937537425327,"Stenluke (シュティンルーク, shutinruuku) is Angelica’s sentient manablade."
Karla,Zasha,family,undirected,1,0.9682397,0.9682397,0.6711326181612073,Infobox field family/Son: Zasha Sieg Ralph Lutz
Giebe Kirnberger,Veronica,enemy_rival,undirected,1,0.9680743,0.9680743,0.6710179716175427,"His second wife is a former Leisegang noble, who was severely abused by Veronica."
Liebeskhilfe,Wentuchte,enemy_rival,undirected,1,0.96752465,0.96752465,0.6706369832697479,"Wentuchte appears to be a perfectionist, who cares for little other than the perfection of her tapestry, and who would treat with mortals to repair the damage to a single thread, even if not repairing it would erase just a mere 20 years of history, which at least Liebeskhilfe seems to consider excessive."
Letizia,Raublut,romantic,undirected,1,0.9675106,0.9675106,0.670627244551861,"Following Prince Hildebrand's royal debut and the announcement of his engagement with Lady Letizia of Ahrensbach, Raublut visits the prince in his villa."
Magdalena,Waldifried,family,undirected,1,0.96750903,0.96750903,0.6706261563107875,"Infobox field family/Sister: Eglantine's mother (Deceased, In-Law) Magdalena (In-Law)"
Karstedt,Viscount Joisontak,romantic,undirected,1,0.96748614,0.96748614,0.6706102901718245,"When his younger sister Rozemary married the prominent archnoble Karstedt due to her abundance of mana, Giebe Joisontak and her other mednoble relatives began to make demands of the family that overstepped their authority."
Grausam,Wolf,enemy_rival,undirected,1,0.9673449,0.9673449,0.6705123900640422,"Since giebe is an umbrella-term for all landowning nobles, including viscount, this is not a contradiction in terms of the Lore. *Grausam was shown to be the noble conspiring with Wolf in the anime, but it was not specified in the light novel."
Leise,Todd,friend_ally,undirected,1,0.96720606,0.96720606,0.6704161535094932,"Leise made the desserts for Sylvester's lunch, as Hugo and Todd were too busy making the main courses, and Leise had far more experience with sweets."
Florencia,Georgine,romantic,undirected,1,0.9664193,0.9664193,0.6698708130337159,Soon after Sylvester proclaimed his love for Florencia and that he would take no other wife than her.
Count Bindewald,Veronica,friend_ally,undirected,1,0.9662927,0.9662927,0.6697830606006571,"Even his laughter sounds like toad croaking to her. *Nobles (especially high-ranked ones) are usually good-looking because they tend to marry and have children with other good-looking nobles, but Count Bindewald is a notable exception. *Count Bindewald is the one who delivered Georgine's letters to Veronica faction members in Ehrenfest."
Fritz,Fran,service_retainer,directed,1,0.96609247,0.96609247,0.6696442717406935,"Fran, remembering that Fritz had previously been an attendant, also agreed on Fritz."
Reginald,Werdekraf's Elder Brother,family,undirected,1,0.9658969,0.9658969,0.6695087129465914,"He is the father of Reginald with his first wife , Kenntrips with his second wife, and Rasantark with his third wife."
Leidenschaft,Mestionora,family,undirected,1,0.9657089,0.9657089,0.6693784012766462,Infobox field family/Relatives: Mestionora (Niece)
Anastasius,Sigiswald,family,undirected,1,0.96569175,0.96569175,0.6693665138024996,"After some hard work on his part, Anastasius also manages to convince King Trauerqual, Aub Klassenberg, and Eglantine's biological grandfather and adoptive father, the Previous Aub Klassenberg to agree to this arrangement, making it official."
Freida,Henrik,romantic,undirected,1,0.96565783,0.96565783,0.669343002250135,Infobox field family/Spouse: Henrik (Contracted as Master/Mistress)
Letizia,Letizia's Brother,family,undirected,1,0.9653905,0.9653905,0.6691577032143559,"Infobox field family/Sister: Letizia Adolphine (Half Brother, Adoptive)"
Aurelia,Cornelius,family,undirected,1,0.96538746,0.96538746,0.669155596046927,"Infobox field family/Sister: Rozemyne Heidemarie (In-law, Deceased) Aurelia (In-Law)"
Kenntrips,Sieglinde,family,undirected,1,0.96523297,0.96523297,0.6690485117390023,Infobox field family/Aunt: Sieglinde Reichlene
Ewigeliebe,Wentuchte,enemy_rival,undirected,1,0.96518874,0.96518874,0.6690178538392061,"Like all of Geduldh's subordinates, she was driven away by Ewigeliebe shortly after his wedding with the Goddes of Earth."
Bonifatius,Gudrun,family,undirected,1,0.96509814,0.96509814,0.6689550547046473,"Infobox field family/Daughter: Elvira (In-Law) Trudeliede (In-Law) Rozemary (In-Law, Deceased) Gudrun (In-Law)"
Hortensia,Solange,friend_ally,undirected,1,0.9649564,0.9649564,0.6688568080232749,"Hortensia shows the same kind of gentle demeanor as Eglantine, and according to Solange, is a true bookworm likely to get along very well with Rozemyne."
Ferdinand,Heidemarie,service_retainer,directed,1,0.9648081,0.9648081,0.6687540142963977,"Eckhart's wife Heidemarie also served as his retainer, but was killed by poisoning shortly after her marriage."
Melchior,Wilfried,family,undirected,1,0.96470803,0.96470803,0.6686846510580392,"He is the older brother of Charlotte and Melchior, and the adoptive older brother of Rozemyne."
Goddess of Light,Leidenschaft,family,undirected,1,0.9646868,0.9646868,0.6686699355433958,Infobox field family/Mother: Goddess of Light
Count Leisegang,Veronica,enemy_rival,undirected,1,0.96443266,0.96443266,0.6684937791189284,"While he shared his grandfather's pain and hatred over how his family was mistreated by Gabriele and Veronica, he was still willing to swallow his pride and proclaim his loyalty to Veronica for the good of his province, though not wanting to put his grandfather through such torment, he decided to wait until after his death."
Heidi,Myne,friend_ally,undirected,1,0.964279,0.964279,0.6683872701231635,"*Miya Kazuki says that she wrote Heidi and Josef imagining what might have been between Myne and Lutz if Myne didn't have the Devouring. *Due to Heidi's exuberance, she is not allowed to interact with customers. *She is jealous that the leherls could eat where Bierce wouldn't watch them constantly. *Heidi is the only person receiving the title of Gutenberg, who openly expressed happiness about being bestowed with it, jumping with joy."
Hasse's Mayor,Marthe,friend_ally,undirected,1,0.96425205,0.96425205,0.6683685898066474,"Four orphans decide to go with her: Marthe, Rick, Thore, and Nora."
Heidi,Lutz,friend_ally,undirected,1,0.9640867,0.9640867,0.6682539779203418,"*Miya Kazuki says that she wrote Heidi and Josef imagining what might have been between Myne and Lutz if Myne didn't have the Devouring. *Due to Heidi's exuberance, she is not allowed to interact with customers. *She is jealous that the leherls could eat where Bierce wouldn't watch them constantly. *Heidi is the only person receiving the title of Gutenberg, who openly expressed happiness about being bestowed with it, jumping with joy."
Flutrane,Leidenschaft,family,undirected,1,0.96401566,0.96401566,0.6682047367446349,Infobox field family/Sister: Flutrane Schutzaria Geduldh
Count Leisegang,Gabriele,enemy_rival,undirected,1,0.9640114,0.9640114,0.6682017839376456,"While he shared his grandfather's pain and hatred over how his family was mistreated by Gabriele and Veronica, he was still willing to swallow his pride and proclaim his loyalty to Veronica for the good of his province, though not wanting to put his grandfather through such torment, he decided to wait until after his death."
Melchior,Sylvester,family,undirected,1,0.9638739,0.9638739,0.6681064762003186,Infobox field family/Father: Sylvester
Hassheit,Helfried,enemy_rival,undirected,1,0.96385044,0.96385044,0.6680902149674627,"Brigitte cancelled her engagement to stop this from happening, however, this caused her former fiancé Hassheit to work against Illgner and cause trouble for Giebe Illgner and the province."
Heidi,Josef,friend_ally,undirected,1,0.9637286,0.9637286,0.6680057619149833,"*Miya Kazuki says that she wrote Heidi and Josef imagining what might have been between Myne and Lutz if Myne didn't have the Devouring. *Due to Heidi's exuberance, she is not allowed to interact with customers. *She is jealous that the leherls could eat where Bierce wouldn't watch them constantly. *Heidi is the only person receiving the title of Gutenberg, who openly expressed happiness about being bestowed with it, jumping with joy."
God of Darkness,Mestionora,family,undirected,1,0.9635981,0.9635981,0.6679153062079202,"To hide and protect her from her jealous father, the God of Darkness blessed her with hair as black as the night sky, and the Goddess of Light blessed her with golden eyes."
Hasse's Mayor,Rick,friend_ally,undirected,1,0.96342546,0.96342546,0.6677956412786683,"Four orphans decide to go with her: Marthe, Rick, Thore, and Nora."
Kazmiar,Lothar,service_retainer,directed,1,0.963216,0.963216,0.6676504546702282,He accepted the suggestions by Rozemyne and her retainers for them to take Lothar and Gido as High Bishop attendants and Bartz as a workshop manager.
Lueuradi,Rozemyne,service_retainer,directed,1,0.962977,0.962977,0.6674847924940744,"In her third year at the Royal Academy, Philine introduces her to a fellow retainer Muriella, who just freshly entered Lady Rozemyne's service."
Rasantark,Werdekraf's Elder Brother,family,undirected,1,0.9628357,0.9628357,0.6673868507974613,Infobox field family/Son: Reginald Kenntrips Rasantark
Ralfrieda,Sigiswald,family,undirected,1,0.9628312,0.9628312,0.6673837316351487,Infobox field family/Mother: Ralfrieda
Bonifatius,Judithe,romantic,undirected,1,0.96268785,0.96268785,0.6672843689868155,"Her accuracy and range from just her muscle-strength alone even impressed Bonifatius, who has notoriously high standards for knights."
Rozemyne,Schwartz and Weiss,family,undirected,1,0.96248907,0.96248907,0.6671465851902638,"During their debut, they were still wearing dresses made by the master prior to Rozemyne, which are one-piece dresses mostly in the opposite color of their furs with highlights in their fur colors and fitted with many expensive feystones."
Flutrane,Mestionora,family,undirected,1,0.962326,0.962326,0.6670335536795299,Infobox field family/Relatives: Mestionora (Niece)
Count Groschel,Gabriele,romantic,undirected,1,0.96232015,0.96232015,0.6670294987685237,"Gabriele deeply loved for her husband, but the newly minted Count Groschel did not reciprocate those feelings, since he was equally deeply in love with his former first, now second wife."
Count Leisegang,Leberecht,family,undirected,1,0.96226007,0.96226007,0.6669878544859156,"Leberecht is the half-brother of the current Count Leisegang, and he and his family are members of the Leisegang Faction."
Grausam,Laugo,romantic,undirected,1,0.9621056,0.9621056,0.6668807840409345,"Thankfully for Laugo, just a little over a year after his master's departure, Grausam and his Lady Georgine infiltrate Ehrenfest and with them, comes the hope for survival to Laugo."
Grausam,Seltier,family,undirected,1,0.9618022,0.9618022,0.6666704831863527,Infobox field family/Brother: Grausam (Deceased)
Sidonius,Veronica,family,undirected,1,0.96151996,0.96151996,0.6664748493261113,"He was also the father of Freuden, Laurenz and was a member of the former Veronica faction. __TOC__"
Otto,Renate,family,undirected,1,0.9614097,0.9614097,0.6663984229179829,"He is married to Corinna, the younger sister of Benno, and they have a daughter named Renate."
Dregarnuhr,Wilfried,romantic,undirected,1,0.961408,0.961408,0.6663972445677759,"As a reward for lending Dregarnuhr her body, Hannelore is granted a wish and she uses it to have her consciousness sent back one year into the past, to get another chance to convey her feelings to Wilfried."
Hugo,Leise,friend_ally,undirected,1,0.96122956,0.96122956,0.6662735593848768,"Leise made the desserts for Sylvester's lunch, as Hugo and Todd were too busy making the main courses, and Leise had far more experience with sweets."
Detlinde,Heisshitze,romantic,undirected,1,0.9611086,0.9611086,0.6661897163019163,"After discussing the matter further among themselves the knights come up with ways they can achieve their goal and benefit their duchy at the same time, securint the support of the Aub and his first wife who then go on to support Aub Ahrensbachs bid to the king to have Ferdinand as a husband for his daughter Detlinde."
Cornelius,Heidemarie,family,undirected,1,0.9609866,0.9609866,0.666105152345888,"Infobox field family/Sister: Rozemyne Heidemarie (In-law, Deceased) Aurelia (In-Law)"
Dirk,Lily,friend_ally,undirected,1,0.9609776,0.9609776,0.6660989140212629,"In the summer, the mother and child are moved back to the Ehrenfest orphanage via carriage, where Wilma helps Lily to take care of the baby like she did with Dirk."
Magdalena,Sieglinde,family,undirected,1,0.9605997,0.9605997,0.6658369737017292,Infobox field family/Sister: Magdalena (In-Law)
Ferdinand,Wolf,enemy_rival,undirected,1,0.960356,0.960356,0.6656680537338268,"When Ferdinand began his investigation into Wolf, Wolf suddenly died under suspicious circumstances."
Liebeskhilfe,Wilfried,romantic,undirected,1,0.9603207,0.9603207,0.665643585638353,"As a reward for lending Dregarnuhr her body, Hannelore is granted a wish and she uses it to have her consciousness sent back one year into the past, to get another chance to convey her feelings to Wilfried."
Previous Count Leisegang,Wilfried,romantic,undirected,1,0.9601651,0.9601651,0.665535731937058,"To this end, he reveals that should there ever be another incident like with Gabriele, with a woman from a higher-ranked duchy forcing a marriage with Wilfried resulting in Rozemyne's demotion to second wife, any child of Rozemyne and him would be adopted by Sylvester to preserve their archduke candidate status, even though this would almost assuredly enrage the new bride and her duchy."
Ferdinand,Stenluke,romantic,undirected,1,0.9600966,0.9600966,0.6654882513551895,"It is then the blade that explains that Lady Rozemyne's - whom it called ""master of my master"" - wish has caused it to become sentient and because she was thinking of Ferdinand at the time, combined with Ferdinand pouring some of his mana into the blade influenced its voice and attitude."
Bonifatius,Trudeliede,family,undirected,1,0.95979464,0.95979464,0.6652789486325477,"Infobox field family/Daughter: Elvira (In-Law) Trudeliede (In-Law) Rozemary (In-Law, Deceased) Gudrun (In-Law)"
Bonifatius,Elvira,family,undirected,1,0.95951504,0.95951504,0.6650851446808631,"Infobox field family/Daughter: Elvira (In-Law) Trudeliede (In-Law) Rozemary (In-Law, Deceased) Gudrun (In-Law)"
Flutrane,Goddess of Light,family,undirected,1,0.9594364,0.9594364,0.6650306355865838,Infobox field family/Mother: Goddess of Light
Anastasius,Ralfrieda,family,undirected,1,0.9591885,0.9591885,0.664858804400523,Infobox field family/Mother: Ralfrieda
Bertilde,Theodore,family,undirected,1,0.959049,0.959049,0.664762110368835,"After their return from the Royal Academy following Rozemyne's second term, Brunhilde introduces her lady to her younger sister Bertilde, who is planned to become Rozemyne's retainer upon entering the Royal Academy."
Lestilaut,Trauerqual,family,undirected,1,0.95887655,0.95887655,0.6646425771375475,"As relatives of Trauerqual's third wife Magdalena, Lestilaut and Hannelore occasionally visited her and her son Prince Hildebrand at their royal villa in the Sovereignty, but didn't form a particularly close relationship with the prince."
Harland,Ferdinand,service_retainer,directed,1,0.9587511,0.9587511,0.6645556218237462,"After Ferdinand contacts Anastasius to open the Farthest Hall, he tells his other guard knight Mergild to consult Harland on how many knights they can bring and to gather outside the door to the Royal Academy."
Bonifatius,Rozemary,family,undirected,1,0.95869917,0.95869917,0.6645196266906597,"Infobox field family/Daughter: Elvira (In-Law) Trudeliede (In-Law) Rozemary (In-Law, Deceased) Gudrun (In-Law)"
Hasse's Mayor,Thore,friend_ally,undirected,1,0.9586061,0.9586061,0.664455115482565,"Four orphans decide to go with her: Marthe, Rick, Thore, and Nora."
Milda,Otto,family,undirected,1,0.95845765,0.95845765,0.6643522177836109,Infobox field family/Sister: Milda (In-Law)
Hasse's Mayor,Nora,friend_ally,undirected,1,0.9583575,0.9583575,0.6642827990934778,"Four orphans decide to go with her: Marthe, Rick, Thore, and Nora."
Raublut,Valamarlene,romantic,undirected,1,0.9582418,0.9582418,0.6642026019646871,"Since Raublut was only a member of a branch family of an archduke, before becoming a sovereign knight, this was no easy feat, but ultimately Gervasio persevered and managed to secure the engagement."
Heidemarie,Karstedt,family,undirected,1,0.9581651,0.9581651,0.664149437575938,"Infobox field family/Daughter: Heidemarie (In-Law, Deceased) Rozemyne Aurelia (In-Law)"
Sidonius,Sylvester,enemy_rival,undirected,1,0.9580105,0.9580105,0.6640422770218235,"As someone directly involved in Georgine's conspiracy to assassinate and replace Sylvester, Sidonius is among the dead, though it is unclear whether he was executed, committed suicide or died while resisting his arrest."
Trauerqual,Werdekraf's Elder Brother,family,undirected,1,0.95798695,0.95798695,0.6640259534057212,Infobox field family/Brother: Werdekraf Younger Brother Trauerqual (In Law)
Brunhilde,Elvira,family,undirected,1,0.9575606,0.9575606,0.6637304301052895,"*The first time Brunhilde appears on page is in Part 3 Volume 3, as ""Count Groschel's daughter with crimson red hair"" during the first study material sales conducted by Rozemyne. *As Rozemyne is the baptized daughter of Elvira, Brunhilde is a distant ""blood"" relative of Rozemyne and several of her other fellow retainers, including Hartmut, Leonore, Cornelius, and Traugott, all of whom are descendants of important Liesegang faction members."
Ferdinand,Henrik,enemy_rival,undirected,1,0.95732397,0.95732397,0.6635664106879536,"Fellow students like Henrik and Eckhart were immensely impressed by his achievements, and Heisshitze of Dunkelfelger came to view him as a rival."
Myne,Wolf,family,undirected,1,0.95728564,0.95728564,0.6635398423565229,Benno immediately called Myne's father and sister who then escorted Myne to the temple and she began her winter stay.
Carya,Volk,romantic,undirected,1,0.95727366,0.95727366,0.6635315384532997,"The following summer, Giebe Illgner is able to buy Volk, when he visits the capital for the Starbind Ceremony."
Wentuchte,Wilfried,romantic,undirected,1,0.95726585,0.95726585,0.6635261249738195,"As a reward for lending Dregarnuhr her body, Hannelore is granted a wish and she uses it to have her consciousness sent back one year into the past, to get another chance to convey her feelings to Wilfried."
Karstedt,Ferdinand,service_retainer,directed,1,0.95724773,0.95724773,0.6635135651469077,"After Myne's memory searching, Ferdinand visits Karstedt's estate to return the magic tool."
Deid,Effa,family,undirected,1,0.95723116,0.95723116,0.6635020796981258,"Infobox field family/Relatives: Deid's Mother (Grand-Cousin, In-Law)"
Hartmut,Traugott,family,undirected,1,0.95677793,0.95677793,0.6631879246014807,"*Hartmut is a distant blood relative of Rozemyne and several of her other retainers, including Leonore, Brunhilde, Cornelius, and Traugott , all of whom are descendants of important Liesegang faction members."
Mestionora,Schutzaria,family,undirected,1,0.9564584,0.9564584,0.6629664432828763,Infobox field family/Relatives: Mestionora (Niece)
Adolphine,Ralfrieda,family,undirected,1,0.9564501,0.9564501,0.6629606901612777,"Infobox field family/Daughter: Adolphine (In-Law, Former), Nahelache (In-Law), Eglantine (In-Law)"
Damian,Freida,family,undirected,1,0.95593435,0.95593435,0.6626031995029039,Infobox field family/Sister: Freida
Lieseleta,Veronica,enemy_rival,undirected,1,0.955493,0.955493,0.6622972789947639,"Furthermore, Thorsten's family wishes to form connections with Lady Rozemyne, but as former members of the Veronica faction, they find it difficult to approach most of Rozemyne's retainers, due to the generation-lasting feud between the Leisegang, who most of them belong to, and the former Veronica factions."
Trudeliede,Viscount Joisontak,romantic,undirected,1,0.9552498,0.9552498,0.6621287056004517,"That spurred a conflict between Rozemary and the second wife Trudeliede, which eventually grew to encompass the whole family, including Elvira and Karstedt."
Hildebrand,Raublut,romantic,undirected,1,0.9548484,0.9548484,0.6618504763221749,"Following Prince Hildebrand's royal debut and the announcement of his engagement with Lady Letizia of Ahrensbach, Raublut visits the prince in his villa."
Hannelore,Hortensia,friend_ally,undirected,1,0.95411265,0.95411265,0.6613404932840778,"To this, Hortensia explains that she never expected the students to come to the library often enough for it to matter so early in the year, and thus was too slow to inform Hannelore on time."
Elvira,Rozemary,romantic,undirected,1,0.9539067,0.9539067,0.6611977396222416,"Elvira’s husband Karstedt also married a second wife, Trudeliede, and a third wife, Rozemary."
Brigitte,Viktor,romantic,undirected,1,0.9539065,0.9539065,0.6611976009928054,"Viktor is an Ehrenfest medscholar married to Brigitte and father of their child together, Lilaroze."
Trudeliede,Rozemyne,service_retainer,directed,1,0.95354444,0.95354444,0.6609466401246119,"As Veronica's former loyal retainer and name-sworn she shares much of her lady's likes and dislikes, including a thorough disdain for Ferdinand, considerable antipathy toward Rozemyne on account of believing that she is a commoner and her involvement in Veronica's fall, and naturally also hostility toward Sylvester for imprisoning Veronica."
Dinan,Ferdinand,romantic,undirected,1,0.95329595,0.95329595,0.6607743999817146,"Dinan is an Automated Magic Tool Assistants based off of Schwartz and Weiss, made by Ferdinand for his fiancée Rozemyne."
Trudeliede,Ferdinand,service_retainer,directed,1,0.9532613,0.9532613,0.6607503824319082,"As Veronica's former loyal retainer and name-sworn she shares much of her lady's likes and dislikes, including a thorough disdain for Ferdinand, considerable antipathy toward Rozemyne on account of believing that she is a commoner and her involvement in Veronica's fall, and naturally also hostility toward Sylvester for imprisoning Veronica."
Hildebrand,Schwartz and Weiss,friend_ally,undirected,1,0.9531245,0.9531245,0.6606555598976076,"Upon learning the responsibility and burden that comes along with the position, Hildebrand declined becoming their primary master, but was happy to become a secondary master. |- |Hannelore |Secondary Primary (Former) |Due to their shared love in books and Hannelore's admiration for the library magic tools, Rozemyne offers to make her a secondary master of Schwartz and Weiss early in their second year at the Royal Academy."
Rozemyne,Sieglinde,romantic,undirected,1,0.9531217,0.9531217,0.660653619085502,"As such they seek an alliance with Dunkelfelger, which Werdekraf eagerly agrees to, in no small part because Rozemyne painted her planned assault as ""true ditter."" Despite their eagerness to join the fray, Sieglinde is able to reign her husband and son's passions in."
Rozemyne,Theodore,friend_ally,undirected,1,0.95297766,0.95297766,0.6605537781656141,"Theodore, however, is already able to form and ride his highbeast and thus he asks Rozemyne to be allowed to go along."
Hartmut,Ferdinand,service_retainer,directed,1,0.95232207,0.95232207,0.6600993578055109,"*Intelligence Work: Hartmut is gifted at gathering information, to the extent that even Ferdinand offers him a position as his retainer."
Aurelia,Eckhart,family,undirected,1,0.95229137,0.95229137,0.6600780781870677,Infobox field family/Sister: Rozemyne Aurelia (In-Law)
Christel,Rozemyne,romantic,undirected,1,0.95220953,0.95220953,0.6600213510218106,"At the tea party, Christel learns that Ferdinand has forbidden Rozemyne from printing any more illustrations of him, much to all the present women's dismay."
Goddess of Light,Schutzaria,family,undirected,1,0.95196325,0.95196325,0.6598506427341824,Infobox field family/Mother: Goddess of Light
Brunhilde,Judithe,romantic,undirected,1,0.951891,0.951891,0.6598005628503869,"As she will be staying in Ehrenfest, Bertilde suggested that she could serve Brunhilde, Sylvester's future second wife."
Philine,Hartmut,service_retainer,directed,1,0.9517298,0.9517298,0.6596888275248806,"She is also a hard worker, managing her duties as a retainer, her studies under Hartmut, and her side job transcribing stories, while also keeping up with the demanding pace of her classes."
Dirk,Rozemyne,friend_ally,undirected,1,0.95146483,0.95146483,0.6595051643164477,"Dirk's name was intended to sound like Delia's. *Dirk received Myne's ""final"" blessing. *Dirk received the same toys as Kamil as presents from Rozemyne."
Deid,Zasha,family,undirected,1,0.95121336,0.95121336,0.6593308585949522,Infobox field family/Father: Deid
Dregarnuhr,Schutzaria,service_retainer,directed,1,0.9511353,0.9511353,0.6592767515260377,"Dregarnuhr (ドレッファングーア, Doreffangūa) is the Goddess of Time and a subordinate of Schutzaria."
Aurelia,Claudio,family,undirected,1,0.951101,0.951101,0.6592529765777445,Infobox field family/Uncle: Gieselfried (Deceased) Claudio (In-Law)
Ella,Monika,family,undirected,1,0.9510724,0.9510724,0.6592331525683806,"She was impressed my this ""mother"" Ella talked about and agreed with Nicola that the ""mother"" is quite kind."
Elvira,Muriella,romantic,undirected,1,0.9510035,0.9510035,0.6591853947276399,"With a passion for love stories, she requests to swear her name to Elvira instead."
Frietack,Hartmut,service_retainer,directed,1,0.9508345,0.9508345,0.6590682528541253,"But thanks to Hartmut bringing his influence to bear, he is quickly returned to the temple, where his administrative abilities are highly valued."
Leckle,Myne,enemy_rival,undirected,1,0.9508067,0.9508067,0.6590489833625057,"Leckle hates how Otto constantly compares him to Myne, a girl that temporarily worked as Otto's asssistent at the gate and has outstanding skills in math."
Hassheit,Rozemyne,romantic,undirected,1,0.95062685,0.95062685,0.6589243208420821,"After hearing about Brigitte's circumstances, Rozemyne creates a new dress that flatters her body type more than the current fashion, hoping it will help her win a new fiancé in spite of her damaged reputation."
Primevere,Rauffen,friend_ally,undirected,1,0.950602,0.950602,0.658907096134645,"When his enthusiastic speech about power and prowess for the most part only end up motivating the boys and a scattering of girls who plan to enter the knight's course, Primevere steps in to advise that even women need to protect themselves, so they can keep away ""boorish men of ill intent."" Overall, her calm and refined demeanor very well complements and counterbalances Rauffen's loud and entirely combat- and power-focused attitude, and as the previous example showed, helps to motivate those students that find themselves disconnected from the material due to Rauffen's peculiar personality and views."
Gerda,Myne,enemy_rival,undirected,1,0.9504441,0.9504441,0.6587976481948347,Due to this Myne hates being at Gerda's and immediately charges straight into Tuuli's arms when she comes to get Myne.
Arno,Margaret,friend_ally,undirected,1,0.9504066,0.9504066,0.6587716551755637,"Before becoming one of Ferdinand's attendants, Arno was an attendant of the previous director of the orphanage, Sister Margaret, alongside Fran."
Elias,Roderick,friend_ally,undirected,1,0.9502717,0.9502717,0.6586781496209062,"As a mednoble the same age as Roderick, the two attend the same practical lesson of mana usage together."
Eglantine,Hortensia,friend_ally,undirected,1,0.95010173,0.95010173,0.6585603353946263,"Hortensia shows the same kind of gentle demeanor as Eglantine, and according to Solange, is a true bookworm likely to get along very well with Rozemyne."
