head,tail,relation,edge_direction,evidence_count,mean_confidence,max_confidence,edge_score,evidence
Adolphine,Sigiswald,romantic,undirected,19,0.9781146531578947,0.9863398,2.930169633701173,"After graduating from the Royal Academy, she married Prince Sigiswald as his first wife. | With Eglantine now removed from his consideration for a first wife, Sigiswald gets engaged with Adolphine of Drewanchel. | Insulted that Sigiswald would marry her while having no intention of treating her as his wife, Adolphine proposes they postpone the marriage until next year, as is considered courteous."
Lieseleta,Thorsten,romantic,undirected,12,0.9811326375000001,0.9849128,2.5165555281401684,"Infobox field family/Spouse: Unnamed Man (Engaged) Thorsten (Engaged, Cancelled) Uderick (Engaged, Cancelled) | With her being without a partner, the archscholar Thorsten, one of Lord Wilfried's retainers, proposes to Lieseleta and agrees to marry down into her mednoble family, just a short time before her coming-of-age. | Lieseleta's family being faction neutral, despite the budding connections they have with both Rozemyne and Bonifatius, and her having archnoble levels of mana, makes her attractive enough of a match for Thorsten, the family is willing to marry their son down into the mednoble family, while such a match would grant Lieseleta's family a future husband who fulfills all their wishes, except being an attendant."
Effa,Gunther,romantic,undirected,11,0.9778666409090909,0.9855516,2.4299073186008546,"Thanks to Gunther's passion, his marriage proposal was consented, if Effa wanted to marry him. | A good-natured and hard-working woman, Effa is a loving wife to Gunther and a supportive mother to Tuuli, Myne and Kamil. | When he first met Effa, he fell in love with her at first sight and would visit her every single day at her home and ask her father for her hand in marriage."
Georgine,Veronica,family,undirected,10,0.9827597399999999,0.98951155,2.3565549348425554,"Infobox field family/Mother: Veronica | She bears a striking resemblance to her mother, Veronica . | She is the mother of Georgine, Constanze and Sylvester."
Hannelore,Lestilaut,family,undirected,9,0.9862820766666667,0.98842037,2.2709984072198774,"*Kenntrips - Kenntrips is an apprentice archscholar and cousin of Lestilaut and Hannelore. | *Rasantark - A male apprentice archknight and cousin of Lestilaut and Hannelore. | Hannelore (ハンネローレ, Hanneroore) is an archduke candidate from Dunkelfelger and Lestilaut's younger sister."
Brigitte,Hassheit,romantic,undirected,9,0.9780125666666666,0.9854173,2.251957156767512,"Hassheit (ハスハイト, Hasuhaito) is a mednoble of Ehrenfest and Brigitte's former fiancé. | Brigitte's became engaged to Hassheit soon after her father died and Helfried became the next Giebe Illgner. | Hassheit and Brigitte were engaged to be married."
Justus,Rihyarda,family,undirected,8,0.987365585,0.9893112,2.169463930177954,"Infobox field family/Mother: Rihyarda | His mother is Rihyarda, Rozemyne's former head attendant in the castle. | At some point, Rihyarda started a family and had two children: her son, Justus, and her daughter, Gudrun."
Lieseleta,Uderick,romantic,undirected,8,0.983383495,0.98587877,2.1607143841607894,"Uderick (ウーデリック) is an adult medattendant of Ehrenfest who was Lieseleta's previous fiancé prior to Lieseleta reaching archnoble level mana. | Uderick was a man of Lieseleta and Angelica's noble house to whom she was previously engaged to, and was under an original plan, meant to support the house as Lieseleta's husband. | Infobox field family/Spouse: Unnamed Man (Engaged) Thorsten (Engaged, Cancelled) Uderick (Engaged, Cancelled)"
Ralfrieda,Trauerqual,romantic,undirected,8,0.98162859875,0.9867446,2.1568584829896142,"Ralfrieda was born in the duchy of Gilessenmeyer and later in life married the future Zent Trauerqual. | However for political reasons, and to reward Magdalena for the crucial role she played in bringing down the traitor, Trauerqual decides to demote Ralfrieda to third wife, and has Magdalena take the place of his first. | To avoid repercussions to Ralfrieda, for being the one who brought forward Raublut as a retainer to her husband, to reward Magdalena for her active role in defeating Raublut and other political reasons, Trauerqual promotes Magdalena to his first wife, and demotes Ralfrieda to third."
Adelbert,Sylvester,family,undirected,8,0.9806164587499999,0.9885661,2.154634584105909,"Infobox field family/Father: Adelbert (Deceased) | Sylvester is the son of Adelbert, the sixth Aub Ehrenfest and Veronica. | Adelbert was succeeded as archduke by his son Sylvester, the seventh Aub Ehrenfest."
Florencia,Sylvester,romantic,undirected,8,0.9803644575,0.98657167,2.1540808807658895,"After Sylvester came of age, Florencia married him and moved to Ehrenfest, as his first and only wife. | *Privately, Florencia thinks that Elvira is more reliable than her husband Sylvester. | Florencia (フロレンツィア, Furorentsia) is the first wife of Sylvester, the archduke of Ehrenfest."
Bezewanst,Veronica,family,undirected,8,0.9800006649999999,0.9878594,2.153281546943839,"Infobox field family/Sister: Veronica Irmhilde (Half-Sister, Deceased) Unnamed Woman (Half-Sister, In-Law, Deceased) | Although he is not a noble, he is the younger brother of Veronica and a relative of Ehrenfest's archducal family. __TOC__ | His sister Veronica gifted him with a noble's ring, but due to his lack of training, he was unable to make proper use of it."
Veronica,Wilfried,family,undirected,8,0.97808843125,0.9896172,2.1490799399507274,"Infobox field family/Grandmother: Veronica | Infobox field family/Offspring: Wilfried (Grandson) Rozemyne (Granddaughter, Adoptive) Charlotte (Granddaughter) Melchior (Grandson) Henriette (Granddaughter) Wolfram (Grandson, Deceased) Detlinde (Granddaughter) Rudiger (Grandson) Alstede (Granddaughter) Benedikta (Great-Granddaugher) | Determined to raise the next Aub, Sylvester's mother Veronica used her influence to take custody of Wilfried and raised him away from his mother, Florencia."
Nahelache,Sigiswald,romantic,undirected,8,0.9779908662500001,0.98494536,2.14886556773484,"She was the first woman Prince Sigiswald married, but from the very beginning, there was the understanding that, due to political concerns and for the stability of the country, she would become the second wife once Sigiswald found a suitable woman to be his first wife. | Upon Sigiswald becoming Aub Korinthsdaum, it is assumed she is now his first wife. | Nahelache (ナーエラッヒェ, Nāerahhe) is Sigiswald's second wife."
God of Darkness,Goddess of Light,romantic,undirected,8,0.9778907912499999,0.9840949,2.1486456804852625,"She and her husband, the God of Darkness, are said to rule over the heavens. | He and his wife, the Goddess of Light, are said to rule over the heavens. | Infobox field family/Spouse: Goddess of Light"
Effa,Tuuli,family,undirected,7,0.9867705314285715,0.98979455,2.0519316351580597,"Infobox field family/Daughter: Tuuli Myne | Infobox field family/Mother: Effa | She resembles her mother Effa, who is well-known for being a beauty."
Hartmut,Leberecht,family,undirected,7,0.9866035899999999,0.9896209,2.0515844902164604,"Infobox field family/Father: Leberecht | Hartmut's mother is Ottilie, and his father is Leberecht. | He is the father of three sons, of whom Hartmut is the youngest and Oliswalt the oldest."
Gieselfried,Letizia,family,undirected,7,0.9857660785714285,0.98954505,2.0498429341602575,"Infobox field family/Relatives: Letizia (Granddaughter, Biological) Benedikta (Granddaughter) Aurelia (Niece) Martina (Niece) Lamprecht (Nephew, In-Law) | Infobox field family/Father: Drewanchel Archducal Family Member (Biological) Gieselfried (Adoptive, Deceased) | Infobox field family/Daughter: Unnamed Daughter (with First Wife, & Letizia's Mother) Detlinde Alstede Several Unnamed Daughters Letizia (Adoptive)"
Bonifatius,Karstedt,family,undirected,7,0.9849047271428573,0.98915243,2.048051804217701,"Infobox field family/Father: Bonifatius | Infobox field family/Son: Karstedt | Bonifatius (ボニファティウス, Bonifatiusu) is Rozemyne's noble grandfather and the father of Karstedt."
Magdalena,Trauerqual,romantic,undirected,7,0.9849004342857144,0.98653513,2.0480428774722257,"Also unlike most other noble born into the same position as her, she married the then-Prince Trauerqual, out of genuine love, rather than political motives. | In part to reward her for the crucial role she played in bringing down the traitor Raublut, Trauerqual now as Aub Blumenfeld, promotes Magdalena to his first wife. | Upon Trauerqual abdicating the throne and Ralfrieda's demotion to third wife, Magdalena becomes his first wife in their new founded duchy of Blumenfeld."
Adelbert,Ferdinand,family,undirected,7,0.9835217357142857,0.9885733,2.045175954389342,Infobox field family/Father: Adelbert (Deceased) | He is also the father of Ferdinand. __TOC__ | Ferdinand was able to escape the villa and find safety in Ehrenfest under the care of Adelbert and his half-sister Irmhilde.
Sylvester,Wilfried,family,undirected,7,0.9826721528571429,0.989792,2.0434092965031003,"Infobox field family/Father: Sylvester | Other than the colour of his hair, he bears a strong resemblance to his father, Sylvester. | Determined to raise the next Aub, Sylvester's mother Veronica used her influence to take custody of Wilfried and raised him away from his mother, Florencia."
Aeussewahl,Heileind,family,undirected,7,0.9825228214285714,0.9895865,2.0430987705270502,Infobox field family/Father: Aeussewahl | He was the father Heileind and Tollkuehnheit. | Ultimately Aeussewahl chose his son Heileind as his successor.
Aeussewahl,Tollkuehnheit,family,undirected,7,0.9809232414285715,0.9894679,2.03977253742581,"Infobox field family/Father: Aeussewahl | He was the father Heileind and Tollkuehnheit. | He was a Royal Family member of the ancient past, being the son of Aeussewahl and the brother of Heileind."
Myne,Tuuli,family,undirected,7,0.9804939300000001,0.98884517,2.038879809406921,"Infobox field family/Sister: Myne (Legally Deceased) | Tuuli (トゥーリ, Tuuri) is the oldest daughter of Gunther and Effa, as well as the older sister of Myne and Kamil. | Infobox field family/Sister: Tuuli (Older Sister)"
Benno,Gustav,enemy_rival,undirected,7,0.9802006714285714,0.9860794,2.0382699953510386,"He has a terrible aptitude for personal affairs though, and though he means well, tends to antagonize rather than support, especially in Benno's case. | Around that time, Benno came into conflict with Gustav. | Benno, who loved Liz, was furious, deepening his hatred for Gustav."
Detlinde,Georgine,family,undirected,7,0.9800902742857144,0.98969287,2.038040430946099,"Infobox field family/Daughter: Detlinde Alstede | Infobox field family/Mother: Georgine (Deceased) | She takes after her mother, Georgine, and is said to look even more like her grandmother, Veronica."
Sylvester,Veronica,family,undirected,7,0.9794570928571427,0.98939496,2.036723767180107,"Infobox field family/Mother: Veronica | Sylvester is the son of Adelbert, the sixth Aub Ehrenfest and Veronica. | She is the mother of Georgine, Constanze and Sylvester."
Gudrun,Justus,family,undirected,7,0.9782757371428571,0.98813975,2.0342672070323204,"She is Justus's sister and Traugott's mother. | He bears a strong resemblance to his mother, Rihyarda, and his sister, Gudrun. | Infobox field family/Sister: Gudrun"
Konrad,Philine,family,undirected,7,0.9782506771428571,0.98760206,2.034215096227286,"Infobox field family/Sister: Philine | She is the older sister of Konrad. | Konrad was born in the city of Ehrenfest as the laynoble son of Kashick and his wife Theresia, and is the younger brother of Philine."
Ferdinand,Veronica,enemy_rival,undirected,7,0.9778665414285713,0.9868831,2.033416308465357,"As the archduke's health worsened, so did Veronica's paranoia; she began persecuting Ferdinand more and more harshly. | Ferdinand assumed that Veronica had eliminated her. | Due to the abuse he suffered at the hands of Veronica, he is especially distrustful, cold, and impatient with women."
Corinna,Otto,romantic,undirected,7,0.9776966885714286,0.98538095,2.0330631093782414,"She married Otto after his passionate persuasion and eventually fell in love with him. | Despite the possibility of drawing the guildmaster's ire, since he was trying to arrange a marriage between Corinna and one of his sons, that would lead to him never being able to do official business as a merchant again, Otto believed marrying Corinna would be well worth it. | After the wedding, he moved in with Corinna on the third floor of the building which houses the Gilberta Company's store."
Adolphine,Ortwin,family,undirected,7,0.9770130028571428,0.9879431,2.0316414249025025,"Infobox field family/Sister: Adolphine | However, his sister Adolphine claims the spot for herself. | He is the younger brother of Adolphine."
Eckhart,Heidemarie,romantic,undirected,7,0.9769598728571428,0.9856871,2.0315309441733933,"She and Eckhart married after his graduation. | She was Eckhart's first wife, but she passed away suddenly. | With Heidemarie being fanatically devoted to Ferdinand and the two of them having sworn they would serve him as a married couple, Eckhart made it his entire live's purpose to live for Ferdinand, for both his own and Heidemarie's sake."
Karstedt,Rozemary,romantic,undirected,7,0.9750055942857143,0.9861427,2.0274671361279504,"Finally, Karstedt married his third wife Rozemary, a mednoble who had an abundance of mana. | Due to his deep love for Rozemary, Karstedt took her side in this family struggle, forcing his first wife Elvira to take Trudeliede's side to keep the balance. | However, due to her unusually large mana capacity she was able to marry into the archnoble family of the Knight's Order Commander Karstedt as his third wife."
Ferdinand,Heisshitze,enemy_rival,undirected,7,0.97290613,0.98395294,2.023101422876963,"As such he holds Ferdinand in high regards in more ways than just as a rival to strive against. | Fellow students like Henrik and Eckhart were immensely impressed by his achievements, and Heisshitze of Dunkelfelger came to view him as a rival. | He is extremely persistent, insisting to challenge Ferdinand for years despite Ferdinand being very reluctant and turning him down repeatedly."
Bertilde,Brunhilde,family,undirected,6,0.9868780333333333,0.9887051,1.9203759809430812,Infobox field family/Sister: Bertilde | Infobox field family/Sister: Brunhilde | Bertilde and her sister Brunhilde are the daughters of the third Giebe Groschel and his first wife.
Georgine,Sylvester,enemy_rival,undirected,6,0.9859706200000001,0.9863753,1.91861023612836,"She worked hard and plotted and eventually made it, but found that just humiliating Sylvester, satisfying as it was, wasn't enough for her. | She had one of her name-sworn put the poison into Sylvester's food and he started to choke at their next dinner. | This caused Grausam, her most loyal servant, to state that they were better off eliminating Sylvester."
Aub Klassenberg,Eglantine,family,undirected,6,0.9859373499999999,0.9893211,1.9185454956977004,"Infobox field family/Relatives: Eglantine (Niece) | Infobox field family/Sister: Eglantine's Mother (Deceased) Eglantine (Adoptive) | After Eglantine was orphaned, she was adopted by her grandfather, who at the time was the Aub Klassenberg."
Florencia,Wilfried,family,undirected,6,0.9856191233333332,0.9896024,1.9179262551973337,"Infobox field family/Mother: Florencia | She is the mother of Wilfried, Charlotte, Melchior, and Henriette. | Determined to raise the next Aub, Sylvester's mother Veronica used her influence to take custody of Wilfried and raised him away from his mother, Florencia."
Effa,Myne,family,undirected,6,0.9852603349999999,0.9896533,1.9172280853381376,"Infobox field family/Daughter: Tuuli Myne | Infobox field family/Mother: Effa Urano Motosu’s Mother (Former) | She was the second daughter of Gunther, a soldier, and Effa, a dye worker."
Bertram,Sidonius,family,undirected,6,0.9848748783333332,0.9889116,1.9164780212984498,"Originally of mednoble birth, being the son of Sidonius, the former Giebe Wiltord. | Infobox field family/Father: Sidonius (Deceased) | Infobox field family/Son: Freuden (Deceased) Laurenz Bertram"
Neigunheit,Rundsein,family,undirected,6,0.9847601666666667,0.9893085,1.9162548027020685,Infobox field family/Father: Neigunheit | He was a son of Zent Neigunheit. | He passed the Grutrissheit Magic Tool to his son Rundsein who was omni-elemental.
Eglantine,Sigiswald,family,undirected,6,0.984002175,0.98977345,1.9147798190250023,"Infobox field family/Relatives: Anastasius (Cousin) Sigiswald (Cousin) Hildebrand (Cousin) Nahelache's Son (Nephew) | Infobox field family/Relatives: Eglantine (Cousin) Stephareine | After some hard work on his part, Anastasius also manages to convince King Trauerqual, Aub Klassenberg, and Eglantine's biological grandfather and adoptive father, the Previous Aub Klassenberg to agree to this arrangement, making it official."
Karstedt,Rozemyne,family,undirected,6,0.98369895,0.9893435,1.914189770420055,"Infobox field family/Father: Karstedt (Baptismal) Sylvester (Adoptive) Gunther (Biological) Urano Motosu’s Father (Former) | Karstedt is Rozemyne's noble baptismal father. | Infobox field family/Daughter: Heidemarie (In-Law, Deceased) Rozemyne Aurelia (In-Law)"
Oswald,Wilfried,service_retainer,directed,6,0.9828434566666667,0.9878976,1.9125250572602728,"Two days after returning with his lord from his third year at the Royal Academy, Oswald resigns from his position as Wilfried's head-attendant and retainer, stating that he could not risk creating an opening for the Leisegangs to exploit against Wilfried. | Oswald (オズヴァルト, Ozuvaruto) is an archnoble of Ehrenfest and formerly Wilfried's head attendant. | Infobox field occupation: Attendant Wilfried's Head Attendant (Former)"
Martina,Detlinde,service_retainer,directed,6,0.9828143716666666,0.9864804,1.9124684604635873,"Martina (マルティナ, Marutina) was an apprentice Ahrensbach archattendant serving Detlinde. | Infobox field occupation: Prisoner Apprentice Attendant of Detlinde (Former) | Due to serving Detlinde, and participating in the Lanzenave invasion, her schtappe was permanently destroyed and will spend the rest of her life imprisoned, regularly having her mana drained."
Lestilaut,Rasantark,family,undirected,6,0.9826332516666666,0.9899086,1.9121160172173903,Infobox field family/Relatives: Lestilaut (Cousin) Hannelore (Cousin) Raufereg (Cousin) Codenest | Infobox field family/Relatives: Hildebrand (Cousin) Rasantark (Cousin) Kenntrips (Cousin) Codenest (Cousin) Reginald (Cousin) | *Rasantark - A male apprentice archknight and cousin of Lestilaut and Hannelore.
Georgine,Gieselfried,romantic,undirected,6,0.982628665,0.98487467,1.9121070919761736,"Around the time Rozemyne was adopted into Ehrenfest's archducal family, Gieselfried's first wife died, and his former third wife Georgine was promoted to first wife. | Right now, Gieselfried and Georgine are looking for a suitable husband for Detlinde. | Georgine (ゲオルギーネ, Georugiine) is the former first wife of Gieselfried, known as Aub Ahrensbach."
Hildebrand,Letizia,romantic,undirected,6,0.9824508133333333,0.98496974,1.9117610086129804,"The only thing that changed is, that Letizia will be marrying into Hildebrand's duchy, Blumenfeld, rather than him coming to Alexandria. | Infobox field family/Spouse: Hildebrand (Engagement promised) | Despite Ahrensbach no longer existing and former Aub Ahrensbach, Gieselfried, with whom the agreement had been made, having climbed the towering staircase, the royal decree promising an engagement between now former Prince Hildebrand and Letizia still stands."
Kashick,Philine,family,undirected,6,0.9822365383333334,0.98994243,1.9113440487157916,"Infobox field family/Daughter: Philine (Former) | Infobox field family/Father: Kashick | Philine was born to a laynoble family as the daughter of Kashick and his previous wife, Theresia."
Justus,Ferdinand,service_retainer,directed,6,0.9822107149999999,0.98812383,1.9112937988293757,"Justus (ユストクス, Yusutokusu) is an archnoble attendant and scholar who serves Ferdinand as a name-sworn retainer alongside Eckhart. | When Ferdinand abandoned noble society and entered the temple, Justus could no longer officially work as his attendant. | Not long after Myne joined the temple, Ferdinand assigned Justus and Eckhart to investigate her activities in the Lower City."
Freida,Gustav,family,undirected,6,0.9818919666666667,0.9890354,1.910673543212548,"Infobox field family/Offspring: Freida (Granddaughter) Damian (Grandson) | Infobox field family/Grandfather: Gustav | Freida (フリーダ Furiida) is the granddaughter of Gustav, the guildmaster of Ehrenfest's Merchant's Guild."
Hannelore,Werdekraf,family,undirected,6,0.9815929466666667,0.98962224,1.9100916771597776,"Infobox field family/Father: Werdekraf | Through his daughter Hannelore, Rozemyne of Ehrenfest had petitioned Aub Dunkelfelger for the rights to produce and sell copies of a book on Dunkelfelger history she had borrowed from Hannelore and translated into modern language. | To make sure that she had made no errors or misunderstandings, she gave a copy of her manuscript to Hannelore and her brother, which they passed on to their father."
Brigitte,Rozemyne,service_retainer,directed,6,0.9812730500000001,0.9877208,1.909469186989462,"Brigitte begins serving as a guard knight for Rozemyne, when she is adopted by the archduke. | Her reputation was so maligned that she agreed to take on the task of serving as Rozemyne's guard knight even though it meant entering the temple and the lower city. | Brigitte (ブリギッテ, Burigitte) is an Ehrenfest medknight, who served Rozemyne as a guard knight."
Gloria,Viscount Dahldolf,romantic,undirected,6,0.9808744216666666,0.9864638,1.9086934920699274,"He later married an ambitious noblewoman named Gloria as his second wife, and had a second son named Shikikoza. | Gloria married the mednoble Viscount Dahldolf as a second wife, and the couple had a son named Shikikoza. | Gloria (グローリエ, Guroorie) was the Viscountess of Dahldolf, a mednoble and first wife of Viscount Dahldolf."
Nikolaus,Trudeliede,family,undirected,6,0.9799299166666665,0.98935854,1.9068555702045937,Infobox field family/Mother: Trudeliede | Infobox field family/Son: Nikolaus | They're the parents of Nikolaus.
Eckhart,Elvira,family,undirected,6,0.9794689283333332,0.9888743,1.9059585283281644,Infobox field family/Mother: Elvira | Infobox field family/Son: Eckhart Lamprecht Cornelius | He also routinely reported back to his mother Elvira about Ferdinand's various achievements while in school.
Magdalena,Raublut,enemy_rival,undirected,6,0.9792726750000001,0.98557276,1.9055766369750455,"At a moment Raublut is letting his guard against her down, while locked with Werdekraf, Magdalena quickly draws her silver dagger and stabs the traitor in the flank, right through his feystone armor. | Magdalena fights exclusively with her schtappe formed into a spear, despite the disadvantages this gives her against the silver cloak Raublut is wearing. | In the confrontation with their enemy, Magdalena and Werdekraf attack Raublut together."
Karstedt,Trudeliede,romantic,undirected,6,0.9787833633333333,0.98538476,1.9046244804368273,"His next marriage was to his second wife Trudeliede, an archnoble and a member of the Veronica faction. | When Trudeliede turned against Rozemary, Karstedt took his third wife's side. | Her marriage to Karstedt only happened at the insistence of Veronica, making Elvira later remark that the marriage was practically forced on Karstedt."
Jonsara,Kashick,romantic,undirected,6,0.9781710016666668,0.98603547,1.9034328796547686,"Jonsara (ヨナサーラ, Yonasaara) is an Ehrenfest laynoble who's the wife Kashick. | When Theresia, the wife of Kashick, a poor layscholar, died shortly after the birth of their son Konrad, he had the choice between hiring a life-in-maid or marrying again. | Theresia died not long after the birth of their son, and Kashick remarried another noblewoman, Jonsara."
Gloria,Rozemyne,enemy_rival,undirected,6,0.978066575,0.98611116,1.9032296747442699,"When Rozemyne enters noble society, Gloria holds her in contempt and often slanders her reputation at tea parties and social gatherings. | Knowing that by her actions she has already doomed herself and unwilling to even attempt to beg for mercy, Gloria quickly scribbles a note re-stating her loathing for Rozemyne and taunting her that she will find it very difficult to find what was stolen. | She informs Georgine that Rozemyne used to be a commoner, and explains that she was responsible for the death of Bezewanst, Georgine’s uncle."
Elvira,Karstedt,romantic,undirected,6,0.977820335,0.9864806,1.9027505138291663,"She attended the Royal Academy and graduated from the scholar's course, and was subsequently married to Karstedt in hopes that it would offer her protection from Veronica's abuse. | Elvira’s husband Karstedt also married a second wife, Trudeliede, and a third wife, Rozemary. | His first marriage was a political match with Elvira, an archnoble woman who created the Florencia faction and the younger sister of the Leisegang-aligned Giebe Haldenzel."
Adelbert,Veronica,romantic,undirected,6,0.9778067950000001,0.9855138,1.9027241662057484,"Adelbert went on to marry his cousin Veronica as his first wife, with whom he had three children: Georgine, Constanze and Sylvester. | Veronica (ヴェローニカ, Veroonika) was formerly the first wife of Adelbert, the sixth Aub Ehrenfest. | Infobox field family/Spouse: Veronica (First Wife) Irmhilde (Engaged, Deceased)"
Heidi,Josef,romantic,undirected,6,0.977774675,0.9860173,1.9026616635717606,"This apprentice was Josef, who ended up marrying her. | This is shown when she asks her husband, Josef, to get his beruf certification once the work with coloured ink was completed . | Josef is Heidi's husband."
Ferdinand,Gieselfried,romantic,undirected,6,0.9777444700000001,0.98469573,1.9026028873557084,"Without further consultation with Aub Ehrenfest, the King announces that Ferdinand and Detlinde will be married right after the girl comes of age, without the usual one-year preparation period. | At the Archduke Conference following Rozemyne's second year at the Royal Academy, Gieselfried approaches Aub Ehrenfest about marrying Ferdinand to Detlinde, but after listing a row of counter-arguments Ehrenfest refuses. | They start pondering the possibility of getting Ferdinand, who is talented but is infamous for staying in the temple, to marry Detlinde."
Hortensia,Raublut,romantic,undirected,6,0.9776815816666667,0.9862113,1.9024805123096178,"To forge a stronger bond between those of Trauerqual's retainers who were formerly in the second and third princes' employ and strengthen the relationship to Klassenberg, Raublut agreed to marry Hortensia, a former Klassenberg noble and scholar of Prince Waldifried. | Hortensia (オルタンシア, Orutanshia) was a Sovereign archnoble, formerly of Klassenberg origin, and was the first wife of the Sovereignty Knight's Order Commander Raublut. | Infobox field family/Spouse: Hortensia (First Wife , Former)"
Anastasius,Eglantine,romantic,undirected,6,0.9774383750000001,0.9863703,1.9020072539886332,"After graduating from the Royal Academy, she married Prince Anastasius and became his first wife. | Shortly after the Lanzenave invasion had been defeated, his wife Eglantine is crowned the new Zent. | He feels he stole her birthright, and he is determined to have her marry Anastasius or Sigiswald to regain her original status as royalty."
Rihyarda,Traugott,family,undirected,5,0.987968242,0.98924667,1.7702014529000945,Infobox field family/Grandmother: Rihyarda | Infobox field family/Offspring: Traugott (Grandson) | He is the grandson of Bonifatius on his father’s side and the grandson of Rihyarda on his mother’s side. __TOC__
Laurenz,Sidonius,family,undirected,5,0.9873282980000001,0.9890175,1.769054827178319,"He is son of Sidonius, the former Giebe Wiltord. | Infobox field family/Father: Sidonius (Deceased) | He was also the father of Freuden, Laurenz and was a member of the former Veronica faction. __TOC__"
Lamprecht,Wilfried,service_retainer,directed,5,0.987246502,0.9882045,1.7689082684207738,"Lamprecht harbored uneasy thoughts after witnessing Rozemyne's blessing at her debut, but as Wilfried's retainer, he did not feel obligated to share them. | With a patient and easygoing personality, Lamprecht is dedicated to his work as Wilfried's retainer. | Lamprecht (ランプレヒト, Ranpurehito) is an Ehrenfest archknight, who currently serves Wilfried as a retainer."
Alexis,Wilfried,service_retainer,directed,5,0.98719136,0.98836994,1.7688094672201216,"Infobox field occupation: Knight Wilfried's Retainer Royal Academy Student (Former) | Alexis (アレクシス, Arekushisu) is an Ehrenfest archknight, who serves Wilfried as a guard knight. | After Veronica was imprisoned and her grandson Wilfried had his winter debut, Alexis was approached by Lamprecht and asked to serve as a guard knight for him, in part to increase the number of neutral and Leisegang nobles in his retinue."
Raimund,Ferdinand,service_retainer,directed,5,0.9870263620000002,0.98822707,1.7685138304912182,"Infobox field occupation: Apprentice Scholar Ferdinand's Retainer | Ferdinand states that he wishes to take Raimund on as a retainer upon his graduation and uses this to request that he be allowed to visit Ehrenfest alongside the two women. | If he manages to pass these tests, Ferdinand will take him on as a long-distance disciple, with even the chance to become Ferdinand's retainer once he comes of age, should he wish to do so and get permission from his home duchy."
Lieseleta,Rozemyne,service_retainer,directed,5,0.9864661379999999,0.98814166,1.7675100438343292,"For Lady Rozemyne's fourth' year at the Royal Academy, Lieseleta is chosen to accompany her as her adult retainer, with Ottilie staying behind to help contain Clarissa and prepare for her lady's move to the Sovereignty come spring. | Infobox field occupation: Aub Alexandria's Head Attendant Rozemyne's Retainer Attendant | Lieseleta (リーゼレータ, Riizereeta) is an adult mednoble attendant who serves as one of Rozemyne's retainers."
Charlotte,Florencia,family,undirected,5,0.98636629,0.98994815,1.7673311402348457,"Infobox field family/Daughter: Rozemyne (Adoptive) Charlotte Henriette | Infobox field family/Mother: Florencia | She is the mother of Wilfried, Charlotte, Melchior, and Henriette."
Detlinde,Letizia,family,undirected,5,0.9860688160000001,0.989326,1.7667981383784968,"Infobox field family/Relatives: Wilfried (Cousin) Charlotte (Cousin) Melchior (Cousin) Henriette (Cousin) Rudiger (Cousin) Rozemyne (Cousin, Adoptive) Aurelia (Cousin) Martina (Cousin) Letizia (Niece) Benedikta (Niece) Bezewanst (Granduncle, Deceased) | Infobox field family/Aunt: Detlinde Alstede | Infobox field family/Sister: Alstede Letizia (Half-Sister, Adoptive)"
Karstedt,Nikolaus,family,undirected,5,0.98604336,0.9894699,1.766752527349448,"Infobox field family/Father: Karstedt | Infobox field family/Son: Eckhart Lamprecht Cornelius Nikolaus | Nikolaus (ニコラウス, Nikorausu) is an Ehrenfest apprentice archknight and the son of Karstedt and his second wife Trudeliede."
Angelica,Lieseleta,family,undirected,5,0.985667552,0.9869239,1.7660791698068363,"She is the younger sister of Angelica. | Infobox field family/Sister: Lieseleta | He hopes that through the close connections Lieseleta's family, and her sister Angelica in particular, have with Lord Bonifatius, he will be able to lower the sentence of his family."
Marthe,Rick,family,undirected,5,0.985132102,0.98851705,1.7651197721990382,"Infobox field family/Sister: Marthe | To escape the fate of being split up with his sister Marthe, the two agree to go with Rozemyne. | In the year in which Rozemyne took up the mantle of High Bishop, the mayor signed a contract with a noble to sell Rick's sister Marthe and her friend Nora, with Lord Kantna as the middleman."
Gunther,Tuuli,family,undirected,5,0.98512413,0.9897669,1.7651054882925494,"Infobox field family/Daughter: Tuuli Myne | Infobox field family/Father: Gunther | Tuuli (トゥーリ, Tuuri) is the oldest daughter of Gunther and Effa, as well as the older sister of Myne and Kamil."
Heileind,Tollkuehnheit,family,undirected,5,0.9850432100000001,0.988347,1.7649604991162995,"He was a Royal Family member of the ancient past, being the son of Aeussewahl and the brother of Heileind. | He was the son of Aeussewahl and the brother of Tollkuehnheit. | Ultimately Aeussewahl chose his son Heileind as his successor."
Florencia,Rozemyne,family,undirected,5,0.9849094280000001,0.9894349,1.7647207939509875,Infobox field family/Daughter: Rozemyne (Adoptive) Charlotte Henriette | Infobox field family/Mother: Elvira (Baptismal) Florencia (Adoptive) Rozemary (Purported Biological) Effa (Biological) Urano Motosu’s Mother (Former) | She is also the adoptive mother of Rozemyne.
Lestilaut,Reginald,family,undirected,5,0.984873418,0.98985636,1.7646562726925001,"Infobox field family/Relatives: Lestilaut (Cousin) Hannelore (Cousin) Hildebrand (Cousin) Raufereg (Cousin) Lungtase (Cousin) | Infobox field family/Relatives: Hildebrand (Cousin) Rasantark (Cousin) Kenntrips (Cousin) Codenest (Cousin) Reginald (Cousin) | He is the half-brother of Kenntrips and Reginald. *Vestaert - A male apprentice knight, the same age as Kenntrips."
Gunther,Myne,family,undirected,5,0.9847211899999999,0.98974365,1.7643835167320185,"Infobox field family/Father: Gunther Urano Motosu’s Father (Former) | Infobox field family/Daughter: Tuuli Myne | She was the second daughter of Gunther, a soldier, and Effa, a dye worker."
Alexis,Giebe Kirnberger,family,undirected,5,0.9846302399999999,0.9895515,1.7642205562082922,Infobox field family/Father: Giebe Kirnberger | He is the son of Giebe Kirnberger and a Leisegang noblewoman. | He is also the father of Alexis.
Nora,Thore,family,undirected,5,0.9845024819999999,0.9869551,1.7639916446020225,Infobox field family/Sister: Nora | He looks similar to his sister Nora with matching hair and eye colour. | In the year in which Rozemyne took up the mantle of High Bishop the mayor signed a contract with a noble to sell Thore's sister Nora and her friend Marthe with Lord Kantna as the middleman.
Georgine,Martina,family,undirected,5,0.9843280199999999,0.9887462,1.763679050661502,"Infobox field family/Relatives: Karstedt (Cousin) Wilfried (Nephew) Rozemyne (Niece, Adoptive) Charlotte (Niece) Melchior (Nephew) Henrietta (Niece) Rudiger (Nephew) Aurelia (Niece) Martina (Niece) Benedikta (Granddaughter) | Infobox field family/Aunt: Georgine (Deceased) | In his irritation, her father bemoaned that his daughter was only serving the ""lowly"" Detlinde - at the time the mostly neglected youngest daughter of a third wife - and decried Georgine as “Ehrenfest’s chamavarein.”"
Strahl,Ferdinand,service_retainer,directed,5,0.98422409,0.9882929,1.7634928330998654,"Infobox field occupation: Alexandria's Knight's Commander Rozemyne's Retainer Ferdinand's Retainer (Former) Ahrensbach Knight Commander (Former) Gieselfried's Retainer (Former) Knight | After his dismissal, he becomes a guard knight to Ferdinand. | He then served as one of Ferdinand's guard knights after his demotion by Detlinde."
Eckhart,Karstedt,family,undirected,5,0.9841135040000001,0.989498,1.7632946895872015,"Infobox field family/Father: Karstedt | Infobox field family/Son: Eckhart Lamprecht Cornelius Nikolaus | When not assisting Ferdinand, Eckhart served in the Knight’s Order with his father, Karstedt."
Brunhilde,Sylvester,romantic,undirected,5,0.983643234,0.9857065,1.7624520788616074,"Brunhilde made the decision to become Sylvester's second wife. | * Mana Capacity: As an archnoble who learned Rozemyne Mana Compression Method, Brunhilde has enough mana to marry Sylvester, who learned the same method. | Infobox field family/Spouse: Sylvester (Engaged)"
Kashick,Konrad,family,undirected,5,0.9835772259999999,0.98947936,1.7623338084025624,"Infobox field family/Father: Kashick (Former) | Konrad was born in the city of Ehrenfest as the laynoble son of Kashick and his wife Theresia, and is the younger brother of Philine. | Infobox field family/Son: Konrad (Former) Unnamed Child"
Cornelius,Karstedt,family,undirected,5,0.9831801520000001,0.9894992,1.7616223473030785,"Infobox field family/Father: Karstedt | Infobox field family/Son: Eckhart Lamprecht Cornelius Nikolaus | Because his father Karstedt is the commander of the Knight's Order and his brothers Eckhart and Lamprecht both serve as guard knights, Cornelius ""never once considered becoming an attendant or scholar."
Grausam,Matthias,family,undirected,5,0.982958372,0.9885267,1.761224970887993,"Infobox field family/Father: Grausam (Deceased) | He is the youngest son of Grausam, the former Giebe Gerlach. | Infobox field family/Son: Unnamed Eldest Son (Deceased) Janrik (Deceased) Matthias"
Albsenti,Neigunheit,family,undirected,5,0.9829389279999999,0.98906636,1.7611901319168732,Infobox field family/Mother: Albsenti | He was a son of Zent Albsenti. | Infobox field family/Son: Neigunheit
Gloria,Jeremias,family,undirected,5,0.9825016879999999,0.98776287,1.760406703006548,"Infobox field family/Mother: Previous Viscountess Dahldolf (Deceased) Gloria (Stepmother, Deceased) | Infobox field family/Son: Shikza (Deceased) Jeremias (Stepson) | His father later married Gloria, his second wife, and the couple had a son named Shikikoza, Jeremias's half-brother."
Karla,Lutz,family,undirected,5,0.982318158,0.98922324,1.7600778613911605,"Infobox field family/Mother: Karla | His father Deid was a carpenter, and his mother Karla was a textile worker. | Infobox field family/Son: Zasha Sieg Ralph Lutz"
Gloria,Shikikoza,family,undirected,5,0.9820217960000001,0.9863193,1.7595468519713413,"Infobox field family/Mother: Gloria (Deceased) | She is the mother of Shikikoza, whom was a former member of the Knight's Order who was executed for attacking Myne during the trombe extermination. | Furthermore, his mother Gloria also greatly disrespects commoners, making his abuse of them even worse."
Elvira,Rozemyne,family,undirected,5,0.981633706,0.9890863,1.7588514880389285,"Infobox field family/Mother: Elvira (Baptismal) Florencia (Adoptive) Rozemary (Purported Biological) Effa (Biological) Urano Motosu’s Mother (Former) | Elvira (エルヴィーラ, Eruviira) is Rozemyne's noble mother. | Infobox field family/Daughter: Rozemyne (Baptismal) Heidemarie (In-Law, Deceased) Aurelia (In-Law)"
Cornelius,Elvira,family,undirected,5,0.981534868,0.9890887,1.758674394116509,"Infobox field family/Mother: Elvira | Infobox field family/Son: Eckhart Lamprecht Cornelius | His angled eyes resemble those of his mother, Elvira."
Charlotte,Veronica,family,undirected,5,0.981514252,0.9895738,1.7586374552032913,"Infobox field family/Grandmother: Veronica | Infobox field family/Offspring: Wilfried (Grandson) Rozemyne (Granddaughter, Adoptive) Charlotte (Granddaughter) Melchior (Grandson) Henriette (Granddaughter) Wolfram (Grandson, Deceased) Detlinde (Granddaughter) Rudiger (Grandson) Alstede (Granddaughter) Benedikta (Great-Granddaugher) | When seeing Detlinde for the first time, she instinctively and involuntarily tensed up, due to how similar her cousin was to their grandmother Veronica, both in appearance and mannerisms."
Karstedt,Lamprecht,family,undirected,5,0.981331716,0.9896479,1.7583103945968164,"Infobox field family/Father: Karstedt | Infobox field family/Son: Eckhart Lamprecht Cornelius Nikolaus | Lamprecht is the second son of Karstedt and Elvira, and a brother of Eckhart, Cornelius, and Rozemyne."
Sigiswald,Trauerqual,family,undirected,5,0.981257416,0.9878846,1.7581772668682527,"He is the father of the three former princes, Sigiswald, Anastasius, and Hildebrand. | Infobox field family/Son: Sigiswald Anastasius Hildebrand | After some hard work on his part, Anastasius also manages to convince King Trauerqual, Aub Klassenberg, and Eglantine's biological grandfather and adoptive father, the Previous Aub Klassenberg to agree to this arrangement, making it official."
Jonsara,Konrad,family,undirected,5,0.9812518279999999,0.9894804,1.7581672545163385,"Infobox field family/Mother: Theresia (Deceased) Jonsara (Step-Mother, Former) | After their mother died, their father remarried to Jonsara, a harsh-tempered woman who treated both Konrad and Philine coldly. | Infobox field family/Son: Konrad (Step-Son, Former) Unnamed Son"
Arno,Fran,enemy_rival,undirected,5,0.9803427000000001,0.9871594,1.7565383158135985,"While others believe Arno is inflexible, in reality, he is acting out of malice towards both High Bishop and Fran. | His motivation for this was to force Fran back to the chambers, to make him remember the trauma he suffered there. | Although Fran didn't realize it, this experience earned him the intense hatred of Arno, a fellow gray priest who served Sister Margaret alongside him."
Rozemary,Rozemyne,family,undirected,5,0.9792197679999999,0.98902506,1.754526291769299,"Infobox field family/Mother: Elvira (Baptismal) Florencia (Adoptive) Rozemary (Purported Biological) Effa (Biological) Urano Motosu’s Mother (Former) | Infobox field family/Daughter: Rozemyne (Purported) | In private, Cornelius is told the original cover story, that Rozemyne is Rozemary’s daughter."
Benno,Liz,romantic,undirected,5,0.978106082,0.98457515,1.7525308343330526,"Infobox field family/Spouse: Benno (Engaged) | He also attempted to arrange a marriage between his daughter and Benno shortly after the death of Benno’s lover Liz, and later suggested a marriage between his sons and Benno's two younger sisters, causing one of the sisters to flee to another city. | Infobox field family/Spouse: Liz (Betrothed, Deceased)"
Detlinde,Gieselfried,romantic,undirected,5,0.977900032,0.98557776,1.752161642294418,"Right now, Gieselfried and Georgine are looking for a suitable husband for Detlinde. | They start pondering the possibility of getting Ferdinand, who is talented but is infamous for staying in the temple, to marry Detlinde. | Without further consultation with Aub Ehrenfest, the King announces that Ferdinand and Detlinde will be married right after the girl comes of age, without the usual one-year preparation period."
Rozemyne,Sigiswald,romantic,undirected,5,0.9775621280000001,0.9846858,1.751556199602728,"Due to some of the country's magic tools starting to break from the lack of mana, with one already having been destroyed, the royal family feels they can not wait for Rozemyne to come of age and thus pressure Ehrenfest to allow them to adopt her as soon as possible, and have her marry Sigiswald as his third wife at a later date. | Infobox field family/Spouse: Nahelache (First Wife, Former Second Wife) Adolphine (First Wife, Former) Rozemyne (Engaged, Cancelled) | Infobox field family/Spouse: Ferdinand (Betrothed) Wilfried (Betrothed, Cancelled) Sigiswald (Betrothed, Cancelled)"
Rozemyne,Zack,romantic,undirected,5,0.9770473860000001,0.9815678,1.7506339057500186,"The couple chooses the former and get married in the summer after Rozemyne's third year at the Royal Academy. | At the same meeting Josef reports that his wife Heidi is pregnant and thus Rozemyne aquits them and have a replacement go in their stead. | Zack is quite willing to just pledge himself to Rozemyne right away, since his wife expressed eagerness to accompany him on his journeys to other cities."
Magdalena,Werdekraf,family,undirected,5,0.9767047019999999,0.98856366,1.7500198984480655,"Infobox field family/Sister: Magdalena | Her brother is Werdekraf, the current Aub Dunkelfelger. | When the Royal Palace is breached by intruders, Zent Trauerqual entrusts Magdalena with leading of the troops and liaising with her brother Werdekraf, the current Aub Dunkelfelger."
Charlotte,Wilfried,family,undirected,5,0.975531688,0.98850167,1.7479181395060286,"Infobox field family/Sister: Rozemyne (adoptive) Charlotte Henriette | She is the sister of Wilfried, Melchior, and Henriette and the adoptive sister of Rozemyne. | He is the older brother of Charlotte and Melchior, and the adoptive older brother of Rozemyne."
Gervasio,Raublut,romantic,undirected,5,0.9746951960000001,0.98488104,1.7464193470440952,"Raublut tried to find out what happened, but was only told that it was due to ""the guidance of the Goddess of Time."" Having been denied the marriage with her, Raublut swore to Gervasio before the latter's departure to Lanzenave, that he would protect her. | Due to how close he was with Valamarlene, he tried to get her out of the Adalgisa villa by arranging a marriage between her and Raublut. | But at the same time, it made Raublut only more sure that the current royal family was unsuited to lead the country and thus began to secretly reach out to his old friend and true liege, while lying the groundwork for a coup, which was supposed to have Gervasio take the throne of Yurgenschmidt."
Carya,Volk,romantic,undirected,5,0.96919155,0.97906315,1.7365581372083159,"Due to his love for his people, Giebe Illgner prepares to buy Volk, so he could marry his love, but due to his extensive skillset, his price is far in excess of what the local lord can afford. | During the stay of the grey priests and Plantin Company personnel, Carya and the priest Volk fall deeply in love with each other and want to get married, though his position makes that a bit complicated since grey priests are not allowed to marry. | During his stay there, Volk falls in love with Carya, one of the local women, and she reciprocates."
Shuu,Urano Motosu,friend_ally,undirected,5,0.967665684,0.9704204,1.7338241523540427,"Shuu (修, Shū) is Urano Motosu's close childhood friend. | She returned home one day with her friend Shuu and went to read in her father's book room. | They became close friends and spent a lot of time together, although Shuu was often exasperated by Urano's eccentric behavior."
Aurelia,Lamprecht,romantic,undirected,5,0.966308068,0.97447234,1.7313916310304673,"It was there that she met Lamprecht, who initially only wished for the three year younger girl to introduce him to other female Ahrensbach students, since Lady Veronica had decreed he was to marry someone from Ahrensbach. | Aurelia and Lamprecht fell in love with each other during their shared time at the Royal Academy, but due to the strained political relationship between Ahrensbach and Ehrenfest at the time, Aub Ehrenfest refused their requests for a marriage. | Aurelia (アウレーリア, Aurēria) is an Ehrenfest archnoble and the wife of Lamprecht and mother of Siegrecht."
Monika,Nicola,friend_ally,undirected,5,0.9638762419999999,0.96810985,1.727034383767452,"Myne chose to take on both Monika and Nicola as they were both capable, but Myne would not feel right only choosing one. | She is a close friend of Nicola. | She is a close friend of Monika."
Ortwin,Wilfried,friend_ally,undirected,5,0.9562071480000001,0.96297044,1.7132932119725524,"*Gewinnen: Wilfried is decently skilled in playing Gewinnen, able to match Ortwin from Drewanchel. *Highbeast: As per family tradition, Wilfried's highbeast takes the shape of a winged lion. *Mana Affinities: Wilfried has six elemental affinities. | He is better acquainted with Wilfried. | At a tea party with Rozemyne, however, the Ehrenfest archduke candidate promised she would lend Ortwin a book with knight's stories through Wilfried."
Elvira,Previous Count Leisegang,family,undirected,4,0.9887218175,0.98967665,1.5912863779352495,"Infobox field family/Relatives: Previous Count Leisegang (Great-Grandfather) Count Groschel (Cousin) Traugott (Nephew) | Infobox field family/Offspring: Karstedt (Grandson) Count Leisegang (Grandson) Leberecht (Grandson) Claudio (Grandson) Elvira (Granddaughter) Eckhart (Great-Grandson) Lamprecht (Great-Grandson) Cornelius (Great-Grandson) Rozemyne (Great-Granddaughter) Traugott (Great-Grandson) Nikolaus (Great-Grandson) Oliswalt (Great-Grandson) Leberecht's Middle Son (Great-Grandson) Hartmut (Great-Grandson) Leonore (Great-Granddaughter) Brunhilde (Great-Granddaughter) Bertilde (Great-Granddaughter) | Infobox field family/Relatives: Elvira (Granddaughter, In-Law) Trudeliede (Granddaughter, In-Law) Rozemary (Granddaughter-In-Law, Deceased) Heidemarie (Great-Granddaughter, In-Law, Deceased) Aurelia (Great-Granddaughter, In-Law)"
Corinna,Renate,family,undirected,4,0.9884006,0.98972696,1.590769398312612,"Infobox field family/Daughter: Renate | Infobox field family/Mother: Corinna | Renate (レナーテ, Renaate) is the daughter of Otto and Corinna, who was born the same year as Kamil."
Brunhilde,Count Groschel,family,undirected,4,0.9882223499999999,0.9894198,1.5904825160047207,Infobox field family/Daughter: Brunhilde Bertilde | Infobox field family/Father: Count Groschel | She is the oldest daughter of Count Groschel and a Leisegang noblewoman.
Hildebrand,Trauerqual,family,undirected,4,0.9881168924999999,0.9896544,1.5903127887060702,"Infobox field family/Father: Trauerqual | Infobox field family/Son: Sigiswald Anastasius Hildebrand | He is the father of the three former princes, Sigiswald, Anastasius, and Hildebrand."
Otto,Renate,family,undirected,4,0.9880177375,0.9897195,1.5901532048898628,"Infobox field family/Daughter: Renate | Infobox field family/Father: Otto | Renate (レナーテ, Renaate) is the daughter of Otto and Corinna, who was born the same year as Kamil."
Fairseele,Strahl,family,undirected,4,0.987998815,0.9897714,1.5901227503009647,Infobox field family/Daughter: Fairseele | Infobox field family/Father: Strahl}} | She's also the daughter of Strahl.
Leonore,Rozemyne,service_retainer,directed,4,0.9878965525,0.9884073,1.5899581651564445,"Infobox field occupation: Knight Rozemyne's Retainer Royal Academy Student (Former) | Leonore was chosen as one of Rozemyne’s retainers, primarily to serve as a replacement for Angelica, who was about to graduate. | Leonore will join Rozemyne as a retainer in Alexandria."
Gudrun,Traugott,family,undirected,4,0.9876308650000001,0.98883575,1.5895305576210847,Infobox field family/Mother: Gudrun | She is Justus's sister and Traugott's mother. | Infobox field family/Son: Traugott
Deid,Lutz,family,undirected,4,0.9875931,0.9895475,1.5894697771983217,Infobox field family/Father: Deid | Infobox field family/Son: Zasha Sieg Ralph Lutz | He is the father of Lutz.
Arthur,Hildebrand,service_retainer,directed,4,0.987559695,0.9881357,1.5894160139248568,"Infobox field occupation: Hildebrand's Retainer | Arthur was an archattendant who served as then-Prince Hildebrand's Head attendant. | Following the abdication of Trauerqual from the position of Zent and his entire family moving to the newly created duchy of Blumenfeld, it is unknown whether he moved to Blumenfeld and continued to serve Hildebrand as an archduke candidate or if he was dismissed as a retainer as his lord was exploited by Raublut."
Ignaz,Wilfried,service_retainer,directed,4,0.9870438,0.9882559,1.5885857129530216,"Infobox field occupation: Apprentice Scholar Royal Academy Student Retainer of Wilfried | Ignaz (イグナーツ, Igunaatsu) is an apprentice archscholar and one of Wilfried's retainers. | He is still a newcomer to Wilfried's retinue, who entered Wilfried's service after Rozemyne had spent a year in her jureve, when it still seemed that Wilfried was set to become the next Aub."
Seltier,Georgine,service_retainer,directed,4,0.9870357825,0.9881171,1.5885728092845586,"Seltier grew up in Ehrenfest in the province of Gerlach and later became one of Lady Georgine's retainers. | Georgine chooses Seltier for this, showing how much she trusts her long-serving retainer. | Seltier is an Ahrensbach medattendent and served Georgine as an attendant."
Kenntrips,Lestilaut,family,undirected,4,0.9869054975,0.98994523,1.588363123666137,Infobox field family/Relatives: Lestilaut (Cousin) Hannelore (Cousin) Lungtase (Cousin) Raufereg (Cousin) Codenest (Cousin) | Infobox field family/Relatives: Hildebrand (Cousin) Rasantark (Cousin) Kenntrips (Cousin) Codenest (Cousin) Reginald (Cousin) | *Kenntrips - Kenntrips is an apprentice archscholar and cousin of Lestilaut and Hannelore.
Brunhilde,Rozemyne,service_retainer,directed,4,0.9868156400000001,0.98829085,1.5882185035989207,"Their bond later deepened when they were both chosen as Rozemyne’s retainers. | Brunhilde (ブリュンヒルデ, Buryunhirude) was an archnoble attendant who served as Rozemyne's retainer. | Infobox field occupation: Sylvester's Second Wife (Future) Rozemyne's Retainer (Former) Attendant"
Eglantine,Hildebrand,family,undirected,4,0.9867836750000001,0.9897995,1.5881670579160498,"Infobox field family/Relatives: Anastasius (Cousin) Sigiswald (Cousin) Hildebrand (Cousin) Nahelache's Son (Nephew) | Infobox field family/Relatives: Eglantine (Cousin) Lestilaut (Cousin) Hannelore (Cousin) Reginald (Cousin) Kenntrips (Cousin) Rasantark (Cousin) Raufereg (Cousin) Lungtase (Cousin) Nahelache's Son (Half-Nephew) Stephareine (Half-Niece) | Infobox field family/Sister: Trauerqual's Daughter (Deceased) Eglantine (Half-Sister, In-Law) Nahelache (Half-Sister, In-Law) Adolphine (Half-Sister, In-Law, Former)"
Brigitte,Helfried,family,undirected,4,0.9867718400000001,0.9888958,1.588148010218356,"Infobox field family/Sister: Brigitte | She is the younger sister of Helfried. | Helfried has red hair, green eyes, and facial features that closely resemble Brigitte, his sister."
Previous Count Leisegang,Rozemyne,family,undirected,4,0.9863835975,0.98864484,1.5875231580196378,"Infobox field family/Offspring: Karstedt (Grandson) Count Leisegang (Grandson) Leberecht (Grandson) Claudio (Grandson) Elvira (Granddaughter) Eckhart (Great-Grandson) Lamprecht (Great-Grandson) Cornelius (Great-Grandson) Rozemyne (Great-Granddaughter) Traugott (Great-Grandson) Nikolaus (Great-Grandson) Oliswalt (Great-Grandson) Leberecht's Middle Son (Great-Grandson) Hartmut (Great-Grandson) Leonore (Great-Granddaughter) Brunhilde (Great-Granddaughter) Bertilde (Great-Granddaughter) | Infobox field family/Relatives: Detlinde (Cousin, Adoptive) Rudiger (Cousin, Adoptive) Traugott (Cousin, Baptismal) Previous Count Leisegang (Great-Grandfather, Baptismal, Deceased) Siegrecht (Nephew, Baptismal) Deid's Mother (Distant Cousin,Biological) | He is also Karstedt's grandfather and Rozemyne's great-grandfather."
Clarissa,Rozemyne,service_retainer,directed,4,0.9862939000000001,0.9885671,1.5873787954624874,"As a graduate of the Royal Academy, she's now an adult archscholar who will continue to be Rozemyne's retainer in Alexandria. | Infobox field occupation: Rozemyne's Retainer Scholar Royal Academy Student (Former) | From Professor Rauffen, she learned that there are ways in which she might still be able to enter Rozemyne's service, despite being from another duchy, but he cautioned her against any rash action and advised her to calm down and carefully weight her options before making a decision."
Florencia,Melchior,family,undirected,4,0.9862908499999999,0.9896002,1.5873738866768543,"Infobox field family/Mother: Florencia | She is the mother of Wilfried, Charlotte, Melchior, and Henriette. | Infobox field family/Son: Wilfried Melchior"
Effa,Kamil,family,undirected,4,0.986184925,0.9893958,1.5872034069659797,"Infobox field family/Mother: Effa | Kamil (カミル Kamiru) is the youngest child of Gunther and Effa, a part of Myne's family. | The two would later raise three children: her oldest daughter, Tuuli, her second daughter, Myne, and her youngest son Kamil."
Trudeliede,Veronica,service_retainer,directed,4,0.985802425,0.98758715,1.5865877969644737,"As Veronica's former loyal retainer and name-sworn she shares much of her lady's likes and dislikes, including a thorough disdain for Ferdinand, considerable antipathy toward Rozemyne on account of believing that she is a commoner and her involvement in Veronica's fall, and naturally also hostility toward Sylvester for imprisoning Veronica. | She served as Veronica's medattendant and become an archnoble upon marrying Karstedt. | Infobox field occupation: Veronica's Attendant (Former)"
Sargerecht,Melchior,service_retainer,directed,4,0.9857244350000001,0.98775184,1.5864622769016832,Infobox field occupation: Melchior's Head Attendant Melchior's Tutor (Former) Florencia's Retainer (Former) Attendant | Sargerecht is an adult Ehrenfest archattendant who serves as Melchior's head attendant. | Sargerecht has been decided to become Melchior's head-attendant once the boy is baptized in the coming spring.
Charlotte,Rozemyne,family,undirected,4,0.9856839575,0.9881391,1.5863971308785825,"Infobox field family/Sister: Charlotte (Adoptive) Henriette (Adoptive) Heidemarie (Baptismal, In-Law, Deceased) Tuuli (Biological) Aurelia (In-Law) | She is the sister of Wilfried, Melchior, and Henriette and the adoptive sister of Rozemyne. | Infobox field family/Sister: Rozemyne (Adoptive) Henriette"
Delia,Myne,service_retainer,directed,4,0.9851257475,0.98702973,1.5854987265414826,"She was originally assigned to serve as Myne’s attendant and report on her activities to the High Bishop. | Infobox field occupation: Myne's Attendant (Former) | After leaving Myne’s service, Delia was assigned help manage the orphanage."
Jenni,Myne,enemy_rival,undirected,4,0.9850763100000001,0.9871388,1.5854191599546867,"When Bezewanst enlists Count Bindewald to get rid of Myne, Jenni directly attacks Myne in the ensuing fight, earning her a brutal kick to her stomach by Gunther that sent her flying. | She hated Myne because she took Rosina and Wilma, two former attendants of Christine, as attendants and let them live in comfort. | Jenni is very resentful of Myne for being granted blue robes despite being just a commoner like her."
Cordula,Hannelore,service_retainer,directed,4,0.9846484525,0.9881414,1.5847305498730673,"Infobox field occupation: Hannelore's Head Attendant Sieglinde's Retainer (Former) | Cordula (コルドゥラ, Corudoura) is an archattendant from Dunkelfelger who serves as Lady Hannelore's head attendant. | Before being assigned to Lady Hannelore, Cordula was one of Lady Sieglinde's attendants."
Hartmut,Rozemyne,family,undirected,4,0.984210725,0.986635,1.5840260546392522,"*Hartmut is a distant blood relative of Rozemyne and several of her other retainers, including Leonore, Brunhilde, Cornelius, and Traugott , all of whom are descendants of important Liesegang faction members. | In fact, Previous Count Leisegang is their great-grandfather. *Hartmut first appeared on page in Part 3 Volume 3, when he introduced himself to Rozemyne as son of Leberecht in the children's room. | When Hartmut heard that Wilfried committed the crime of entering the Ivory Tower, he told his mother that Rozemyne should have used the opportunity to cement her position as the next archduchess."
Roderick,Rozemyne,service_retainer,directed,4,0.984127775,0.988383,1.583892551764416,"Infobox field occupation: Royal Academy Student Apprentice Scholar Rozemyne's Retainer | He will continue to serve as Rozemyne's retainer in Alexandria. | Roderick (ローデリヒ, Rooderihi) is a mednoble apprentice scholar who serves Rozemyne as a her first name-sworn retainer."
Cornelius,Leonore,romantic,undirected,4,0.984089645,0.98451334,1.5838311838968147,"She is engaged to Cornelius, her lady's older brother. | Infobox field family/Spouse: Leonore (Engaged) | Infobox field family/Spouse: Cornelius (Engaged)"
Fran,Ferdinand,service_retainer,directed,4,0.9839843575,0.98747706,1.5836617302026095,"*When Fran was serving as Ferdinand's attendant, his coming-of-age gift was a pen. | He previously served under Ferdinand and Myne. | Infobox field occupation: Rozemyne's Head Attendant Ferdinand's Attendant (Former) Myne's Head Attendant (Former)"
Ewigeliebe,Schutzaria,enemy_rival,undirected,4,0.9839396375,0.9856044,1.5835897561391654,"At the end of autumn, her powers waned, and Ewigeliebe once again trapped the Goddess of Earth in ice. | This drains almost all the wielder's mana, and weakens Schutzaria's Shield when nearby. | But Ewigeliebe's jealous love consumed him, and he froze Geduldh in ice, so her child could never be born."
Elvira,Lamprecht,family,undirected,4,0.983605785,0.98923373,1.5830524412685043,"Infobox field family/Mother: Elvira | Infobox field family/Son: Eckhart Lamprecht Cornelius | Lamprecht is the second son of Karstedt and Elvira, and a brother of Eckhart, Cornelius, and Rozemyne."
Lasfam,Ferdinand,service_retainer,directed,4,0.9833675449999999,0.98817855,1.582669008780246,"Infobox field occupation: Attendant Ferdinand’s Retainer (Former and Current) Rozemyne's Retainer (Former) | Upon his entry into the temple, Ferdinand offered to return Eckhart and Justus's names, but asked Lasfam to stay in his service and care for the mansion in his absence, to which Lasfam happily agreed. | Much to Lasfam's relief, however, Ferdinand does not offer to return his name and keeps him in his service, albeit at a distance."
Sargerecht,Florencia,service_retainer,directed,4,0.983182725,0.9879038,1.5823715524652702,"There he found employ as Lady Florencia's retainer. | Infobox field occupation: Melchior's Head Attendant Melchior's Tutor (Former) Florencia's Retainer (Former) Attendant | Prior to his lord's baptism, he was one of Florencia's retainers and tutored Melchior."
Adelbert,Karstedt,family,undirected,4,0.9830967675,0.98938143,1.582233209205912,"Infobox field family/Relatives: Karstedt (Nephew) Elvira (Niece, In-Law) Trudeliede (Niece, In-Law) Rozemary (Niece, In-Law, Deceased) Veronica (Cousin) Fourth Aub Ehrenfest (Grandfather) | Infobox field family/Uncle: Adelbert | Her mother Veronica was extremely strict with her upbringing, fearing that any weakness might allow the older, male Karstedt to gain the advantage."
Charlotte,Detlinde,family,undirected,4,0.9822047875000001,0.9895168,1.5807976227767793,"Infobox field family/Relatives: Wilfried (Cousin) Charlotte (Cousin) Melchior (Cousin) Henriette (Cousin) Rudiger (Cousin) Rozemyne (Cousin, Adoptive) Aurelia (Cousin) Martina (Cousin) Letizia (Niece) Benedikta (Niece) Bezewanst (Granduncle, Deceased) | Infobox field family/Relatives: Bonifatius (Granduncle) Bezewanst (Granduncle, Deceased) Detlinde (Cousin) Rudiger (Cousin) | When seeing Detlinde for the first time, she instinctively and involuntarily tensed up, due to how similar her cousin was to their grandmother Veronica, both in appearance and mannerisms."
Ewigeliebe,Leidenschaft,enemy_rival,undirected,4,0.9820194675,0.98433334,1.5804993617428469,"Each year at the end of autumn, Ewigeliebe once again traps the Goddess of Earth in ice. | She found Geduldh trapped and melted the ice with her rays of sunlight, and Flutrane used the flooding water to fight off Ewigeliebe. | However, they could not fully defeat Ewigeliebe without preventing all new life from being born."
Eckhart,Veronica,enemy_rival,undirected,4,0.981747355,0.9869844,1.5800614135688995,"While the circumstances are as of yet unknown, Eckhart holds Veronica responsible and thus is exceptionally hostile toward anyone loyal to her. | Apparently being unaware of his loyalty to Ferdinand she had her subordinates approach Eckhart, who was willing to take up the position, intending to use it to get close enough to Veronica to assassinate her. | After the death of Ferdinand's father, Eckhart advocated for assassinating Veronica, or ""send this waste of space after your father"" as he put it in the heat of the moment, but Ferdinand wouldn't go along with it on account of how many other people would be hurt and of the damage to the duchy such an action would cause."
Jonsara,Philine,family,undirected,4,0.9814494149999999,0.9899608,1.5795818976372689,"Infobox field family/Daughter: Philine (Step-Daughter, Former) | Infobox field family/Mother: Theresia (Deceased) Jonsara (Step-Mother) | She's the stepmother of Philine and Konrad."
Clarissa,Hartmut,romantic,undirected,4,0.981398625,0.9851857,1.5795001542856963,"He was engaged to Clarissa, an archnoble from Dunkelfelger. | Infobox field family/Spouse: Clarissa (Married) | Infobox field family/Spouse: Hartmut (Married)"
Adelbert,Irmhilde,romantic,undirected,4,0.9813032225,0.98490113,1.5793466098852555,"Irmhilde was engaged to become Adelbert's second wife and was intended to also become Ferdinand baptismal mother after the marriage. | Infobox field family/Spouse: Adelbert (Engaged, Deceased) | Irmhilde was decided to become her half-brother's second wife."
Muriella,Rozemyne,service_retainer,directed,4,0.9811690524999999,0.98843306,1.579130671600544,"Infobox field occupation: Scholar Elvira's Retainer Royal Academy Student (Former) Rozemyne's Retainer (Former) | After giving her name to Elvira, Muriella serves her new lady as a retainer, but is lent to Rozemyne, while they are at the Royal Academy . | Since giving her name to Lady Elvira does not appear to be an option, Muriella decides to serve Lady Rozemyne instead, hoping that serving Elvira's baptismal daughter might grant her earlier access to Elvira's newly released romance stories."
Aub Klassenberg,Gentiane,family,undirected,4,0.98035581,0.9896438,1.5778218082890416,"Infobox field family/Father: Aub Klassenberg | Gentiane is the daughter of Aub Klassenberg and his third wife. | Gentiane (ジャンシアーヌ) is an archduke candidate from Klassenberg, being the daughter of Aub Klassenberg and his third wife."
Bonifatius,Rozemyne,family,undirected,4,0.980058025,0.9887848,1.5773425418202873,"Infobox field family/Offspring: Eckhart (Grandson) Lamprecht (Grandson) Cornelius (Grandson) Rozemyne (Granddaughter) Traugott (Grandson) Nikolaus (Grandson) Siegrecht (Great-Grandson, Lamprecht's Son) | Bonifatius (ボニファティウス, Bonifatiusu) is Rozemyne's noble grandfather and the father of Karstedt. | Infobox field family/Grandfather: Bonifatius (Baptismal) Adelbert (Adoptive, Deceased)"
Flutrane,Schutzaria,family,undirected,4,0.9798265174999999,0.987358,1.5769699448727743,"Infobox field family/Sister: Flutrane Geduldh | Infobox field family/Sister: Schutzaria Geduldh | The oldest was Flutrane, followed by her younger siblings: Leidenschaft, God of Fire; Schutzaria, Goddess of Wind; and Geduldh, Goddess of Earth."
Freida,Henrik,romantic,undirected,4,0.9797889375,0.98389846,1.5769094621960251,"Infobox field family/Spouse: Henrik (Contracted as Master/Mistress) | *Gustav selected Henrik to be Freida's contract holder because he believed he would treat her well and allow her to be a merchant rather than just a concubine. *Because his family has extremely low status, even among laynobles, their estate is located close to the gates of the Noble’s Quarter. *Although she appears earlier, his wife's name (Juliane) is eventually mentioned in Damuel's side-story at the end of Part 3 Volume 5. | When he was 17, he signed a contract with Gustav to treat Freida’s Devouring and eventually take her as a mistress after she came of age."
Hildebrand,Magdalena,family,undirected,4,0.9789518824999999,0.9892447,1.5755622741442323,Infobox field family/Mother: Magdalena | Infobox field family/Son: Hildebrand | Hildebrand (ヒルデブラント Hirudeburanto) is the former third prince of the Yurgenschmidt and the son of Lord Trauerqual and Lady Magdalena.
Anastasius,Trauerqual,family,undirected,4,0.9787885674999999,0.9882216,1.5752994287915631,"Infobox field family/Son: Sigiswald Anastasius Hildebrand | He is the father of the three former princes, Sigiswald, Anastasius, and Hildebrand. | Zent Trauerqual has silver hair with tinges of blue, closely resembling his youngest son, while his facial features are closer to his middle son Anastasius."
Erwaermen,Ewigeliebe,romantic,undirected,4,0.9780304599999999,0.9850749,1.5740793018393626,"When Ewigeliebe fell in love with the Goddes of Earth, Erwaermen assisted him in his proposal to Geduldh and acquiring the God of Darkness' permission to marry her. | But soon after the happy wedding, Ewigeliebe changed. | Confronted with how Ewigeliebe treated his new wife and her subordinates, Erwaermen was outraged."
Ella,Hugo,romantic,undirected,4,0.97761439,0.9853334,1.5734096630071364,"She is married to Rozemyne’s other chef, Hugo. | He is married to her other chef, Ella. | Infobox field family/Spouse: Hugo"
Sieglinde,Werdekraf,romantic,undirected,4,0.9770266750000001,0.983651,1.5724637722044303,"As such they seek an alliance with Dunkelfelger, which Werdekraf eagerly agrees to, in no small part because Rozemyne painted her planned assault as ""true ditter."" Despite their eagerness to join the fray, Sieglinde is able to reign her husband and son's passions in. | Werdekraf is the archduke of Dunkelfelger and the husband of Sieglinde. | Infobox field family/Spouse: Sieglinde (First Wife) Reichlene (Second Wife)"
Jeremias,Viscount Dahldolf,family,undirected,4,0.97672687,0.98917484,1.571981254671093,Infobox field family/Father: Viscount Dahldolf | Infobox field family/Son: Shikza (Deceased) Jeremias | Aub Ehrenfest signed an agreement with Viscount Dahldolf that pardoned the rest of his family from collective punishment in exchange for their promise never to approach Myne again.
Philine,Rozemyne,service_retainer,directed,4,0.975935765,0.98817736,1.5707080202913768,"Infobox field occupation: Orphanage Director Apprentice Blue Shrine Maiden Rozemyne's Retainer Apprentice Scholar | Philine (フィリーネ, Firiine) is an apprentice layscholar who serves as one of Rozemyne's retainers and the current orphanage director. | Rozemyne is also her sponsor and de facto guardian."
Leberecht,Ottilie,romantic,undirected,4,0.97569253,0.9849785,1.5703165486607458,"He is married to Ottilie. | She is married to Leberecht, and they have three sons, the youngest of whom is Hartmut. | Infobox field family/Spouse: Ottilie"
Cornelius,Rozemyne,family,undirected,4,0.975628075,0.9878626,1.5702128123400998,"Infobox field family/Sister: Rozemyne Heidemarie (In-law, Deceased) Aurelia (In-Law) | In private, Cornelius is told the original cover story, that Rozemyne is Rozemary’s daughter. | This is often exaggerated and parodied in the bonus manga. **This also extends to her highbeast Lessy, which is universally frowned upon as a ""ridiculous grun"" despite originally intended to be cute, though there are a few (mainly female) nobles who do appreciate Lessy's cuteness, like Brigitte. **Though this is purely a matter of style, since the one time when she drew a picture of the king and queen of the gods without any styling, it earned astonished praise from Wilma. *Rozemyne shares the same great-grandfather (Previous Count Leisegang) with her retainers Cornelius, Hartmut, Leonore, Traugott, and Brunhilde. *Rozemyne won the 4th position in the 2023 rankings of female protagonists by Kono Light Novel ga Sugoi! *Rozemyne's favorite thing to do is spreading literacy towards anyone who wants to learn, often becoming more like her younger self before reprimanded about her demeanor."
Eckhart,Ferdinand,romantic,undirected,4,0.9749358475000001,0.98267096,1.5690987151575704,"Thanks to his fantastic memory, he is still able to remember, where in all the chaos each document is. *Before Ferdinand settled on his actual plan to turn Myne into Rozemyne and have her adopted by Karstedt, he considered making her Eckhart's concubine and having Justus adopt her. | With Heidemarie being fanatically devoted to Ferdinand and the two of them having sworn they would serve him as a married couple, Eckhart made it his entire live's purpose to live for Ferdinand, for both his own and Heidemarie's sake. | Ferdinand ordered Eckhart to live for his wife's sake and to find something to fill the void left by her passing."
Gretia,Rozemyne,service_retainer,directed,4,0.9748423275,0.98825103,1.5689482005239994,"Infobox field occupation: Royal Academy Student Apprentice Attendant Rozemyne's Retainer | Gretia (グレーティア, Gurētia) is an apprentice medattendant who serves as one of Rozemyne's name-sworn retainers. | When Rozemyne replies that she could agree to marry Damuel, since he would surely be overjoyed by that, Gretia quickly declines, stating that she wishes to never marry anyone and rather serve Rozemyne for the rest of her life."
Aub Frenbeltag,Constanze,romantic,undirected,4,0.9745722450000001,0.98168004,1.5685135195090145,"As the first wife of Aub Frenbeltag, Constanze suggests that their two duchies should cooperate in a joint research project the next year, to look into how much their respective harvests improved on account of their archduke candidates participating in Religious Ceremonies and supplying mana to their central districts. | Aub Frenbeltag is the current archduke of the duchy of Frenbeltag and the husband of Constanze, the sister of Sylvester. | Constanze (コンスタンツェ, Konsutantse) is the first wife of Aub Frenbeltag and the older sister of Sylvester."
Anastasius,Sigiswald,family,undirected,4,0.9734941875,0.98688865,1.5667784528967308,"Sigiswald (ジギスヴァルト Jigisuvaruto) is the former first prince of Yurgenschmidt and Anastasius' older brother. | After some hard work on his part, Anastasius also manages to convince King Trauerqual, Aub Klassenberg, and Eglantine's biological grandfather and adoptive father, the Previous Aub Klassenberg to agree to this arrangement, making it official. | Infobox field family/Brother: Anastasius Hildebrand Ortwin (In-Law, Former)"
Leckle,Otto,service_retainer,directed,4,0.9725488174999999,0.98452663,1.5652569385774526,"The captain sees how overworked Leckle is under Otto and does as his subordinate requests, forcing Otto to teach more apprentice soldiers. | This led Leckle to complain to his superior captain Gunther, who in turn decided to talk to Otto and ask him to take on some more apprentices for doing paperwork. | Many of the calculations that Myne was checking for errors for Otto were done by Leckle."
Brigitte,Viktor,romantic,undirected,4,0.9725032499999999,0.9843434,1.5651836005153779,"When Brigitte and Damuel couldn't make their dreams of marriage work, Lady Elvira personally took charge of finding a good husband for Brigitte. | Viktor is an Ehrenfest medscholar married to Brigitte and father of their child together, Lilaroze. | Infobox field family/Spouse: Brigitte"
Detlinde,Leonzio,romantic,undirected,4,0.9724253975,0.98296356,1.5650583017503001,"Leonzio claims he is aware of the location of the original Grutrissheit and promises to help Detlinde to ascend to the throne, if she promises to marry him. | Once he managed to win Detlinde over completely, she distances her fiancé Ferdinand entirely, claiming that she abhors his jealousy toward Leonzio and dismisses anyone who criticizes her over her frequent visits to the Lanzenave estate and obvious adultery and frequently visits the Lanzenave estate to spend more time with Leonzio. | Despite all her unnoble-like traits, Detlinde is obsessively protective of her chastity before marriage, to the extent that she was not willing to share the same building as Leonzio, whom she recognized as her lover."
Ferdinand,Sylvester,family,undirected,4,0.9720341625000001,0.9849421,1.564428633308629,"As the son of the Sixth Aub Ehrenfest, Ferdinand is the half-brother of Sylvester and was an archduke candidate of Ehrenfest. | Due to Ferdinand's harassment by Sylvester's mother, Sylvester told Ferdinand to join the temple to escape Veronica's harassment, which would remove him from the family's succession and keep him away from noble politics. | Infobox field family/Brother: Ferdinand (Half-Brother) Aub Frenbeltag (In-Law)"
Constanze,Georgine,family,undirected,4,0.971137975,0.98425597,1.5629862751694794,"Infobox field family/Sister: Georgine (Deceased) Florencia (In-Law) | Infobox field family/Sister: Florencia (In-Law) Constanze | Feeling sorry for her sister, Georigne tried to pass the archduke candidate lessons on to her, but soon found that without any hope to ever become the Aub, Constanze lacked the drive to live through the brutal lessons."
Detlinde,Martina,romantic,undirected,4,0.970472375,0.9838365,1.5619150332949634,"Martina in turn envies Fatiehe for being engaged to a noble from another duchy and about to marry in the coming spring, thus escaping both Ahrensbach and Detlinde's service. | While being one of Detlinde's favourites does have some perks for Martina, it also means that her lady is that much less likely to ever let her marry outside of Ahrensbach, greatly limiting Martina's marriage prospects and future plans. | In this position, her likable facade quickly gained her the favour of her new lady as well and made her one of Detlinde's favourites."
Barthold,Grausam,family,undirected,3,0.9891709733333333,0.98986065,1.3712821425154735,Infobox field family/Relatives: Barthold (Nephew) Cassandra (Niece) | Infobox field family/Mother: Grausam's Sister (Deceased) | Infobox field family/Uncle: Grausam (Deceased)
Codenest,Lestilaut,family,undirected,3,0.9890359133333333,0.98977774,1.3710949095990608,Infobox field family/Relatives: Hildebrand (Cousin) Rasantark (Cousin) Kenntrips (Cousin) Codenest (Cousin) Reginald (Cousin) | Infobox field family/Relatives: Lestilaut (Cousin) Hannelore (Cousin) Lungtase (Cousin) Raufereg (Cousin) Kenntrips (Cousin) Rasantark (Cousin) Reginald (Cousin) | *Codenest - A male apprentice archattendant and cousin of Lestilaut and Hannelore.
Cassandra,Grausam,family,undirected,3,0.9890306600000001,0.98980004,1.3710876269326837,Infobox field family/Relatives: Barthold (Nephew) Cassandra (Niece) | Infobox field family/Mother: Grausam's Sister | Infobox field family/Uncle: Grausam (Deceased)
Charlotte,Sylvester,family,undirected,3,0.9889219333333333,0.9899602,1.3709368997677804,Infobox field family/Daughter: Rozemyne (adoptive) Charlotte Henriette | Infobox field family/Father: Sylvester | Charlotte (シャルロッテ Sharurotte) is the daughter of Sylvester and Florencia and an archduke candidate of Ehrenfest.
Detlinde,Rudiger,family,undirected,3,0.9888676666666667,0.9896125,1.3708616701937837,"Infobox field family/Relatives: Wilfried (Cousin) Charlotte (Cousin) Melchior (Cousin) Henrietta (Cousin) Detlinde (Cousin) Rozemyne (Adoptive Cousin) Bonifatius (Great Uncle) Bezewanst (Great Uncle, Deceased) | Infobox field family/Relatives: Wilfried (Cousin) Charlotte (Cousin) Melchior (Cousin) Henriette (Cousin) Rudiger (Cousin) Rozemyne (Cousin, Adoptive) Aurelia (Cousin) Martina (Cousin) Letizia (Niece) Benedikta (Niece) Bezewanst (Granduncle, Deceased) | Because her mother is the older sister of Sylvester, Detlinde is also a cousin to Wilfried and his siblings (as well as Rudiger from Frenbeltag)."
Detlinde,Sylvester,family,undirected,3,0.9888548,0.99002564,1.3708438332063373,"Infobox field family/Relatives: Karstedt (Cousin) Detlinde (Niece) Alstede (Niece) Wolfram (Nephew, Deceased) Rudiger (Nephew) | Infobox field family/Uncle: Sylvester Ferdinand | Because her mother is the older sister of Sylvester, Detlinde is also a cousin to Wilfried and his siblings (as well as Rudiger from Frenbeltag)."
Detlinde,Wilfried,family,undirected,3,0.98882221,0.98929787,1.3707986538731083,"Infobox field family/Relatives: Bonifatius (Granduncle) Bezewanst (Granduncle) Detlinde (Cousin) Alstede (Cousin) Rudiger (Cousin) Fifth Aub Ehrenfest (Great-Grandfather) | Infobox field family/Relatives: Wilfried (Cousin) Charlotte (Cousin) Melchior (Cousin) Henriette (Cousin) Rudiger (Cousin) Rozemyne (Cousin, Adoptive) Aurelia (Cousin) Martina (Cousin) Letizia (Niece) Benedikta (Niece) Bezewanst (Granduncle, Deceased) | Because her mother is the older sister of Sylvester, Detlinde is also a cousin to Wilfried and his siblings (as well as Rudiger from Frenbeltag)."
Bertilde,Count Groschel,family,undirected,3,0.9887972666666668,0.9895865,1.3707640750707608,"Infobox field family/Father: Count Groschel | Infobox field family/Daughter: Brunhilde Bertilde | She's the second daughter of Count Groschel, and Brunhilde's younger sister; whom she will serve upon becoming Sylvester's future second wife."
Fey,Lutz,family,undirected,3,0.9886688600000001,0.99001443,1.3705860656328306,Infobox field family/Relatives: Zasha (Cousin) Sieg (Cousin) Ralph (Cousin) Lutz (Cousin) | Infobox field family/Relatives: Fey (Cousin) Gunther's Father (Distant Cousin) | Fey (フェイ Fei) is a commoner growing up in the same neighborhood as Myne and a relative of Lutz and his family.
Hannelore,Magdalena,family,undirected,3,0.98864768,0.9894028,1.370556703918262,"Infobox field family/Relatives: Lestilaut (Nephew) Hannelore (Niece) Raufereg (Nephew) Lungtase (Niece) Kenntrips (Nephew) Rasantark (Nephew) Codenest (Nephew) | Infobox field family/Aunt: Magdalena | As relatives of Trauerqual's third wife Magdalena, Hannelore and her brother Lestilaut occasionally visited her and her son Prince Hildebrand at their royal villa in the Sovereignty, but didn't form a particularly close relationship with the prince."
Hannelore,Hildebrand,family,undirected,3,0.9885942799999999,0.9898705,1.3704826757993782,"Infobox field family/Relatives: Hildebrand (Cousin) Rasantark (Cousin) Kenntrips (Cousin) Codenest (Cousin) Reginald (Cousin) | Infobox field family/Relatives: Eglantine (Cousin) Lestilaut (Cousin) Hannelore (Cousin) Reginald (Cousin) Kenntrips (Cousin) Rasantark (Cousin) Raufereg (Cousin) Lungtase (Cousin) Nahelache's Son (Half-Nephew) Stephareine (Half-Niece) | As relatives of Trauerqual's third wife Magdalena, Hannelore and her brother Lestilaut occasionally visited her and her son Prince Hildebrand at their royal villa in the Sovereignty, but didn't form a particularly close relationship with the prince."
Detlinde,Veronica,family,undirected,3,0.9885893866666667,0.9895633,1.3704758921989713,"Infobox field family/Grandmother: Veronica | Infobox field family/Offspring: Wilfried (Grandson) Rozemyne (Granddaughter, Adoptive) Charlotte (Granddaughter) Melchior (Grandson) Henriette (Granddaughter) Wolfram (Grandson, Deceased) Detlinde (Granddaughter) Rudiger (Grandson) Alstede (Granddaughter) Benedikta (Great-Granddaugher) | She takes after her mother, Georgine, and is said to look even more like her grandmother, Veronica."
Hildebrand,Lestilaut,family,undirected,3,0.9884085566666666,0.98987657,1.3702252085896498,"Infobox field family/Relatives: Hildebrand (Cousin) Rasantark (Cousin) Kenntrips (Cousin) Codenest (Cousin) Reginald (Cousin) | Infobox field family/Relatives: Eglantine (Cousin) Lestilaut (Cousin) Hannelore (Cousin) Reginald (Cousin) Kenntrips (Cousin) Rasantark (Cousin) Raufereg (Cousin) Lungtase (Cousin) Nahelache's Son (Half-Nephew) Stephareine (Half-Niece) | As relatives of Trauerqual's third wife Magdalena, Lestilaut and Hannelore occasionally visited her and her son Prince Hildebrand at their royal villa in the Sovereignty, but didn't form a particularly close relationship with the prince."
Damian,Gustav,family,undirected,3,0.9883244866666666,0.98906446,1.3701086628227104,Infobox field family/Offspring: Freida (Granddaughter) Damian (Grandson) | Infobox field family/Grandfather: Gustav | He is a grandson of Gustav.
Karstedt,Siegrecht,family,undirected,3,0.9882429433333334,0.9892608,1.3699956197595236,Infobox field family/Relatives: Karstedt (Grandfather) Elvira (Grandmother) Bonifatius (Great-Grandfather) | Infobox field family/Offspring: Siegrecht (Grandson) | He is also the grandfather to Siegrecht.
Aurelia,Siegrecht,family,undirected,3,0.98823675,0.98951375,1.369987033976447,Infobox field family/Mother: Aurelia | Siegrecht is the child of Lamprecht and Aurelia. | Infobox field family/Son: Siegrecht
Lestilaut,Magdalena,family,undirected,3,0.9881860666666666,0.9893349,1.3699167719572443,"Infobox field family/Relatives: Lestilaut (Nephew) Hannelore (Niece) Raufereg (Nephew) Lungtase (Niece) Kenntrips (Nephew) Rasantark (Nephew) Codenest (Nephew) | Infobox field family/Aunt: Magdalena | As relatives of Trauerqual's third wife Magdalena, Lestilaut and Hannelore occasionally visited her and her son Prince Hildebrand at their royal villa in the Sovereignty, but didn't form a particularly close relationship with the prince."
Bonifatius,Traugott,family,undirected,3,0.9881248866666666,0.9888405,1.369831958468231,"Infobox field family/Offspring: Eckhart (Grandson) Lamprecht (Grandson) Cornelius (Grandson) Rozemyne (Granddaughter) Traugott (Grandson) Nikolaus (Grandson) Siegrecht (Great-Grandson, Lamprecht's Son) | Infobox field family/Grandfather: Bonifatius | He is the grandson of Bonifatius on his father’s side and the grandson of Rihyarda on his mother’s side. __TOC__"
Blasius,Letizia,family,undirected,3,0.9881186833333334,0.98998535,1.3698233588222108,"Infobox field family/Relatives: Aurelia (Cousin) Martina (Cousin) Letizia (Niece) | Infobox field family/Uncle: Wolfram (Deceased) Blasius | Infobox field family/Sister: Alstede (Half-Sister) Detlinde (Half-Sister) Letizia (Half-Sister, Adoptive) Several other unnamed women"
Elvira,Siegrecht,family,undirected,3,0.9881167033333332,0.9890188,1.3698206139593756,Infobox field family/Relatives: Karstedt (Grandfather) Elvira (Grandmother) Bonifatius (Great-Grandfather) | Infobox field family/Offspring: Siegrecht (Grandson) | She is also the grandmother to Siegrecht.
Freuden,Sidonius,family,undirected,3,0.9881112833333333,0.98887455,1.3698131002439384,"Infobox field family/Father: Sidonius (Deceased) | He was also the father of Freuden, Laurenz and was a member of the former Veronica faction. __TOC__ | Infobox field family/Son: Freuden (Deceased) Laurenz Bertram"
Karstedt,Traugott,family,undirected,3,0.9881044633333333,0.98984116,1.3698036457163958,"Infobox field family/Relatives: Sylvester (Cousin) Ferdinand (Cousin) Georgine (Cousin) Constanze (Cousin) Traugott (Nephew) | Infobox field family/Uncle: Karstedt, Justus | Traugott is the son of Karstedt's younger brother and Gudrun, Rihyarda's daughter."
Gabriele,Georgine,family,undirected,3,0.9880238866666667,0.98973936,1.3696919427377579,"Infobox field family/Grandmother: Gabriele | Infobox field family/Offspring: Constanze (Granddaughter) Georgine (Granddaughter) Sylvester (Grandson) Wilfried (Great-Grandson) Rozemyne (Great-Granddaugther, through Adoption) Charlotte (Great-Granddaughter) Melchior (Great-Grandson) Henrietta (Great-Granddaughter) Detlinde (Great-Granddaughter) Rudiger (Great-Grandson) Alstede (Great-Granddaughter) Wolfram (Great-Grandson, Deceased) | Infobox field family/Relatives: Gieselfried (Nephew) Brother of Gieselfried (Nephew) Georgine(Niece, In-Law) Adelbert (Nephew, In-Law, Deceased) Bonifatius (Nephew, In-Law) Irmhilde (Niece, In-Law, Deceased) Unnamed Woman (Adelbert's half-sister) (Niece, In-Law, Deceased)"
Lamprecht,Siegrecht,family,undirected,3,0.9880021666666666,0.9896522,1.3696618324242342,Infobox field family/Father: Lamprecht | Infobox field family/Son: Siegrecht | Siegrecht is the child of Lamprecht and Aurelia.
Georgine,Wilfried,family,undirected,3,0.9879762799999999,0.989282,1.369625945884206,"Infobox field family/Relatives: Karstedt (Cousin) Wilfried (Nephew) Rozemyne (Niece, Adoptive) Charlotte (Niece) Melchior (Nephew) Henrietta (Niece) Rudiger (Nephew) Aurelia (Niece) Martina (Niece) Benedikta (Granddaughter) | Infobox field family/Aunt: Georgine Constanze | Because he didn't want his own children to be driven apart by the fight for the archduke title like he and his oldest sister Georgine were, Sylvester decreed Wilfried as his successor the moment it was clear he had the necessary mana capacity for the position."
Hartmut,Previous Count Leisegang,family,undirected,3,0.98794057,0.98861325,1.3695764413125706,"Infobox field family/Offspring: Karstedt (Grandson) Count Leisegang (Grandson) Leberecht (Grandson) Claudio (Grandson) Elvira (Granddaughter) Eckhart (Great-Grandson) Lamprecht (Great-Grandson) Cornelius (Great-Grandson) Rozemyne (Great-Granddaughter) Traugott (Great-Grandson) Nikolaus (Great-Grandson) Oliswalt (Great-Grandson) Leberecht's Middle Son (Great-Grandson) Hartmut (Great-Grandson) Leonore (Great-Granddaughter) Brunhilde (Great-Granddaughter) Bertilde (Great-Granddaughter) | Infobox field family/Relatives: Previous Count Leisegang (Great-Grandfather, Deceased) | In fact, Previous Count Leisegang is their great-grandfather. *Hartmut first appeared on page in Part 3 Volume 3, when he introduced himself to Rozemyne as son of Leberecht in the children's room."
Elvira,Veronica,family,undirected,3,0.9878733833333334,0.9897512,1.3694833008154281,"Infobox field family/Relatives: Elvira (Niece) Claudio (Nephew) | Infobox field family/Aunt: Veronica | As the daughter of Veronica’s half-sister, Elvira faced political persecution and harassment throughout her life."
Bonifatius,Eckhart,family,undirected,3,0.9877882866666666,0.9888786,1.369365331786278,"Infobox field family/Offspring: Eckhart (Grandson) Lamprecht (Grandson) Cornelius (Grandson) Rozemyne (Granddaughter) Traugott (Grandson) Nikolaus (Grandson) Siegrecht (Great-Grandson, Lamprecht's Son) | Infobox field family/Grandfather: Bonifatius | He helped train new recruits to the Ehrenfest Knights Order, alongside his grandfather Bonifatius."
Karstedt,Previous Count Leisegang,family,undirected,3,0.9877474966666666,0.98885113,1.3693087848392878,Infobox field family/Offspring: Karstedt (Grandson) Count Leisegang (Grandson) Leberecht (Grandson) Claudio (Grandson) Elvira (Granddaughter) Eckhart (Great-Grandson) Lamprecht (Great-Grandson) Cornelius (Great-Grandson) Rozemyne (Great-Granddaughter) Traugott (Great-Grandson) Nikolaus (Great-Grandson) Oliswalt (Great-Grandson) Leberecht's Middle Son (Great-Grandson) Hartmut (Great-Grandson) Leonore (Great-Granddaughter) Brunhilde (Great-Granddaughter) Bertilde (Great-Granddaughter) | He is also Karstedt's grandfather and Rozemyne's great-grandfather. | Infobox field family/Grandfather: Previous Count Leisegang (Deceased)
Brunhilde,Previous Count Leisegang,family,undirected,3,0.98759169,0.9887149,1.369092790935863,"Infobox field family/Offspring: Karstedt (Grandson) Count Leisegang (Grandson) Leberecht (Grandson) Claudio (Grandson) Elvira (Granddaughter) Eckhart (Great-Grandson) Lamprecht (Great-Grandson) Cornelius (Great-Grandson) Rozemyne (Great-Granddaughter) Traugott (Great-Grandson) Nikolaus (Great-Grandson) Oliswalt (Great-Grandson) Leberecht's Middle Son (Great-Grandson) Hartmut (Great-Grandson) Leonore (Great-Granddaughter) Brunhilde (Great-Granddaughter) Bertilde (Great-Granddaughter) | Infobox field family/Relatives: Previous Count Leisegang (Great-Great-Grandfather, Deceased) First Count Groschel (Great-Grandfather) Bezewanst (Granduncle, Disowned) Veronica (Grandaunt) | In fact, Previous Count Leisegang is their shared ancestor (great-great-grandfather in Brunhilde's case). *Brunhilde changes her preference in books according to the person she is speaking with."
Bertilde,Rozemyne,service_retainer,directed,3,0.9875251666666666,0.9882636,1.36900057001398,"Infobox field occupation: Apprentice Attendant Brunhilde's Retainer Rozemyne's Retainer (Former) | Bertilde (ベルティルデ, Berutirude) is an archnoble apprentice attendant and served Rozemyne as a retainer. | As planned, Bertilde enters Lady Rozemyne's service as an apprentice attendant upon her entry into the Royal Academy, despite the fact that Rozemyne is almost guaranteed to leave Ehrenfest in the coming spring, which puts a rather short time limit on their association."
Constanze,Rudiger,family,undirected,3,0.9875195333333333,0.9894884,1.3689927605557457,Infobox field family/Mother: Constanze | She is also the mother of Rudiger. | Infobox field family/Son: Rudiger
Theodore,Rozemyne,service_retainer,directed,3,0.9875174633333333,0.98796785,1.3689898909264182,"Hearing this Rozemyne agrees to consider him as a retainer once he starts attending the Royal Academy, which puts Theodore in an awkward situation. | As was decided the year prior, upon his entry into the Royal Academy, Theodore entered Lady Rozemyne's service as a temporary guard knight until the time when he graduates from the Royal Academy, at which point he will be allowed to retire to serve Giebe Kirnberger. | Infobox field occupation: Royal Academy Student Rozemyne's guard knight (Former)"
Roswitha,Sergius,family,undirected,3,0.9874841999999999,0.9885936,1.3689437781549862,Infobox field family/Mother: Roswitha (Deceased) | Infobox field family/Son: Sergius | She is the mother of Sergius.
Eglantine,Ralfrieda,family,undirected,3,0.9873098666666666,0.9884547,1.368702100838031,"Infobox field family/Mother: Unnamed Klassenberg Archduke Candidate (Deceased) Ralfrieda | Infobox field family/Aunt: Ralfrieda Magdalena | Infobox field family/Daughter: Adolphine (In-Law, Former), Nahelache (In-Law), Eglantine (In-Law)"
Barthold,Cassandra,family,undirected,3,0.98724907,0.9879776,1.368617818761856,"Infobox field family/Sister: Cassandra Tibertha | Cassandra is an Ehrenfest apprentice medattendant, name-sworn to Charlotte and Barthold's younger sister. | His sister Cassandra initially leans toward giving her name to Rozemyne, but Barthold manages to talk her into choosing Charlotte."
Hartmut,Ottilie,family,undirected,3,0.9872443166666667,0.9892813,1.3686112292426595,"Infobox field family/Mother: Ottilie | Hartmut's mother is Ottilie, and his father is Leberecht. | Infobox field family/Son: Oliswalt Unnamed Son Hartmut"
Detlinde,Roswitha,enemy_rival,undirected,3,0.9872324666666668,0.9876889,1.3685948016544804,"At the start of the Lanzenave invasion, she was murdered by Detlinde and Leonzio using an Instant-Death potion. | Initially she is kept, so she can be shipped to Lanzenave, but after Letizia is captured too, Detlinde decides that Roswitha's moaning in pain is ""too loud"" and has Leonzio kill her and present her feystone to the horrified girl she once served as a mother figure. | Shortly before Georgine, Detlinde and their Lanzenave allies launch their insurrection, they abduct and imprison Roswitha to isolate Letizia and make her easier to manipulate for their plans."
Gudrun,Rihyarda,family,undirected,3,0.9870933533333334,0.989773,1.3684019496249238,"Infobox field family/Daughter: Gudrun | At some point, Rihyarda started a family and had two children: her son, Justus, and her daughter, Gudrun. | Gudrun was born as Rihyarda's daughter and Justus's sister and raised as an archnoble in Ehrenfest."
Claudio,Elvira,family,undirected,3,0.9868140666666667,0.98814267,1.3680147760937877,Infobox field family/Sister: Elvira | He and his sister Elvira share a strong family resemblence. | He is the older brother of Elvira.
Kenntrips,Werdekraf's Elder Brother,family,undirected,3,0.9867979333333333,0.9887833,1.3679924105447616,"Infobox field family/Father: Werdekraf's Elder Brother | Infobox field family/Son: Reginald Kenntrips Rasantark | He is the father of Reginald with his first wife , Kenntrips with his second wife, and Rasantark with his third wife."
Roswitha,Letizia,service_retainer,directed,3,0.9867934233333333,0.9878684,1.367986158357193,"Infobox field occupation: Attendant Letizia's Retainer Letizia's Head Attendant | Roswitha was an Ahrensbach archattendant who served as Lady Letizia's head attendant. | Roswitha stared serving Lady Letizia, when she was still growing up in Drewanchel."
Anastasius,Ralfrieda,family,undirected,3,0.9867913166666668,0.9892446,1.3679832378970724,"Infobox field family/Mother: Ralfrieda | Infobox field family/Son: Sigiswald Anastasius | Together they had at least two children, Sigiswald and Anastasius."
Judithe,Rozemyne,service_retainer,directed,3,0.9867202666666667,0.98818433,1.3678847416827147,"Judithe (ユーディット, Yuuditto) is a mednoble apprentice guard knight from Kirnberger who served as a retainer to Rozemyne. | Infobox field occupation: Rozemyne's Retainer (Former) | When she is accepted as a retainer, she is thrilled and resolves to become “as strong as she can” to be useful to Rozemyne."
Fran,Rozemyne,service_retainer,directed,3,0.9866725399999999,0.9876244,1.3678185784738395,"Fran is moved to Alexandria in order to serve as Rozemyne's head attendant as the High Bishop of Alexandria's Temple. | Fran (フラン, Furan) is a gray priest who formerly served as Rozemyne's head attendant in the Ehrenfest temple. | Infobox field occupation: Rozemyne's Head Attendant Ferdinand's Attendant (Former) Myne's Head Attendant (Former)"
Melchior,Rozemyne,family,undirected,3,0.9864268466666667,0.9871537,1.367477975191275,"His father has decided that upon Rozemyne's coming-of-age and subsequent abdication of her post as High Bishop, Melchior will take over the position. | Infobox field family/Sister: Rozemyne (adoptive) Charlotte Henriette | He is very excited to finally meet his adopted sister Rozemyne."
Hildebrand,Nahelache,family,undirected,3,0.9864154466666667,0.98924494,1.3674621714355581,"Infobox field family/Relatives: Eglantine (Cousin) Lestilaut (Cousin) Hannelore (Cousin) Reginald (Cousin) Kenntrips (Cousin) Rasantark (Cousin) Raufereg (Cousin) Lungtase (Cousin) Nahelache's Son (Half-Nephew) Stephareine (Half-Niece) | Infobox field family/Sister: Trauerqual's Daughter (Deceased) Eglantine (Half-Sister, In-Law) Nahelache (Half-Sister, In-Law) Adolphine (Half-Sister, In-Law, Former) | Infobox field family/Brother: Anastasius (In-Law) Hildebrand (In-Law)"
Raublut,Trauerqual,service_retainer,directed,3,0.9861350266666667,0.98828554,1.3670734267708131,"Infobox field occupation: Prisoner Sovereign Knight's Order Commander (Former) Zent Trauerqual's Retainer (Former) Third Prince's Retainer (Former) Gervasio's Retainer (Former) | During the civil war the third prince was assassinated and Raublut became the retainer of the fifth prince, Trauerqual. | His position as the trusted knight commander who has served Zent Trauerqual faithfully for a long time helped him a great deal in his clandestine scheming on behalf of Gervasio."
Aurelia,Martina,family,undirected,3,0.9860389833333333,0.98723245,1.3669402824393897,Infobox field family/Sister: Aurelia | She is also Aurelia's younger sister. | Infobox field family/Sister: Martina Rozemyne (In-Law) 2 half-sisters from father's second wife (Deceased)
Aub Frenbeltag,Rudiger,family,undirected,3,0.9859656499999999,0.98881525,1.3668386208529075,"Infobox field family/Father: Aub Frenbeltag}} | Infobox field family/Son: Rudiger | He is the son of Aub Frenbeltag and his first wife, Constanze."
Corinna,Milda,family,undirected,3,0.9859568199999998,0.9866822,1.3668263798736988,Milda is the sister of Benno and Corinna and the middle child between them. | Infobox field family/Sister: Corinna | Milda looks very similar to her younger sister Corinna.
Gabriele,Previous Count Leisegang,enemy_rival,undirected,3,0.9859176266666667,0.98726165,1.3667720463767055,"Shortly after Ehrenfest's internal purge of the former Veronica faction and those aligned with Georgine, the previous Count Leisegang passes away peacefully, his thirst for revenge against Gabriele, Veronica, and their ilk finally sated by the reprisals meted out in the purge. | * The previous Giebe Leisegang hated Gabriele so much, he installed a large painting of her in the primary Leisegang estate to ensure that all Leisegang nobles would never forget their hatred. | This fall from grace and decades long abuse has fostered a deep hatred for all of Gabriele's descendants in the previous Count Leisegang, even when the individual in question never personally wronged him or his kin."
Harland,Anastasius,service_retainer,directed,3,0.9858344,0.9880409,1.3666566697180107,"Infobox field occupation: Prince Anastasius' Head Guard Knight Adult Knight | Harland is a sovereign archknight who serves as Anastasius's head guard knight. | After Ferdinand contacts Anastasius to open the Farthest Hall, he tells his other guard knight Mergild to consult Harland on how many knights they can bring and to gather outside the door to the Royal Academy."
Isidore,Wilfried,service_retainer,directed,3,0.9858338666666665,0.9879793,1.3666559303610177,"Infobox field occupation: Apprentice Attendant Wilfried's Retainer | *Veronica ordered that he serve Wilfried after his baptism as a way to test his parent's loyalty | When Wilfried enters the Royal Academy, Isidore serves as his apprentice attendant."
Rozemyne,Sylvester,family,undirected,3,0.9858076933333333,0.98928624,1.3666196464166063,"Infobox field family/Daughter: Rozemyne (adoptive) Charlotte Henriette | Infobox field family/Father: Karstedt (Baptismal) Sylvester (Adoptive) Gunther (Biological) Urano Motosu’s Father (Former) | She is baptized as the daughter of Karstedt and Elvira, and later adopted by Sylvester and Florencia as an archduke candidate of Ehrenfest."
Ewigeliebe,Mestionora,family,undirected,3,0.9857881900000001,0.9897155,1.3665926090555833,"Infobox field family/Daughter: Mestionora | Infobox field family/Father: Ewigeliebe | According to old books in Klassenberg and Dunkelfelger, Mestionora is the child of Ewigeliebe, the God of Life, and Geduldh, the Goddess of Earth."
Sergius,Ferdinand,service_retainer,directed,3,0.9857655799999999,0.98790234,1.3665612649400782,"Infobox field occupation: Attendant Ferdinand's Retainer | Sergius (ゼルギウス, Zerugiusu) was an Ahrensbach archattendant who was assigned to be Lord Ferdinand's attendant. | After the Lanzenave invasion was defeated, he will continue to serve Lord Ferdinand as an Alexandrian archattendant."
Zahm,Ferdinand,service_retainer,directed,3,0.9857056000000001,0.987276,1.3664781150042986,"Prior to that, he served under Shikikoza, but returned to the orphanage for a short time after his master returned to noble society, before being taken into Ferdinand's service. | Zahm was one of Ferdinand's attendants. | Infobox field occupation: Rozemyne's Attendant Ferdinand's Attendant (Former)"
Hannelore,Lungtase,family,undirected,3,0.9856586900000001,0.98591983,1.3664130839358184,"Infobox field family/Sister: Hannelore (Half-sister) | In order to survive, remain in the archducal family, and not be held responsible to the foolish actions and schemes of her mother Lady Reichlene and her brother Raufereg, Lungtase seeks to be under Hannelore's protection. | Infobox field family/Sister: Lungtase (Half-Sister)"
Elusia,Hannelore,service_retainer,directed,3,0.98562912,0.9882608,1.36637209121156,Infobox field occupation: Hannelore's Retainer Apprentice Scholar Royal Academy Student | Elusia is the retainer that delivers Hannelore's letter to Charlotte inquiring on Ehrenfest's stance on the bride-stealing ditter after Wilfried made personal comments of supporting Ortwin. | Elusia is an apprentice scholar from Dunkelfelger who serves Lady Hannelore at the Royal Academy.
Ralfrieda,Sigiswald,family,undirected,3,0.9856152333333333,0.9892526,1.3663528402038652,"Infobox field family/Mother: Ralfrieda | Infobox field family/Son: Sigiswald Anastasius | Together they had at least two children, Sigiswald and Anastasius."
Gil,Rozemyne,service_retainer,directed,3,0.9855811766666666,0.98755693,1.3663056276389065,"Gil (ギル Giru) is a gray priest who served as one of Rozemyne's attendants at the Ehrenfest temple. | Infobox field occupation: Rozemyne's attendant Myne's attendant (Former) | Gil was moved to Alexandria to support the creation of new workshops and will serve as an attendant to Rozemyne, the High Bishop of the Alexandria Temple."
Rozemyne,Traugott,family,undirected,3,0.9855511,0.9897014,1.3662639325255055,"Infobox field family/Relatives: Lamprecht (Cousin) Eckhart (Cousin) Cornelius (Cousin) Rozemyne (Cousin) Nikolaus (Cousin) Previous Count Leisegang (Great-Grandfather, Deceased) | Infobox field family/Relatives: Detlinde (Cousin, Adoptive) Rudiger (Cousin, Adoptive) Traugott (Cousin, Baptismal) Previous Count Leisegang (Great-Grandfather, Baptismal, Deceased) Siegrecht (Nephew, Baptismal) Deid's Mother (Distant Cousin,Biological) | This is often exaggerated and parodied in the bonus manga. **This also extends to her highbeast Lessy, which is universally frowned upon as a ""ridiculous grun"" despite originally intended to be cute, though there are a few (mainly female) nobles who do appreciate Lessy's cuteness, like Brigitte. **Though this is purely a matter of style, since the one time when she drew a picture of the king and queen of the gods without any styling, it earned astonished praise from Wilma. *Rozemyne shares the same great-grandfather (Previous Count Leisegang) with her retainers Cornelius, Hartmut, Leonore, Traugott, and Brunhilde. *Rozemyne won the 4th position in the 2023 rankings of female protagonists by Kono Light Novel ga Sugoi! *Rozemyne's favorite thing to do is spreading literacy towards anyone who wants to learn, often becoming more like her younger self before reprimanded about her demeanor."
Muriella,Elvira,service_retainer,directed,3,0.98553794,0.98842967,1.366245688891713,"Infobox field occupation: Scholar Elvira's Retainer Royal Academy Student (Former) Rozemyne's Retainer (Former) | After giving her name to Elvira, Muriella serves her new lady as a retainer, but is lent to Rozemyne, while they are at the Royal Academy . | Ever since first laying eyes upon one of Lady Elvira's romance novels, Muriella wished she could serve her."
Melchior,Sylvester,family,undirected,3,0.9854538833333333,0.989631,1.3661291616086984,Infobox field family/Father: Sylvester | Infobox field family/Son: Wilfried Melchior | Melchior (メルヒオール Meruhiooru) is the youngest son of Sylvester and Florencia and an archduke candidate of Ehrenfest.
Bezewanst,Ferdinand,enemy_rival,undirected,3,0.9853995666666666,0.9863239,1.3660538627199836,"In contrast, Rozemyne is mostly acting out of her own selfish desires, but is heralded as a saint. *Ferdinand set a very high mana limit for his hidden room in the temple to block out Bezewanst and Sylvester. | It is also to prevent his enemies from entering using his feystone if he happens to be killed. *Ferdinand and Bezewanst's roles were reversed in one of the early story drafts. | After interrogating the shrine maiden, Ferdinand diluted the poison into a nonlethal dose and had it added to Bezewanst's own food in an overt threat, warning him of the consequences should he make a second attempt."
Bonifatius,Siegrecht,family,undirected,3,0.98537308,0.9891282,1.3660171444033389,"Infobox field family/Relatives: Karstedt (Grandfather) Elvira (Grandmother) Bonifatius (Great-Grandfather) | Infobox field family/Offspring: Eckhart (Grandson) Lamprecht (Grandson) Cornelius (Grandson) Rozemyne (Granddaughter) Traugott (Grandson) Nikolaus (Grandson) Siegrecht (Great-Grandson, Lamprecht's Son) | Rozemyne believes these traits were inherited from Bonifatius."
Bezewanst,Sylvester,family,undirected,3,0.985303,0.98936486,1.3659199928945116,"Infobox field family/Relatives: Sylvester (Nephew) Georgine (Niece) Florencia (Niece-in-law) Ferdinand (Nephew-in-law) Wilfried (Great nephew) Rozemyne (Great niece through adoption) Charlotte (Great niece) Melchior (Great nephew) Detlinde (Great niece) Elvira (Cousin) | Infobox field family/Uncle: Bonifatius Bezewanst (Deceased) | Bezewanst, born with pure-blood of the archduke's family as the youngest son of the fifth Aub Ehrenfest (Sylvester's grandfather), possessed relatively low mana in comparison with his kin, and was therefore raised, since his baby years, in the temple as a priest and continues his life there."
Lothar,Hartmut,service_retainer,directed,3,0.9851506833333333,0.98762065,1.365708837158407,"He previously served Hartmut and Ferdinand as a Temple attendant. | Infobox field occupation: Gray Priest Melchior's Attendant Hartmut's Attendant (Former) Ferdinand's Attendant (Former) }} | During Hartmut's training time, he assigns Lothar to assist his successor."
God of Darkness,Mestionora,family,undirected,3,0.98509082,0.988172,1.3656258489569693,"Infobox field family/Offspring: Mestionora (Granddaughter) | Infobox field family/Grandfather: God of Darkness | To hide and protect her from her jealous father, the God of Darkness blessed her with hair as black as the night sky, and the Goddess of Light blessed her with golden eyes."
Fatiehe,Detlinde,service_retainer,directed,3,0.9850843733333333,0.9878875,1.3656169119793211,"Infobox field occupation: Attendant Detlinde's Retainer | When she was old enough to participate in the general politicking and factions of the nobility, she joined Georgine's faction and eventually managed to land the position of attendant to Detlinde. | Fatiehe is an archattendant of Detlinde, the same age as her lady, and formerly a Werkestock archnoble."
Rihyarda,Rozemyne,service_retainer,directed,3,0.9850567,0.9866492,1.3655785485933678,"When her own grandson, Traugott, fails to live up to his duties as a retainer, Rihyarda is the first to ask Rozemyne to dismiss him, even though it will leave a black mark on her family’s reputation. | Currently, she serves as Rozemyne’s head attendant at the Archduke’s castle and the Royal Academy. | Infobox field occupation: Attendant Sylvester's Head Attendant Rozemyne's Head Attendant (Former) Georgine's Head Attendant (Former) Veronica's Head Attendant"
Gloria,Myne,enemy_rival,undirected,3,0.98492383,0.98731333,1.3653943516616056,"Gloria developed a strong grudge against Myne and Ferdinand, holding them personally responsible for her son's death. | After her son’s death, she came to bear a strong grudge against Myne. | After Shikikoza's execution, Gloria dedicates herself seeking revenge on Myne."
Hannelore,Rasantark,family,undirected,3,0.98470974,0.98984796,1.3650975599018336,"Infobox field family/Relatives: Lestilaut (Cousin) Hannelore (Cousin) Raufereg (Cousin) Codenest | Infobox field family/Relatives: Hildebrand (Cousin) Rasantark (Cousin) Kenntrips (Cousin) Codenest (Cousin) Reginald (Cousin) | During Hannelore's first year at the Royal Academy, Rasantark overhears her daydreaming about being the master of Schwartz and Weiss and reports to his master Lestilaut how much his sister wishes to own the shumil-shaped magic tools."
Bezewanst,Georgine,family,undirected,3,0.9846494,0.9894132,1.3650139109000836,"Infobox field family/Relatives: Sylvester (Nephew) Georgine (Niece) Florencia (Niece-in-law) Ferdinand (Nephew-in-law) Wilfried (Great nephew) Rozemyne (Great niece through adoption) Charlotte (Great niece) Melchior (Great nephew) Detlinde (Great niece) Elvira (Cousin) | Infobox field family/Uncle: Bezewanst Bonifatius | Only Rihyarda would at times step in to hold Veronica back, when she went too far, though Georgine enjoyed a deep connection with her uncle Bezewanst who doted on her, albeit they were only able to meet rarely on account of their respective positions."
Hannelore,Sieglinde,family,undirected,3,0.9844098833333333,0.989555,1.3646818702956893,"Infobox field family/Daughter: Hannelore | Infobox field family/Mother: Sieglinde | Of the archduke's family, only Hannelore is permitted to join the assault, so she can cleanse the shame of having thrown her previous ditter match."
Rozemyne,Wilfried,family,undirected,3,0.9841687800000001,0.9870876,1.3643476301042423,"Infobox field family/Sister: Rozemyne (adoptive) Charlotte Henriette | The lesson is later reinforced when he loses the right of succession and is forced to take on some of his adoptive sister Rozemyne’s responsibilities. | He is the older brother of Charlotte and Melchior, and the adoptive older brother of Rozemyne."
Anastasius,Nahelache,family,undirected,3,0.9841668466666667,0.9895767,1.3643449499351439,"Infobox field family/Relatives: Eglantine (Cousin) Nahelache's Son (Nephew) | Infobox field family/Sister: Trauerqual's Daughter (Deceased) Nahelache (In-Law) Adolphine (In-Law, Former) | Infobox field family/Brother: Anastasius (In-Law) Hildebrand (In-Law)"
Eglantine,Trauerqual,family,undirected,3,0.9839949533333333,0.9884608,1.3641066551764298,Infobox field family/Uncle: Aub Klassenberg Zent Trauerqual Waldifried (Deceased) | Infobox field family/Daughter: Unnamed Daughter (Deceased) Nahelache (In-Law) Eglantine (In-Law) Adolphine (in-Law) | Infobox field family/Father: Former Third Prince (Deceased) Previous Aub Klassenberg (Adoptive) Trauerqual (In-Law)
Georgine,Janrik,enemy_rival,undirected,3,0.9836759666666667,0.9854762,1.3636644457591574,"The following winter, Aub Ehrenfest enacts a purge of the former Veronica faction, with anyone who is name-sworn to Georgine or who committed severe crimes against the archducal family and duchy being executed. | His nephew was killed by someone, before Bonifatius and his forces were able to subdue and capture the family and their guards, presumably killed by his own family to cover any traces to Georgine. | He was executed in the Winter purge for having gave his name to Georgine."
Grausam,Janrik,family,undirected,3,0.9836262833333334,0.9887518,1.3635955700343159,"Infobox field family/Father: Grausam (Deceased) | Infobox field family/Son: Unnamed Eldest Son (Deceased) Janrik (Deceased) Matthias | Janrik (ヤンリック, Yanrikku) was an medattendant from Ehrenfest, one of Grausam's sons and the older brother of Matthias."
Goddess of Light,Mestionora,family,undirected,3,0.9836227033333333,0.9876623,1.363590607100503,"Infobox field family/Offspring: Mestionora (Granddaughter) | Infobox field family/Grandmother: Goddess of Light | To hide and protect her from her jealous father, the God of Darkness blessed her with hair as black as the night sky, and the Goddess of Light blessed her with golden eyes."
Ewigeliebe,God of Darkness,romantic,undirected,3,0.9835338966666667,0.9848563,1.363467494919273,"When the God of Darkness married the Goddess of Light, they had four children. | When the God of Life Ewigeliebe fell in love with Geduldh, the God of Darkness gladly consented to the marriage, hoping the two would fill the world with new life. | The God of Darkness gave the two permission to marry, hoping they would fill the world with new life."
Count Groschel,Gabriele,romantic,undirected,3,0.9832297833333333,0.9859912,1.3630459043201317,"During the times of the fourth Aub Ehrenfest, Lady Gabriele of Ahrensbach used the higher status of her home duchy to force through a marriage with one of his sons and brother of the future Fifth Aub Ehrenfest. | Gabriele deeply loved for her husband, but the newly minted Count Groschel did not reciprocate those feelings, since he was equally deeply in love with his former first, now second wife. | Shortly after Gabriele's husband was granted a province to rule over and the two left the capital."
Hirschur,Veronica,enemy_rival,undirected,3,0.9830779,0.9847221,1.3628353493115837,"Due to Lady Veronica's paranoia and spite, she did everything she could to mess with Ferdinand and anyone who would associate with him. | This not only caused Hirschur to receive regular insulting messages from Veronica herself, but Veronica also had the students of her faction and their adult attendants mess with her in any way they could get away with, which caused her to often sleep in her laboratory and eventually to move entirely to the scholar's building. | The people of the former Veronica faction also intercepted and either stole or redirected the funds meant for Hirschur."
Justus,Eckhart,service_retainer,directed,3,0.9830698766666667,0.98805237,1.3628242266098263,"Justus (ユストクス, Yusutokusu) is an archnoble attendant and scholar who serves Ferdinand as a name-sworn retainer alongside Eckhart. | Not long after Myne joined the temple, Ferdinand assigned Justus and Eckhart to investigate her activities in the Lower City. | Ultimately, Justus went against his mother’s wishes and chose to serve Ferdinand instead, alongside the guard knight Eckhart."
Magdalena,Ralfrieda,romantic,undirected,3,0.9829719333333333,0.9866356,1.362688448319117,"However for political reasons, and to reward Magdalena for the crucial role she played in bringing down the traitor, Trauerqual decides to demote Ralfrieda to third wife, and has Magdalena take the place of his first. | Upon Trauerqual abdicating the throne and Ralfrieda's demotion to third wife, Magdalena becomes his first wife in their new founded duchy of Blumenfeld. | Ralfrieda, the former first wife is demoted to third wife."
Ferdinand,Rozemyne,service_retainer,directed,3,0.9829494666666667,0.9884849,1.362657302905804,"He is the youngest out of Ferdinand's temple attendants. * Zahm - A gray priest attendant reassigned to Rozemyne’s service. *Strahl - An Ahrensbach archnoble who served the previous Aub Ahrensbach until his death and was later dismissed by Detlinde, freeing him up to become Ferdinand's guard knight. | It is currently unclear whether he is still counted as Ferdinand's attendant or officially serves Rozemyne. * Justus - An archnoble who officially serves as Ferdinand's attendant, but who also doubles as a competent scholar. | When Ferdinand moved to Ahrensbach, Lasfam remained behind to care for the estate, which had been turned over to Rozemyne."
Aub Frenbeltag,Florencia,family,undirected,3,0.98283032,0.98650116,1.3624921305536577,"While Florencia was safe due to having wedded into the neutral Ehrenfest, her father, the previous Aub Frenbeltag, was executed in the political purge. | Florencia was born the daughter of the previous Aub Frenbeltag and his third wife, , making her an archduke candidate of Frenbeltag. | Infobox field family/Brother: Aub Frenbeltag Ferdinand (In-Law) Gieselfried (In-Law)"
Previous Count Leisegang,Veronica,enemy_rival,undirected,3,0.9828092166666668,0.9872234,1.362462875121657,"During the reign of the Sixth Aub Ehrenfest and later under Sylvester, Veronica mistreated basically anyone who wasn't a clear ally to her, with the Leisegangs in particular due to their influence and open opposition to anyone with Ahrensbach blood. | Shortly after Ehrenfest's internal purge of the former Veronica faction and those aligned with Georgine, the previous Count Leisegang passes away peacefully, his thirst for revenge against Gabriele, Veronica, and their ilk finally sated by the reprisals meted out in the purge. | As a result, the previous Count Leisegang became vehemently opposed to those of Veronica's descent and determined to see an archduke of Leisegang descent in Ehrenfest."
Eckhart,Lamprecht,family,undirected,3,0.9827292366666667,0.98382044,1.3623519992986544,"Lamprecht is the second son of Karstedt and Elvira, and a brother of Eckhart, Cornelius, and Rozemyne. | He is also the oldest child of Karstedt and Elvira and the older brother of Lamprecht, Cornelius, and Rozemyne. | Despite despising Veroncia as well, his father still didn't want this to come to pass and when he learned of Eckhart's plans intervened by keeping him busy with paperwork for the knight's order and training of new recruits, while restricting him to their estate in his free time, thus the offer went to Lamprecht who took up the position to protect their family."
Ewigeliebe,Flutrane,enemy_rival,undirected,3,0.98266475,0.9835291,1.3622626017962869,"Each year at the end of autumn, Ewigeliebe once again traps the Goddess of Earth in ice, and Flutrane must fight to free her in spring. | But Ewigeliebe's jealous love consumed him, and he froze Geduldh in ice, so her child could never be born. | However, they could not fully defeat Ewigeliebe without preventing all new life from being born."
Lothar,Melchior,service_retainer,directed,3,0.9825389866666666,0.9871602,1.3620882567964512,"To help Melchior's noble retainers adapt to the temple and tutor his scholars, Lothar will be assigned to the future High Bishop upon his entry into the temple. | Infobox field occupation: Gray Priest Melchior's Attendant Hartmut's Attendant (Former) Ferdinand's Attendant (Former) }} | He is likely serving Lord Melchior as the current High Bishop."
Heisshitze,Magdalena,romantic,undirected,3,0.98250072,0.9853815,1.3620352079322324,"To this end they pressured their Aub to arrange a marriage between Ferdinand and Magdalena, without getting her consent. | Aub Dunkelfelger eventually gave in to the pressure, but before any official arrangements between Dunkelfelger and Ehrenfest could be made, Magdalena managed to secure her betrothal to her beloved on her own, dashing the efforts of the knights. | This infuriated Magdalena who was already in love with Trauerqual the fifth prince."
God of Darkness,Leidenschaft,romantic,undirected,3,0.9824411533333333,0.98490673,1.3619526309981216,"When the God of Darkness married the Goddess of Light, they had four children. | The God of Darkness gave the two permission to marry, hoping they would fill the world with new life. | When he met the Goddess of Light, they married and had four children: Flutrane, the Goddess of Water; Leidenschaft, the God of Fire; Schutzaria, Goddess of Wind; and Geduldh, Goddess of Earth."
Flutrane,God of Darkness,romantic,undirected,3,0.9824009566666666,0.98494697,1.3618969065857858,"When the God of Darkness married the Goddess of Light, they had four children. | The God of Darkness gave the two permission to marry, hoping they would fill the world with new life. | When he met the Goddess of Light, they married and had four children: Flutrane, the Goddess of Water; Leidenschaft, the God of Fire; Schutzaria, Goddess of Wind; and Geduldh, Goddess of Earth."
Benno,Corinna,family,undirected,3,0.9822620166666667,0.98722315,1.361704294847252,"Infobox field family/Sister: Corinna Milda | Her parents died while she was young, leading her brother Benno to raise her. | Internally, however, she is no less sharp or decisive than her brother, Benno."
Angelica,Eckhart,romantic,undirected,3,0.9822608966666667,0.9834362,1.3617027421975676,"She is the older sister of Lieseleta, Bonifatius' disciple, and engaged to Eckhart. | His engagement with Angelica was revived. | Infobox field family/Spouse: Eckhart (Betrothed, Former and Current)"
Fritz,Rozemyne,service_retainer,directed,3,0.9820187466666667,0.98637724,1.3613670510180222,He was previously an attendant of Lady Rozemyne as High Bishop. | Infobox field occupation: Rozemyne's Attendant (Former) Workshop Supervisor | Rozemyne accepted their suggestions and took Fritz as her new attendant.
Adolphine,Nahelache,romantic,undirected,3,0.9817048,0.9852465,1.36093182852433,"Shortly before Adolphine and Prince Sigiswald are due to be married at the Archduke Conference, the prince informs her that his second wife Nahelache has recently given birth. | A short time before her husband is to marry Lady Adolphine of Drewanchel, Nahelache gives birth to her and Sigiswald's first child. | However, Sigiswald insists that the marriage must take place so that Adolphine can contribute her mana as a member of the royal family in Nahelache's place."
Ferdinand,Lasfam,service_retainer,directed,3,0.9813459533333333,0.98827946,1.3604343614138232,"Ferdinand also accepted Justus, Eckhart and Lasfam as his retainers after joining the Royal Academy. | *Lasfam - An attendant at Ferdinand’s personal estate. | When Ferdinand moved to Ahrensbach, Lasfam remained behind to care for the estate, which had been turned over to Rozemyne."
Georgine,Karstedt,family,undirected,3,0.98105902,0.9899011,1.3600365873518059,"Infobox field family/Relatives: Sylvester (Cousin) Ferdinand (Cousin) Georgine (Cousin) Constanze (Cousin) Traugott (Nephew) | Infobox field family/Relatives: Karstedt (Cousin) Wilfried (Nephew) Rozemyne (Niece, Adoptive) Charlotte (Niece) Melchior (Nephew) Henrietta (Niece) Rudiger (Nephew) Aurelia (Niece) Martina (Niece) Benedikta (Granddaughter) | Since the Aub only had a daughter, Georgine had to compete with her male cousins for the seat of successor, particularly Karstedt."
Monika,Rozemyne,service_retainer,directed,3,0.9807357166666666,0.98646975,1.3595883937638746,"Monika (モニカ, Monika) is a gray shrine maiden, who served as one of Rozemyne's attendants at the Ehrenfest Temple. | Infobox field occupation: Rozemyne's Attendant | When Monika was first appointed as an attendant, she commented to Rozemyne that she would be serving in Wilma's place as Wilma would not leave the orphanage."
Raublut,Gervasio,service_retainer,directed,3,0.9806366666666667,0.9883485,1.3594510813074059,Infobox field occupation: Prisoner Sovereign Knight's Order Commander (Former) Zent Trauerqual's Retainer (Former) Third Prince's Retainer (Former) Gervasio's Retainer (Former) | His position as the trusted knight commander who has served Zent Trauerqual faithfully for a long time helped him a great deal in his clandestine scheming on behalf of Gervasio. | As planned three of Gervasio's retainers take possession of a key each and are thus able to unlock the underground archive.
Blasius,Gieselfried,family,undirected,3,0.9805163333333334,0.9887883,1.359284263885951,Infobox field family/Father: Gieselfried (Deceased) | Infobox field family/Son: Wolfram (Deceased) Blasius Unnamed Son (with Second Wife) | Blasius was an archnoble son of Gieselfried and his late second wife.
Heidemarie,Veronica,enemy_rival,undirected,3,0.9804881133333333,0.9870258,1.3592451426590801,"This put him in a state of mind, where he was fully willing to lay down his life to assassinate Veronica for what she did to his family and the torment she visited upon Ferdinand, but his lord managed to reign him in. | She was a Leisegang-aligned noble on very bad terms with Veronica. | Eckhart suspects Lady Veronica to be responsible for his wife's and child's deaths."
Rozemyne,Werdekraf,enemy_rival,undirected,3,0.98044912,0.98370874,1.3591910864209589,"Right after making sure he was talking to the right person, he immediately challenges Rozemyne to a ditter match over the publishing rights of the manuscript she had written, before even giving her the change to initiate proper noble greetings. | Aub Dunkelfelger saw this as an opportunity to finally get Rozemyne to agree to a re-match for the match of Ditter the previous year in which she had personally beaten his son. | Shortly after the end of Hannelore's fourth year at the Royal Academy, Ehrenfest contacts Dunkelfelger to inform them of Ahrensbach committing treason and trying to kill Ferdinand, as well as their intentions to ally with Dunkelfelger to launch an assault, or as Rozemyne words it ""true ditter,"" to steal the enemy's foundation and rescue Ferdinand."
Rozemary,Viscount Joisontak,family,undirected,3,0.9803562566666667,0.98922217,1.359062350505604,"Infobox field family/Sister: Rozemary (Deceased) | As Elvira makes clear during Viscount Joisontak's interrogation, accepting the girl as her own daughter during the baptism overrides any and all previous conditions, rendering any existing biological relation to Rozemary's family null and void for all intents and purposes. | When Rozemyne was introduced into noble society and baptized as the daughter of Karstedt and Elvira, many of Rozemary's relatives believed that she was actually the daughter of Rozemary."
Constanze,Veronica,family,undirected,3,0.9802074733333334,0.9893792,1.3588560930095754,"Infobox field family/Mother: Veronica | She is the mother of Georgine, Constanze and Sylvester. | Infobox field family/Daughter: Georgine (Deceased) Constanze Florencia (In-Law)"
Charlotte,Melchior,family,undirected,3,0.9796749,0.9883916,1.3581177896006926,"Infobox field family/Sister: Rozemyne (adoptive) Charlotte Henriette | She is the sister of Wilfried, Melchior, and Henriette and the adoptive sister of Rozemyne. | Her older brother Wilfried was one year older than her, while her younger brother Melchior was four years younger."
Marthe,Thore,family,undirected,3,0.9795306799999999,0.9842754,1.3579178582279319,The same goes for Nora and her brother Thore. | The same goes for Marthe and her brother Rick. | In the year in which Rozemyne took up the mantle of High Bishop the mayor signed a contract with a noble to sell Thore's sister Nora and her friend Marthe with Lord Kantna as the middleman.
Adolphine,Trauerqual,family,undirected,3,0.9792244533333333,0.9872707,1.3574933379267073,"Infobox field family/Daughter: Unnamed Daughter (Deceased) Nahelache (In-Law) Eglantine (In-Law) Adolphine (in-Law) | Infobox field family/Father: Aub Drewanchel Trauerqual (In-Law) (Former) | However, those hopes were dashed when her father and King Trauerqual decided, without consulting her, to have her marry either the first prince Sigiswald or the second prince Anastasius when she came of age."
Hannelore,Kenntrips,family,undirected,3,0.9792096766666667,0.9898666,1.3574728531170313,"Infobox field family/Relatives: Lestilaut (Cousin) Hannelore (Cousin) Lungtase (Cousin) Raufereg (Cousin) Codenest (Cousin) | Infobox field family/Relatives: Hildebrand (Cousin) Rasantark (Cousin) Kenntrips (Cousin) Codenest (Cousin) Reginald (Cousin) | Even so, he still kept looking out for Hannelore, especially when it came to tempering his own lords often unreasonable treatment of his younger sister."
Clementia,Trauerqual,romantic,undirected,3,0.9789288866666667,0.9865068,1.3570835955233724,"Clementia married Trauerqual, when he was still a prince . | Infobox field family/Spouse: Magdalena (First Wife, Former Third Wife) Clementia (Second Wife) Ralfrieda (Third Wife , Former First Wife ) | Clementia was a sovereign royal and is the second wife of Trauerqual."
Cornelius,Lamprecht,family,undirected,3,0.9788857533333334,0.98386914,1.3570238000265962,"Lamprecht is the second son of Karstedt and Elvira, and a brother of Eckhart, Cornelius, and Rozemyne. | Because his father Karstedt is the commander of the Knight's Order and his brothers Eckhart and Lamprecht both serve as guard knights, Cornelius ""never once considered becoming an attendant or scholar. | As one of Rozemyne's older brothers, he is the third son of Karstedt and Elvira, the younger brother of Eckhart and Lamprecht."
Trauerqual,Waldifried,family,undirected,3,0.9785278633333334,0.98732865,1.3565276591376951,"Waldifried (ワルディフリード, Warudifuriido) was the second prince of the former Zent and Trauerqual's older brother. | Infobox field family/Brother: Former First Prince (Deceased) Waldifried (Deceased) Former Third Prince (Deceased) Former Fourth Prince (Deceased) | Infobox field family/Brother: First Prince (Half-Brother, Deceased) Third Prince (Deceased) Fourth Prince (Deceased) Trauerqual"
Ferdinand,Karstedt,family,undirected,3,0.9783007933333333,0.98994315,1.3562128732771155,"Infobox field family/Relatives: Sylvester (Cousin) Ferdinand (Cousin) Georgine (Cousin) Constanze (Cousin) Traugott (Nephew) | Infobox field family/Relatives: Karstedt (Cousin) Wilfried (Nephew) Rozemyne (Niece, Through Adoption) Charlotte (Niece) Melchior (Nephew) Henriette (Niece) Detlinde (Niece) Rudiger (Nephew) | He was on good terms with Ferdinand during the time he served as a knight, recognizing him as his family and his cousin despite pressure from Veronica to ostracize him."
Hasse's Mayor,Rozemyne,enemy_rival,undirected,3,0.9782571133333334,0.9846202,1.3561523199394219,"This leaves the mayor with no goods to sell, and once Rozemyne and Ferdinand are gone, he attacks the monastery to get the orphans back, inadvertently committing treason. | When confronted by the nobles the mayor tries to plead for mercy, but Rozemyne is able to maneuver him to in essence argue for his own punishment by asking him how he would tread orphans if they unknowingly attacked his family, to which the mayor passionately argues that such a crime would require harsh punishment and that not even ignorance would protect them, thus sealing his own fate with the added effect of turning even those villages who were convinced he didn't deserve the death penalty prior against him. | Rozemyne, after meeting with Benno decides to spread rumors through the merchants to spread unease and to turn the town against him."
Cornelius,Eckhart,family,undirected,3,0.9780956333333334,0.9818217,1.355928461125988,"He is also the oldest child of Karstedt and Elvira and the older brother of Lamprecht, Cornelius, and Rozemyne. | Because his father Karstedt is the commander of the Knight's Order and his brothers Eckhart and Lamprecht both serve as guard knights, Cornelius ""never once considered becoming an attendant or scholar. | As one of Rozemyne's older brothers, he is the third son of Karstedt and Elvira, the younger brother of Eckhart and Lamprecht."
Raublut,Valamarlene,romantic,undirected,3,0.9780918399999999,0.98370725,1.3559232024493781,"So close, that he worked hard to secure her an engagement with the Yurgenschmidt Soverein Knight Raublut. | Since Raublut was only a member of a branch family of an archduke, before becoming a sovereign knight, this was no easy feat, but ultimately Gervasio persevered and managed to secure the engagement. | During their time together, he developed a deep respect and loyalty to Gervasio and fell in love with Valamarlene."
Florencia,Veronica,enemy_rival,undirected,3,0.9773668233333334,0.9860794,1.3549181159326604,"She was also rather hostile to Sylvester's wife Florencia, practically forcing her to join Elvira's faction for protection and support, instead of trying to get her to join Veronica's own faction. | It was in a power struggle with both the older Leisegang faction and Elvira's Florencia faction. | She truly believed that Florencia seduced Sylvester for ulterior motives, and that Ferdinand was plotting to take Sylvester's position."
Gunther,Kamil,family,undirected,3,0.9771637566666667,0.98949313,1.3546366057577288,"Infobox field family/Father: Gunther | Kamil (カミル Kamiru) is the youngest child of Gunther and Effa, a part of Myne's family. | Infobox field family/Son: Kamil Unnamed son (Deceased) Ferdinand (In-Law, Unofficial)"
Christel,Ferdinand,family,undirected,3,0.9770769,0.9808591,1.3545161968505033,"Initially, Christel's mother only agreed to participating solely for the opportunity to get closer to the Leisegang and Florencia factions, but once Ferdinand played the love song dedicated to Geduldh, she fainted like many other noble ladies, while Christel just barely avoided falling completely unconscious and being carried out for medical attention by a knight. | During their tea party, an Ordonnanz from Lady Helmina arrives, inviting Christel and her mother to another tea party organized by Lady Elvira, exclusive to all those that have bought illustrations of Ferdinand, which Christel remarks makes the original investment even more worth it and will help to calm their father down. | Together with her daughter, she bought three illustrations of Ferdinand, as well as some cookies."
Flutrane,Leidenschaft,family,undirected,3,0.97686979,0.9871565,1.3542290814253717,"Infobox field family/Sister: Flutrane Schutzaria Geduldh | The oldest was Flutrane, followed by her younger siblings: Leidenschaft, God of Fire; Schutzaria, Goddess of Wind; and Geduldh, Goddess of Earth. | Her siblings Leidenschaft and Schutzaria worked with her to protect Geduldh from Ewigeliebe, bringing summer and autumn."
Rozemyne,Theodore,family,undirected,3,0.9765408233333334,0.98450273,1.3537730367903753,"Not fully understanding the implications of her actions, Judithe also introduces her younger brother to Lady Rozemyne. | After their return from the Royal Academy following Rozemyne's second term, Brunhilde introduces her lady to her younger sister Bertilde, who is planned to become Rozemyne's retainer upon entering the Royal Academy. | He appears fine with calling Leonore without an honorific as is common among Rozemyne's retainers, but calling his sister by her name, rather than just 'sister' seems to come hard to him."
Lungtase,Werdekraf,family,undirected,3,0.9764357533333333,0.989714,1.3536273788418525,"Infobox field family/Father: Werdekraf | Infobox field family/Daughter: Hannelore Lungtase (Second Wife) | Lungtase (ルングターゼ) is an archduke candidate of Dunkelfelger, the daughter of Lord Werdekraf and his second wife Lady Reichlene."
Ymir,Ferdinand,service_retainer,directed,3,0.9758975333333334,0.9863246,1.3528812474908105,Infobox field occupation: Gray Priest Ferdinand's Attendant (Former) | Ymir was formerly an attendant of Ferdinand until he resigned his position as High Priest and moved to Ahrensbach for his marriage. | Ymir was in the last group of attendants that Ferdinand took on.
Marianne,Charlotte,service_retainer,directed,3,0.9758451,0.9881604,1.3528085594564758,"Infobox field occupation: Charlotte's Retainer Apprentice Scholar Royal Academy Student | Marianne (マリアンネ, Marianne) is an Ehrenfest apprentice archscholar and one of Charlotte's retainers. | This arrangement allows Charlotte and her retainers to read the reports of their seniors and learn from them, before sending them back home."
Albsenti,Rundsein,family,undirected,3,0.9758285333333333,0.9891121,1.352785593179893,"Infobox field family/Grandmother: Albsenti | Seeing this magic tool as the crystallization of his mother's love, Neigenheit chose to bestow it upon his own son Rundsein, rather than have him obtain his own Grutrissheit through proper means, despite Rundsein being omni-elemental. | At an unknown point in Yurgenschmidt's history, Zent Albsenti, who was an expert in the creation of magic tools, had many children, but doted on a single son in particular."
Aub Klassenberg,Hensfen,family,undirected,3,0.9757612533333333,0.98954403,1.352692323295277,Infobox field family/Father: Aub Klassenberg | He is the son of Aub Klassenberg and his second wife. | Infobox field family/Mother: Aub Klassenberg's Second Wife
Adolphine,Detlinde,romantic,undirected,3,0.9753860633333332,0.98202133,1.3521721995139282,"Despite disliking Detlinde on a personal level, Adolphine vehemently hopes that this is true, as it would give her a basis from which to contest her engagement to Sigiswald. | To quell the voices that call for Anastasius or Detlinde to become the next Zent, the royal family pressures Rozemyne into performing the Starbind Ceremony and providing a true blessing at Sigiswald and Adolphine's wedding. | In addition to the standard blessing for the couples, magic circles similar to Detlinde's appear on the stage beneath Sigiswald and Adolphine."
Adolphine,Anastasius,family,undirected,3,0.9752607666666667,0.9889171,1.3519985014514615,"Infobox field family/Sister: Trauerqual's Daughter (Deceased) Nahelache (In-Law) Adolphine (In-Law, Former) | Infobox field family/Brother: Ortwin Anastasius (In-Law) (Former) Hildebrand (Half-Brother, In-Law) (Former) | However, those hopes were dashed when her father and King Trauerqual decided, without consulting her, to have her marry either the first prince Sigiswald or the second prince Anastasius when she came of age."
Adelbert,Georgine,family,undirected,3,0.9751695333333332,0.988708,1.351872025195915,"Infobox field family/Father: Adelbert (Deceased) | With his first wife Veronica, Adelbert had three children: Georgine, Constanze and Sylvester. | Infobox field family/Daughter: Constanze Georgine Florencia (In-Law)"
Nora,Rick,family,undirected,3,0.9749405133333333,0.9844184,1.3515545360613315,"The same goes for Marthe and her brother Rick. | The same goes for Nora and her brother Thore. | In the year in which Rozemyne took up the mantle of High Bishop, the mayor signed a contract with a noble to sell Rick's sister Marthe and her friend Nora, with Lord Kantna as the middleman."
Ferdinand,Justus,romantic,undirected,3,0.9746549199999999,0.9781004,1.351158619633758,"This loyalty and admiration went so far that Justus was even willing to name-swear himself to Ferdinand. | Thanks to his fantastic memory, he is still able to remember, where in all the chaos each document is. *Before Ferdinand settled on his actual plan to turn Myne into Rozemyne and have her adopted by Karstedt, he considered making her Eckhart's concubine and having Justus adopt her. | His loyalty to Ferdinand was so strong that when he had to decide between his wife and child and Ferdinand, he picked the latter and divorced his wife, choosing to stay with his lord instead."
Nikolaus,Rozemyne,family,undirected,3,0.9743891233333333,0.988485,1.3507901472135535,"Infobox field family/Sister: Rozemyne (Half-Sister) Aurelia (Half-Sister, In-Law) | On account of being unable to even talk to Rozemyne before, Nikolaus became worried that his sister might hate him because of his mother. | At the temple, he takes the opportunity to ask whether this is truly the case and is relieved to hear that Rozemyne does in fact consider him as her brother."
Damuel,Henrik,family,undirected,3,0.9742875866666667,0.9798677,1.3506493875051067,"Henrik (ヘンリック Henrikku) is a laynoble scholar of Ehrenfest and Damuel's older brother. | Henrik resembles his brother Damuel, but his eyes and hair are a slightly darker brown. | Unlike his brother Damuel, he is not overly fond of sweets and prefers confectionaries to have a more restrained sweetness, like Pound Cake with Rumtopf."
Janrik,Matthias,family,undirected,3,0.97385942,0.98369366,1.3500558224694872,"Janrik (ヤンリック, Yanrikku) was an medattendant from Ehrenfest, one of Grausam's sons and the older brother of Matthias. | Giebe's Gerlach's son and Matthias' older brother. | Infobox field family/Brother: Janrik (Deceased)"
Roderick,Veronica,family,undirected,3,0.9732307333333333,0.9868421,1.3491842776885759,"His parents belonged to the former Veronica faction. | After the Ivory Tower incident, his father started to mistreat his son due to their involvement their family lost their ability to stay neutral and is now firmly locked in place with the former Veronica faction. | As a member of one of the lowest status families in the former Veronica faction, Roderick required protection from someone of higher station to not become the target of abuse and ridicule."
Raufereg,Werdekraf,family,undirected,3,0.9721489133333333,0.9892838,1.3476845567228293,"Infobox field family/Father: Werdekraf | Raufereg (ラオフェレーグ) is an archduke candidate of Dunkelfelger, the son of Lord Werdekraf and his second wife, Lady Reichlene. | Infobox field family/Son: Lestilaut Raufereg (from Second Wife)"
Adelbert,Constanze,family,undirected,3,0.9721143666666667,0.9887692,1.3476366648736338,"Infobox field family/Father: Adelbert (Deceased) | With his first wife Veronica, Adelbert had three children: Georgine, Constanze and Sylvester. | Infobox field family/Daughter: Constanze Georgine Florencia (In-Law)"
Adolphine,Eglantine,romantic,undirected,3,0.9720538466666667,0.97864735,1.3475527663388989,"Both princes were fervently courting Eglantine of Klassenberg, a former princess of the deposed previous royal family, with the expectation that whomever she chose would become the heir to the throne. | Although she is happy for Eglantine's marriage, she is furious that her engagement to Prince Sigiswald is treated as a consolation prize, and she bitterly resents having to give up on her own political prospects. | Prince Anastasius renounces his claim to the throne, cementing Prince Sigiswald's right to become the next king and allowing Eglantine to accept Anastasius's proposal."
Arno,Ferdinand,enemy_rival,undirected,3,0.9719804500000001,0.9864699,1.347451016953774,"Ferdinand, displeased at Arno's actions, had Arno killed. | The High Bishop believed that both Ferdinand and the Sylvester were away, so he, along with Count Bindewald, plotted to attack and capture Myne inside the temple. | And when the scale of Myne's mana and knowledge became clear, Ferdinand also dismissed having her adopted by Eckhart and instead decided to have her pose as Karstedt's secret, true daughter and be adotped by the archduke, freeing Eckhart from any potential obligation. *In Fanbook 6 the author confirmed that Ferdinand personally executed Arno, stating that while he wouldn’t mind entrusting such a task to a name-sworn attendant, he’d rather do it himself than rely on someone he can’t fully trust and that he has no qualms about getting his hands dirty."
Judithe,Theodore,family,undirected,3,0.9718352066666668,0.9880288,1.3472496669397835,"Infobox field family/Sister: Judithe | Theodore (テオドール, Teodōru) is a mednoble from Kirnberger and Judithe's younger brother. | Not fully understanding the implications of her actions, Judithe also introduces her younger brother to Lady Rozemyne."
Wilma,Christine,service_retainer,directed,3,0.9704856333333334,0.9803893,1.3453787610378658,"After Christine left the temple, her retainers were returned to the orphanage, where Wilma takes upon the task to look after the unbaptized orphans. | Infobox field occupation: Rozemyne's attendant Managing the orphanage Christine's Attendant (Former) | Along with Rosina, Wilma was a former attendant of the blue shrine maiden apprentice Christine when she was a priestess in the temple."
Bonifatius,Previous Count Leisegang,family,undirected,3,0.9703031766666667,0.98019123,1.345125822389717,"Infobox field family/Father: Fifth Aub Ehrenfest Previous Count Leisegang (In-Law) (Deceased) | Infobox field family/Son: Bonifatius (In-Law) Previous Count Groschel (In-Law) | However, Bonifatius renounced his claim to the seat of archduke and actively surrendered it to his younger brother, Adelbert, who became the Sixth Aub Ehrenfest."
Adelbert,Bonifatius,family,undirected,3,0.9700948366666666,0.97964543,1.3448370018225213,"His brother was the previous Aub Ehrenfest, Lord Adelbert. | Imhilde, Bonifatius and Adelbert's half-sister from another mother, presumably the Fifth Aub Ehrenfest's second or third wife, was engaged with her half-brother Adelberg to become his second wife. | The fifth Aub Ehrenfest and his first wife had two sons: Bonifatius and Adelbert."
Laurenz,Matthias,friend_ally,undirected,3,0.9674365066666666,0.97032857,1.3411517739335252,"He grew up as childhood friends with Laurenz, a child of the same faction who lived in the nearby province. | His friend Laurenz teasingly refers to him as a ""worrywart"". | As the second son of Giebe Wiltord, Laurenz became childhood friends with Matthias, the son of the neighboring Giebe Gerlach."
Karstedt,Viscount Joisontak,family,undirected,3,0.9667275533333334,0.9780789,1.3401689559252283,"When Rozemyne was introduced into noble society and baptized as the daughter of Karstedt and Elvira, many of Rozemary's relatives believed that she was actually the daughter of Rozemary. | However, her family (including Viscount Joisontak) were troublemakers who began using her new status as an excuse to make demands on the family. | Karstedt's deceased third wife, Rozemary, was his younger sister."
Ella,Nicola,friend_ally,undirected,3,0.9664510566666666,0.96913797,1.3397856501553598,"Once Rozemyne returns partway through her first term for the Dedication Ritual, she brings Ella back with her, since it would be unreasonable to have Ella handle all the cooking for Rozemyne and all the people that came back with her alone. | Monika and Nicola were recommended and spent the winter cooking with Ella. | Myne asked Rosina to have Wilma recommend two grey apprentice shrine maidens to help Ella."
Dhorme,Otto,friend_ally,undirected,3,0.9662813166666666,0.97034645,1.3395503405505034,"Back in his days as a traveling merchant, Otto and Dhorme became friends and helped each other out. | Dhorme is a traveling merchant, mostly journeying between Ehrenfest and Frenbeltag and an old friend of Otto. | Usually Otto would have to turn down the request, since every single craftwoman of every single story is too busy, but since the request comes from a friend and due to the hardships of a traveling merchant, Dhorme's very life might depend on his ability to stay on good terms with the mayor, Otto agrees to see if he can help by contacting Effa, who is the only person Otto knows of, who has the ability to make a hairpin of sufficient quality, without being caught up in the post-summer sale time crunch, albeit only for a hefty urgency fee."
Laura,Tuuli,friend_ally,undirected,3,0.9661593266666667,0.97079337,1.3393812265013905,"She is a friend of Tuuli, who grew up living near Myne's family in the lower city. | When Tuuli is contemplating moving to the Gilberta Company as a leherl apprentice, she avoids mentioning it to Laura and her other lower city friends. | To soothe Laura and Rita's hurt feelings, Tuuli invites them to go with her to the north of the city on her day off and observe the fashion designs popular with rich people."
Lutz,Myne,friend_ally,undirected,3,0.9648897700000001,0.97045046,1.3376212472532683,"Lutz (ルッツ, Ruttsu) is Myne's close childhood friend. | As Myne begins to make more complicated inventions, she relies on the help of Lutz, Johann, and her other craftsmen to help refine the vague details that she remembers into effective products. | She helps Otto teach apprentice soldiers, tutors Lutz, and teaches the children of the temple orphanage to read, write, and calculate at a younger age than even most nobles do. *Music: In her past life, Urano spent about three years studying piano."
Gil,Myne,friend_ally,undirected,3,0.9634933966666667,0.96864355,1.33568546277525,"However, once he learns that his hard work for Myne will be rewarded, Gil becomes cheerful, enthusiastic, and hard-working. | Although he can still be childish and impulsive, he values Myne's praise highly and works hard to live up to her expectations. | He was the first person to implore Myne to improve the conditions in the orphanage and thanked her tearfully when she agreed."
Fey,Sieg,family,undirected,2,0.98991977,0.98995274,1.0875380241175088,Infobox field family/Relatives: Zasha (Cousin) Sieg (Cousin) Ralph (Cousin) Lutz (Cousin) | Infobox field family/Relatives: Fey (Cousin) Gunther's Father (Distant Cousin)
Fey,Ralph,family,undirected,2,0.989912675,0.9899635,1.0875302294633207,Infobox field family/Relatives: Zasha (Cousin) Sieg (Cousin) Ralph (Cousin) Lutz (Cousin) | Infobox field family/Relatives: Fey (Cousin) Gunther's Father (Distant Cousin)
Karstedt,Sylvester,family,undirected,2,0.9898947499999999,0.9899621,1.0875105368380462,"Infobox field family/Relatives: Sylvester (Cousin) Ferdinand (Cousin) Georgine (Cousin) Constanze (Cousin) Traugott (Nephew) | Infobox field family/Relatives: Karstedt (Cousin) Detlinde (Niece) Alstede (Niece) Wolfram (Nephew, Deceased) Rudiger (Nephew)"
Fey,Zasha,family,undirected,2,0.98987417,0.98993814,1.0874879273971456,Infobox field family/Relatives: Zasha (Cousin) Sieg (Cousin) Ralph (Cousin) Lutz (Cousin) | Infobox field family/Relatives: Fey (Counsin) Gunther's Father (Distant Cousin)
Kenntrips,Lungtase,family,undirected,2,0.989838115,0.9898548,1.0874483169310776,Infobox field family/Relatives: Lestilaut (Cousin) Hannelore (Cousin) Lungtase (Cousin) Raufereg (Cousin) Codenest (Cousin) | Infobox field family/Relatives: Hildebrand (Cousin) Kenntrips (Cousin) Rasantark (Cousin)
Rasantark,Raufereg,family,undirected,2,0.989825695,0.98985416,1.0874346721664523,Infobox field family/Relatives: Hildebrand (Cousin) Kenntrips (Cousin) Rasantark (Cousin) Reginald (Cousin) Codenest (Cousin) | Infobox field family/Relatives: Lestilaut (Cousin) Hannelore (Cousin) Raufereg (Cousin) Codenest
Hannelore,Reginald,family,undirected,2,0.9898127999999999,0.989814,1.08742050556099,Infobox field family/Relatives: Hildebrand (Cousin) Rasantark (Cousin) Kenntrips (Cousin) Codenest (Cousin) Reginald (Cousin) | Infobox field family/Relatives: Lestilaut (Cousin) Hannelore (Cousin) Hildebrand (Cousin) Raufereg (Cousin) Lungtase (Cousin)
Kenntrips,Raufereg,family,undirected,2,0.9898094,0.9898554,1.0874167702792086,Infobox field family/Relatives: Hildebrand (Cousin) Kenntrips (Cousin) Rasantark (Cousin) Reginald (Cousin) Codenest (Cousin) | Infobox field family/Relatives: Lestilaut (Cousin) Hannelore (Cousin) Lungtase (Cousin) Raufereg (Cousin) Codenest (Cousin)
Codenest,Hannelore,family,undirected,2,0.98979485,0.9898151,1.0874007854704084,Infobox field family/Relatives: Lestilaut (Cousin) Hannelore (Cousin) Lungtase (Cousin) Raufereg (Cousin) Kenntrips (Cousin) Rasantark (Cousin) Reginald (Cousin) | Infobox field family/Relatives: Hildebrand (Cousin) Rasantark (Cousin) Kenntrips (Cousin) Codenest (Cousin) Reginald (Cousin)
Codenest,Raufereg,family,undirected,2,0.98979369,0.98982364,1.0873995110801535,Infobox field family/Relatives: Hildebrand (Cousin) Kenntrips (Cousin) Rasantark (Cousin) Reginald (Cousin) Codenest (Cousin) | Infobox field family/Relatives: Lestilaut (Cousin) Hannelore (Cousin) Lungtase (Cousin) Raufereg (Cousin) Kenntrips (Cousin) Rasantark (Cousin) Reginald (Cousin)
Deid,Gunther,family,undirected,2,0.9897935,0.9898638,1.0873993023438187,Infobox field family/Relatives: Deid's Mother (Grand-Cousin) | Infobox field family/Relatives: Fey (Nephew) Gunther's Father (Grand-Cousin)
Codenest,Kenntrips,family,undirected,2,0.9897919,0.9897932,1.0873975445641568,Infobox field family/Relatives: Lestilaut (Cousin) Hannelore (Cousin) Lungtase (Cousin) Raufereg (Cousin) Codenest (Cousin) | Infobox field family/Relatives: Lestilaut (Cousin) Hannelore (Cousin) Lungtase (Cousin) Raufereg (Cousin) Kenntrips (Cousin) Rasantark (Cousin) Reginald (Cousin)
Raufereg,Reginald,family,undirected,2,0.98976842,0.989792,1.087371749147619,Infobox field family/Relatives: Hildebrand (Cousin) Kenntrips (Cousin) Rasantark (Cousin) Reginald (Cousin) Codenest (Cousin) | Infobox field family/Relatives: Lestilaut (Cousin) Hannelore (Cousin) Hildebrand (Cousin) Raufereg (Cousin) Lungtase (Cousin)
Codenest,Rasantark,family,undirected,2,0.989732715,0.98977983,1.0873325231958522,Infobox field family/Relatives: Lestilaut (Cousin) Hannelore (Cousin) Lungtase (Cousin) Raufereg (Cousin) Kenntrips (Cousin) Rasantark (Cousin) Reginald (Cousin) | Infobox field family/Relatives: Lestilaut (Cousin) Hannelore (Cousin) Raufereg (Cousin) Codenest
Charlotte,Rudiger,family,undirected,2,0.9897304,0.989767,1.0873299799084037,"Infobox field family/Relatives: Bonifatius (Granduncle) Bezewanst (Granduncle, Deceased) Detlinde (Cousin) Rudiger (Cousin) | Infobox field family/Relatives: Wilfried (Cousin) Charlotte (Cousin) Melchior (Cousin) Henrietta (Cousin) Detlinde (Cousin) Rozemyne (Adoptive Cousin) Bonifatius (Great Uncle) Bezewanst (Great Uncle, Deceased)"
Eckhart,Traugott,family,undirected,2,0.98971936,0.98979807,1.087317851228737,"Infobox field family/Relatives: Lamprecht (Cousin) Eckhart (Cousin) Cornelius (Cousin) Rozemyne (Cousin) Nikolaus (Cousin) Previous Count Leisegang (Great-Grandfather, Deceased) | Infobox field family/Relatives: Traugott (Cousin) Previous Count Leisegang (Great-Grandfather, Deceased) Siegrecht (Nephew)"
Cornelius,Traugott,family,undirected,2,0.98967497,0.98987234,1.087269083829243,"Infobox field family/Relatives: Lamprecht (Cousin) Eckhart (Cousin) Cornelius (Cousin) Rozemyne (Cousin) Nikolaus (Cousin) Previous Count Leisegang (Great-Grandfather, Deceased) | Infobox field family/Relatives: Traugott (Cousin) Previous Count Leisegang (Great-Grandfather, Deceased) Siegrecht (Nephew)"
Melchior,Rudiger,family,undirected,2,0.98966775,0.9897301,1.0872611518485187,"Infobox field family/Relatives: Wilfried (Cousin) Charlotte (Cousin) Melchior (Cousin) Henrietta (Cousin) Detlinde (Cousin) Rozemyne (Adoptive Cousin) Bonifatius (Great Uncle) Bezewanst (Great Uncle, Deceased) | Infobox field family/Relatives: Bonifatius (Granduncle) Bezewanst (Granduncle, Deceased) Detlinde (Cousin) Rudiger (Cousin)"
Hildebrand,Lungtase,family,undirected,2,0.989664725,0.9899116,1.0872578285463455,Infobox field family/Relatives: Hildebrand (Cousin) Kenntrips (Cousin) Rasantark (Cousin) | Infobox field family/Relatives: Eglantine (Cousin) Lestilaut (Cousin) Hannelore (Cousin) Reginald (Cousin) Kenntrips (Cousin) Rasantark (Cousin) Raufereg (Cousin) Lungtase (Cousin) Nahelache's Son (Half-Nephew) Stephareine (Half-Niece)
Aurelia,Blasius,family,undirected,2,0.98965295,0.989846,1.0872448923866465,"Infobox field family/Relatives: Aurelia (Cousin) Martina (Cousin) Letizia (Niece) | Infobox field family/Relatives: Detlinde (Cousin) Wolfram (Cousin, Deceased) Alstede (Cousin) Blasius (Cousin) Letizia (Cousin, Adoptive)"
Hildebrand,Raufereg,family,undirected,2,0.9896506,0.9899099,1.087242310647768,Infobox field family/Relatives: Hildebrand (Cousin) Kenntrips (Cousin) Rasantark (Cousin) Reginald (Cousin) Codenest (Cousin) | Infobox field family/Relatives: Eglantine (Cousin) Lestilaut (Cousin) Hannelore (Cousin) Reginald (Cousin) Kenntrips (Cousin) Rasantark (Cousin) Raufereg (Cousin) Lungtase (Cousin) Nahelache's Son (Half-Nephew) Stephareine (Half-Niece)
Lamprecht,Traugott,family,undirected,2,0.989611445,0.98976594,1.0871992944836053,"Infobox field family/Relatives: Lamprecht (Cousin) Eckhart (Cousin) Cornelius (Cousin) Rozemyne (Cousin) Nikolaus (Cousin) Previous Count Leisegang (Great-Grandfather, Deceased) | Infobox field family/Relatives: Traugott (Cousin) Previous Count Leisegang (Great-Grandfather, Deceased)"
Hildebrand,Reginald,family,undirected,2,0.9896003,0.9897635,1.087187050449648,Infobox field family/Relatives: Lestilaut (Cousin) Hannelore (Cousin) Hildebrand (Cousin) Raufereg (Cousin) Lungtase (Cousin) | Infobox field family/Relatives: Eglantine (Cousin) Lestilaut (Cousin) Hannelore (Cousin) Reginald (Cousin) Kenntrips (Cousin) Rasantark (Cousin) Raufereg (Cousin) Lungtase (Cousin) Nahelache's Son (Half-Nephew) Stephareine (Half-Niece)
Nikolaus,Traugott,family,undirected,2,0.9895685000000001,0.9897279,1.0871521145788685,"Infobox field family/Relatives: Lamprecht (Cousin) Eckhart (Cousin) Cornelius (Cousin) Rozemyne (Cousin) Nikolaus (Cousin) Previous Count Leisegang (Great-Grandfather, Deceased) | Infobox field family/Relatives: Traugott (Cousin) Previous Count Leisegang (Great-Grandfather, Deceased) Siegrecht (Nephew)"
Detlinde,Melchior,family,undirected,2,0.9894843099999999,0.98953456,1.0870596224102853,"Infobox field family/Relatives: Wilfried (Cousin) Charlotte (Cousin) Melchior (Cousin) Henriette (Cousin) Rudiger (Cousin) Rozemyne (Cousin, Adoptive) Aurelia (Cousin) Martina (Cousin) Letizia (Niece) Benedikta (Niece) Bezewanst (Granduncle, Deceased) | Infobox field family/Relatives: Bonifatius (Granduncle) Bezewanst (Granduncle, Deceased) Detlinde (Cousin) Rudiger (Cousin)"
Bezewanst,Charlotte,family,undirected,2,0.9894387,0.9896209,1.0870095147037993,"Infobox field family/Relatives: Bonifatius (Granduncle) Bezewanst (Granduncle, Deceased) Detlinde (Cousin) Rudiger (Cousin) | Infobox field family/Relatives: Sylvester (Nephew) Georgine (Niece) Florencia (Niece-in-law) Ferdinand (Nephew-in-law) Wilfried (Great nephew) Rozemyne (Great niece through adoption) Charlotte (Great niece) Melchior (Great nephew) Detlinde (Great niece) Elvira (Cousin)"
Rudiger,Wilfried,family,undirected,2,0.9894197,0.9894398,1.0869886410703147,"Infobox field family/Relatives: Bonifatius (Granduncle) Bezewanst (Granduncle) Detlinde (Cousin) Alstede (Cousin) Rudiger (Cousin) Fifth Aub Ehrenfest (Great-Grandfather) | Infobox field family/Relatives: Wilfried (Cousin) Charlotte (Cousin) Melchior (Cousin) Henrietta (Cousin) Detlinde (Cousin) Rozemyne (Adoptive Cousin) Bonifatius (Great Uncle) Bezewanst (Great Uncle, Deceased)"
Bezewanst,Wilfried,family,undirected,2,0.989405,0.9894929,1.0869724914696712,Infobox field family/Relatives: Bonifatius (Granduncle) Bezewanst (Granduncle) Detlinde (Cousin) Alstede (Cousin) Rudiger (Cousin) Fifth Aub Ehrenfest (Great-Grandfather) | Infobox field family/Relatives: Sylvester (Nephew) Georgine (Niece) Florencia (Niece-in-law) Ferdinand (Nephew-in-law) Wilfried (Great nephew) Rozemyne (Great niece through adoption) Charlotte (Great niece) Melchior (Great nephew) Detlinde (Great niece) Elvira (Cousin)
Rudiger,Sylvester,family,undirected,2,0.98935845,0.9897859,1.0869213510676337,"Infobox field family/Relatives: Karstedt (Cousin) Detlinde (Niece) Alstede (Niece) Wolfram (Nephew, Deceased) Rudiger (Nephew) | Infobox field family/Uncle: Sylvester Ferdinand"
Eckhart,Previous Count Leisegang,family,undirected,2,0.98934254,0.98978734,1.0869038721461208,"Infobox field family/Relatives: Traugott (Cousin) Previous Count Leisegang (Great-Grandfather, Deceased) Siegrecht (Nephew) | Infobox field family/Offspring: Karstedt (Grandson) Count Leisegang (Grandson) Leberecht (Grandson) Claudio (Grandson) Elvira (Granddaughter) Eckhart (Great-Grandson) Lamprecht (Great-Grandson) Cornelius (Great-Grandson) Rozemyne (Great-Granddaughter) Traugott (Great-Grandson) Nikolaus (Great-Grandson) Oliswalt (Great-Grandson) Leberecht's Middle Son (Great-Grandson) Hartmut (Great-Grandson) Leonore (Great-Granddaughter) Brunhilde (Great-Granddaughter) Bertilde (Great-Granddaughter)"
Bezewanst,Melchior,family,undirected,2,0.989331975,0.98941785,1.0868922653072912,"Infobox field family/Relatives: Bonifatius (Granduncle) Bezewanst (Granduncle, Deceased) Detlinde (Cousin) Rudiger (Cousin) | Infobox field family/Relatives: Sylvester (Nephew) Georgine (Niece) Florencia (Niece-in-law) Ferdinand (Nephew-in-law) Wilfried (Great nephew) Rozemyne (Great niece through adoption) Charlotte (Great niece) Melchior (Great nephew) Detlinde (Great niece) Elvira (Cousin)"
Constanze,Karstedt,family,undirected,2,0.9893072199999999,0.9899131,1.0868650691600852,"Infobox field family/Relatives: Sylvester (Cousin) Ferdinand (Cousin) Georgine (Cousin) Constanze (Cousin) Traugott (Nephew) | Infobox field family/Relatives: Karstedt (Cousin) Wilfried (Nephew) Melchior (Nephew) Charlotte (Niece) Henriette (Niece) Detlinde (Niece) Rozemyne (Niece, through adoption) Detlinde (Niece) Alstede (Niece) Wolfram (Nephew, Deceased)"
Eglantine,Nahelache,family,undirected,2,0.98927387,0.98954684,1.086828430440258,"Infobox field family/Relatives: Anastasius (Cousin) Sigiswald (Cousin) Hildebrand (Cousin) Nahelache's Son (Nephew) | Infobox field family/Sister: Unnamed Older Sister (Deceased) Trauerqual's Daughter (In-Law) Nahelache (In-Law) Adolphine (In-Law, Former)"
Lamprecht,Previous Count Leisegang,family,undirected,2,0.989263075,0.98961395,1.086816570920602,"Infobox field family/Relatives: Traugott (Cousin) Previous Count Leisegang (Great-Grandfather, Deceased) | Infobox field family/Offspring: Karstedt (Grandson) Count Leisegang (Grandson) Leberecht (Grandson) Claudio (Grandson) Elvira (Granddaughter) Eckhart (Great-Grandson) Lamprecht (Great-Grandson) Cornelius (Great-Grandson) Rozemyne (Great-Granddaughter) Traugott (Great-Grandson) Nikolaus (Great-Grandson) Oliswalt (Great-Grandson) Leberecht's Middle Son (Great-Grandson) Hartmut (Great-Grandson) Leonore (Great-Granddaughter) Brunhilde (Great-Granddaughter) Bertilde (Great-Granddaughter)"
Eckhart,Siegrecht,family,undirected,2,0.98925927,0.98952824,1.0868123907008436,"Infobox field family/Relatives: Traugott (Cousin) Previous Count Leisegang (Great-Grandfather, Deceased) Siegrecht (Nephew) | Infobox field family/Uncle: Eckhart Cornelius Nikolaus"
Aurelia,Detlinde,family,undirected,2,0.9892462200000001,0.989326,1.0867980538104764,"Infobox field family/Relatives: Wilfried (Cousin) Charlotte (Cousin) Melchior (Cousin) Henriette (Cousin) Rudiger (Cousin) Rozemyne (Cousin, Adoptive) Aurelia (Cousin) Martina (Cousin) Letizia (Niece) Benedikta (Niece) Bezewanst (Granduncle, Deceased) | Infobox field family/Relatives: Detlinde (Cousin) Wolfram (Cousin, Deceased) Alstede (Cousin) Blasius (Cousin) Letizia (Cousin, Adoptive)"
Melchior,Veronica,family,undirected,2,0.98924325,0.9895766,1.086794790931979,"Infobox field family/Grandmother: Veronica | Infobox field family/Offspring: Wilfried (Grandson) Rozemyne (Granddaughter, Adoptive) Charlotte (Granddaughter) Melchior (Grandson) Henriette (Granddaughter) Wolfram (Grandson, Deceased) Detlinde (Granddaughter) Rudiger (Grandson) Alstede (Granddaughter) Benedikta (Great-Granddaugher)"
Previous Count Leisegang,Traugott,family,undirected,2,0.989230485,0.9897328,1.0867807671461143,"Infobox field family/Relatives: Lamprecht (Cousin) Eckhart (Cousin) Cornelius (Cousin) Rozemyne (Cousin) Nikolaus (Cousin) Previous Count Leisegang (Great-Grandfather, Deceased) | Infobox field family/Offspring: Karstedt (Grandson) Count Leisegang (Grandson) Leberecht (Grandson) Claudio (Grandson) Elvira (Granddaughter) Eckhart (Great-Grandson) Lamprecht (Great-Grandson) Cornelius (Great-Grandson) Rozemyne (Great-Granddaughter) Traugott (Great-Grandson) Nikolaus (Great-Grandson) Oliswalt (Great-Grandson) Leberecht's Middle Son (Great-Grandson) Hartmut (Great-Grandson) Leonore (Great-Granddaughter) Brunhilde (Great-Granddaughter) Bertilde (Great-Granddaughter)"
Bezewanst,Detlinde,family,undirected,2,0.98921505,0.9892434,1.0867638100654387,"Infobox field family/Relatives: Wilfried (Cousin) Charlotte (Cousin) Melchior (Cousin) Henriette (Cousin) Rudiger (Cousin) Rozemyne (Cousin, Adoptive) Aurelia (Cousin) Martina (Cousin) Letizia (Niece) Benedikta (Niece) Bezewanst (Granduncle, Deceased) | Infobox field family/Relatives: Sylvester (Nephew) Georgine (Niece) Florencia (Niece-in-law) Ferdinand (Nephew-in-law) Wilfried (Great nephew) Rozemyne (Great niece through adoption) Charlotte (Great niece) Melchior (Great nephew) Detlinde (Great niece) Elvira (Cousin)"
Count Leisegang,Leonore,family,undirected,2,0.989211565,0.98972523,1.0867599814016127,Infobox field family/Relatives: Leonore (Niece) Oliswalt (Nephew) Hartmut (Nephew) | Infobox field family/Uncle: Count Leisegang Leberecht
Cornelius,Previous Count Leisegang,family,undirected,2,0.98921155,0.9896221,1.0867599649224284,"Infobox field family/Relatives: Traugott (Cousin) Previous Count Leisegang (Great-Grandfather, Deceased) Siegrecht (Nephew) | Infobox field family/Offspring: Karstedt (Grandson) Count Leisegang (Grandson) Leberecht (Grandson) Claudio (Grandson) Elvira (Granddaughter) Eckhart (Great-Grandson) Lamprecht (Great-Grandson) Cornelius (Great-Grandson) Rozemyne (Great-Granddaughter) Traugott (Great-Grandson) Nikolaus (Great-Grandson) Oliswalt (Great-Grandson) Leberecht's Middle Son (Great-Grandson) Hartmut (Great-Grandson) Leonore (Great-Granddaughter) Brunhilde (Great-Granddaughter) Bertilde (Great-Granddaughter)"
Constanze,Wilfried,family,undirected,2,0.98920582,0.9892452,1.0867536698740143,"Infobox field family/Relatives: Karstedt (Cousin) Wilfried (Nephew) Melchior (Nephew) Charlotte (Niece) Henriette (Niece) Detlinde (Niece) Rozemyne (Niece, through adoption) Detlinde (Niece) Alstede (Niece) Wolfram (Nephew, Deceased) | Infobox field family/Aunt: Georgine Constanze"
Rudiger,Veronica,family,undirected,2,0.9892007,0.9895572,1.0867480449790963,"Infobox field family/Grandmother: Veronica | Infobox field family/Offspring: Wilfried (Grandson) Rozemyne (Granddaughter, Adoptive) Charlotte (Granddaughter) Melchior (Grandson) Henriette (Granddaughter) Wolfram (Grandson, Deceased) Detlinde (Granddaughter) Rudiger (Grandson) Alstede (Granddaughter) Benedikta (Great-Granddaugher)"
Deid,Fey,family,undirected,2,0.9891910500000001,0.9898329,1.0867374433705106,Infobox field family/Relatives: Fey (Nephew) Gunther's Father (Grand-Cousin) | Infobox field family/Uncle: Deid
Sigiswald,Waldifried,family,undirected,2,0.989164785,0.9897826,1.0867085883187488,"Infobox field family/Relatives: Sigiswald (Nephew) Anastasius (Nephew) Hildebrand (Nephew) Nahelache (Niece, In-Law) Eglantine (Niece) | Infobox field family/Uncle: Waldifried (Deceased)"
Constanze,Rozemyne,family,undirected,2,0.9891641250000001,0.98948085,1.0867078632346383,"Infobox field family/Aunt: Georgine (Adoptive) Constanze(Adoptive) Gudrun (Baptismal) | Infobox field family/Relatives: Karstedt (Cousin) Wilfried (Nephew) Melchior (Nephew) Charlotte (Niece) Henriette (Niece) Detlinde (Niece) Rozemyne (Niece, through adoption) Detlinde (Niece) Alstede (Niece) Wolfram (Nephew, Deceased)"
Nikolaus,Previous Count Leisegang,family,undirected,2,0.9891507900000001,0.98967105,1.0866932132397689,"Infobox field family/Relatives: Traugott (Cousin) Previous Count Leisegang (Great-Grandfather, Deceased) Siegrecht (Nephew) | Infobox field family/Offspring: Karstedt (Grandson) Count Leisegang (Grandson) Leberecht (Grandson) Claudio (Grandson) Elvira (Granddaughter) Eckhart (Great-Grandson) Lamprecht (Great-Grandson) Cornelius (Great-Grandson) Rozemyne (Great-Granddaughter) Traugott (Great-Grandson) Nikolaus (Great-Grandson) Oliswalt (Great-Grandson) Leberecht's Middle Son (Great-Grandson) Hartmut (Great-Grandson) Leonore (Great-Granddaughter) Brunhilde (Great-Granddaughter) Bertilde (Great-Granddaughter)"
Eglantine,Gentiane,family,undirected,2,0.9891479,0.9896522,1.0866900382502545,"Infobox field family/Relatives: Eglantine (Cousin) Anastasius (Cousin, In Law) Stephareine (Cousin, once removed) | Infobox field family/Aunt: Eglantine (Adoptive)"
Charlotte,Constanze,family,undirected,2,0.98912405,0.9891999,1.08666383634717,"Infobox field family/Aunt: Georgine Constanze | Infobox field family/Relatives: Karstedt (Cousin) Wilfried (Nephew) Melchior (Nephew) Charlotte (Niece) Henriette (Niece) Detlinde (Niece) Rozemyne (Niece, through adoption) Detlinde (Niece) Alstede (Niece) Wolfram (Nephew, Deceased)"
Hildebrand,Waldifried,family,undirected,2,0.98910092,0.98980814,1.086638425444933,"Infobox field family/Relatives: Sigiswald (Nephew) Anastasius (Nephew) Hildebrand (Nephew) Nahelache (Niece, In-Law) Eglantine (Niece) | Infobox field family/Uncle: Aub Dunkelfelger Waldifried (Deceased)"
Mestionora,Schutzaria,family,undirected,2,0.9890992000000001,0.9892742,1.0866365358317964,Infobox field family/Relatives: Mestionora (Niece) | Infobox field family/Aunt: Flutrane Schutzaria
Claudio,Previous Count Leisegang,family,undirected,2,0.9890583,0.9892763,1.08659160258919,"Infobox field family/Relatives: Previous Count Leisegang (Grandfather, Deceased) Count Groschel (Cousin) Eckhart (Nephew) Lamprecht (Nephew) Cornelius (Nephew) Rozemyne (Niece) | Infobox field family/Offspring: Karstedt (Grandson) Count Leisegang (Grandson) Leberecht (Grandson) Claudio (Grandson) Elvira (Granddaughter) Eckhart (Great-Grandson) Lamprecht (Great-Grandson) Cornelius (Great-Grandson) Rozemyne (Great-Granddaughter) Traugott (Great-Grandson) Nikolaus (Great-Grandson) Oliswalt (Great-Grandson) Leberecht's Middle Son (Great-Grandson) Hartmut (Great-Grandson) Leonore (Great-Granddaughter) Brunhilde (Great-Granddaughter) Bertilde (Great-Granddaughter)"
Eglantine,Waldifried,family,undirected,2,0.989050625,0.9896484,1.0865831707398743,"Infobox field family/Relatives: Sigiswald (Nephew) Anastasius (Nephew) Hildebrand (Nephew) Nahelache (Niece, In-Law) Eglantine (Niece) | Infobox field family/Uncle: Aub Klassenberg Zent Trauerqual Waldifried (Deceased)"
Georgine,Rozemyne,family,undirected,2,0.98904574,0.98923534,1.0865778040188443,"Infobox field family/Aunt: Georgine (Adoptive) Constanze(Adoptive) Gudrun (Baptismal) | Infobox field family/Relatives: Karstedt (Cousin) Wilfried (Nephew) Rozemyne (Niece, Adoptive) Charlotte (Niece) Melchior (Nephew) Henrietta (Niece) Rudiger (Nephew) Aurelia (Niece) Martina (Niece) Benedikta (Granddaughter)"
Codenest,Magdalena,family,undirected,2,0.9890258000000001,0.98922974,1.0865558976898082,Infobox field family/Relatives: Lestilaut (Nephew) Hannelore (Niece) Raufereg (Nephew) Lungtase (Niece) Kenntrips (Nephew) Rasantark (Nephew) Codenest (Nephew) | Infobox field family/Aunt: Sieglinde Magdalena Reichlene
Urano Motosu,Urano Motosu's Mother,family,undirected,2,0.9890230600000001,0.98990005,1.0865528874921373,"Infobox field family/Daughter: Urano Motosu | Urano Motosu's Mother was the mother of Urano Motosu, who later became Myne."
Charlotte,Ferdinand,family,undirected,2,0.98901265,0.9894421,1.0865414509382123,"Infobox field family/Relatives: Karstedt (Cousin) Wilfried (Nephew) Rozemyne (Niece, Through Adoption) Charlotte (Niece) Melchior (Nephew) Henriette (Niece) Detlinde (Niece) Rudiger (Nephew) | Infobox field family/Uncle: Ferdinand Aub Frenbeltag"
Leidenschaft,Mestionora,family,undirected,2,0.98901147,0.9894783,1.0865401545757116,Infobox field family/Relatives: Mestionora (Niece) | Infobox field family/Uncle: Leidenschaft
Aub Frenbeltag,Charlotte,family,undirected,2,0.989002535,0.98913157,1.0865303384749123,"Infobox field family/Relatives: Wilfried (Nephew) Rozemyne (Niece, Adoptive) Charlotte (Niece) Melchior (Nephew) Detlinde (Niece, In-Law) Alstede (Niece, In-Law) | Infobox field family/Uncle: Ferdinand Aub Frenbeltag"
Ferdinand,Wilfried,family,undirected,2,0.9889969750000001,0.9896069,1.0865242301905875,"Infobox field family/Relatives: Karstedt (Cousin) Wilfried (Nephew) Rozemyne (Niece, Through Adoption) Charlotte (Niece) Melchior (Nephew) Henriette (Niece) Detlinde (Niece) Rudiger (Nephew) | Infobox field family/Uncle: Ferdinand"
Cornelius,Siegrecht,family,undirected,2,0.9889726999999999,0.9893255,1.0864975613772798,"Infobox field family/Relatives: Traugott (Cousin) Previous Count Leisegang (Great-Grandfather, Deceased) Siegrecht (Nephew) | Infobox field family/Uncle: Eckhart Cornelius Nikolaus"
Ferdinand,Rudiger,family,undirected,2,0.98896423,0.98915416,1.0864882561311948,"Infobox field family/Relatives: Karstedt (Cousin) Wilfried (Nephew) Rozemyne (Niece, Through Adoption) Charlotte (Niece) Melchior (Nephew) Henriette (Niece) Detlinde (Niece) Rudiger (Nephew) | Infobox field family/Uncle: Sylvester Ferdinand"
Detlinde,Ferdinand,family,undirected,2,0.98896012,0.9892698,1.0864837408346886,"Infobox field family/Relatives: Karstedt (Cousin) Wilfried (Nephew) Rozemyne (Niece, Through Adoption) Charlotte (Niece) Melchior (Nephew) Henriette (Niece) Detlinde (Niece) Rudiger (Nephew) | Infobox field family/Uncle: Sylvester Ferdinand"
Leonore,Previous Count Leisegang,family,undirected,2,0.988956465,0.98925763,1.0864797254067735,"Infobox field family/Relatives: Previous Count Leisegang (Great-Grandfather, Deceased) Hartmut (Cousin) | Infobox field family/Offspring: Karstedt (Grandson) Count Leisegang (Grandson) Leberecht (Grandson) Claudio (Grandson) Elvira (Granddaughter) Eckhart (Great-Grandson) Lamprecht (Great-Grandson) Cornelius (Great-Grandson) Rozemyne (Great-Granddaughter) Traugott (Great-Grandson) Nikolaus (Great-Grandson) Oliswalt (Great-Grandson) Leberecht's Middle Son (Great-Grandson) Hartmut (Great-Grandson) Leonore (Great-Granddaughter) Brunhilde (Great-Granddaughter) Bertilde (Great-Granddaughter)"
Nikolaus,Siegrecht,family,undirected,2,0.98894373,0.9892397,1.0864657345792772,"Infobox field family/Relatives: Traugott (Cousin) Previous Count Leisegang (Great-Grandfather, Deceased) Siegrecht (Nephew) | Infobox field family/Uncle: Eckhart Cornelius Nikolaus"
Fey,Karla,family,undirected,2,0.9889385150000001,0.98959816,1.086460005316192,"Infobox field family/Relatives: Fey (Nephew) Gunther's Father (Grand-Cousin, In-Law) | Infobox field family/Aunt: Karla"
Lungtase,Magdalena,family,undirected,2,0.988908335,0.98932767,1.0864268491973197,Infobox field family/Relatives: Lestilaut (Nephew) Hannelore (Niece) Raufereg (Nephew) Lungtase (Niece) Kenntrips (Nephew) Rasantark (Nephew) Codenest (Nephew) | Infobox field family/Aunt: Magdalena
Bonifatius,Constanze,family,undirected,2,0.988907735,0.9893526,1.0864261900299466,"Infobox field family/Relatives: Heidemarie (Granddaughter-in-Law, Deceased) Sylvester (Nephew) Georgine (Niece) Constanze (Niece) Aurelia (Granddaughter-in-Law) | Infobox field family/Uncle: Bonifatius Bezewanst (Deceased)"
Anastasius,Waldifried,family,undirected,2,0.98889173,0.9897395,1.0864086067402665,"Infobox field family/Relatives: Sigiswald (Nephew) Anastasius (Nephew) Hildebrand (Nephew) Nahelache (Niece, In-Law) Eglantine (Niece) | Infobox field family/Uncle: Waldifried (Deceased) Former Second Prince Former Third Prince Former Fourth' Prince"
Bonifatius,Nikolaus,family,undirected,2,0.9888776749999999,0.9888948,1.0863931657445491,"Infobox field family/Offspring: Eckhart (Grandson) Lamprecht (Grandson) Cornelius (Grandson) Rozemyne (Granddaughter) Traugott (Grandson) Nikolaus (Grandson) Siegrecht (Great-Grandson, Lamprecht's Son) | Infobox field family/Grandfather: Bonifatius"
Bonifatius,Cornelius,family,undirected,2,0.98887655,0.9889627,1.0863919298057245,"Infobox field family/Offspring: Eckhart (Grandson) Lamprecht (Grandson) Cornelius (Grandson) Rozemyne (Granddaughter) Traugott (Grandson) Nikolaus (Grandson) Siegrecht (Great-Grandson, Lamprecht's Son) | Infobox field family/Grandfather: Bonifatius"
Bonifatius,Lamprecht,family,undirected,2,0.98886517,0.98891824,1.0863794275978793,"Infobox field family/Offspring: Eckhart (Grandson) Lamprecht (Grandson) Cornelius (Grandson) Rozemyne (Granddaughter) Traugott (Grandson) Nikolaus (Grandson) Siegrecht (Great-Grandson, Lamprecht's Son) | Infobox field family/Grandfather: Bonifatius"
Bonifatius,Sylvester,family,undirected,2,0.98886373,0.98947376,1.0863778455961839,"Infobox field family/Relatives: Heidemarie (Granddaughter-in-Law, Deceased) Sylvester (Nephew) Georgine (Niece) Constanze (Niece) Aurelia (Granddaughter-in-Law) | Infobox field family/Uncle: Bonifatius Bezewanst (Deceased)"
Gabriele,Sylvester,family,undirected,2,0.98885285,0.9890394,1.086365892694483,"Infobox field family/Grandmother: Gabriele (Deceased) | Infobox field family/Offspring: Constanze (Granddaughter) Georgine (Granddaughter) Sylvester (Grandson) Wilfried (Great-Grandson) Rozemyne (Great-Granddaugther, through Adoption) Charlotte (Great-Granddaughter) Melchior (Great-Grandson) Henrietta (Great-Granddaughter) Detlinde (Great-Granddaughter) Rudiger (Great-Grandson) Alstede (Great-Granddaughter) Wolfram (Great-Grandson, Deceased)"
Count Leisegang,Hartmut,family,undirected,2,0.9888408200000001,0.98971844,1.0863526763886504,Infobox field family/Relatives: Leonore (Niece) Oliswalt (Nephew) Hartmut (Nephew) | Infobox field family/Uncle: Unnamed Archscholar Count Leisegang
Constanze,Gabriele,family,undirected,2,0.9888406,0.9889874,1.0863524346939468,"Infobox field family/Grandmother: Gabriele (Deceased) | Infobox field family/Offspring: Constanze (Granddaughter) Georgine (Granddaughter) Sylvester (Grandson) Wilfried (Great-Grandson) Rozemyne (Great-Granddaugther, through Adoption) Charlotte (Great-Granddaughter) Melchior (Great-Grandson) Henrietta (Great-Granddaughter) Detlinde (Great-Granddaughter) Rudiger (Great-Grandson) Alstede (Great-Granddaughter) Wolfram (Great-Grandson, Deceased)"
Bonifatius,Georgine,family,undirected,2,0.98882231,0.98938507,1.086332341075187,"Infobox field family/Relatives: Heidemarie (Granddaughter-in-Law, Deceased) Sylvester (Nephew) Georgine (Niece) Constanze (Niece) Aurelia (Granddaughter-in-Law) | Infobox field family/Uncle: Bezewanst Bonifatius"
Gabriele,Veronica,family,undirected,2,0.98882082,0.98955274,1.0863307041428771,Infobox field family/Daughter: Veronica | Infobox field family/Mother: Gabriele (Deceased)
Hildebrand,Werdekraf,family,undirected,2,0.988817115,0.989426,1.0863266337843476,Infobox field family/Relatives: Hildebrand (Nephew) Kenntrips (Nephew) Rasantark (Nephew) Codenest (Nephew) | Infobox field family/Uncle: Aub Dunkelfelger Waldifried (Deceased)
Justus,Traugott,family,undirected,2,0.98879622,0.9889237,1.0863036782805757,"Infobox field family/Uncle: Karstedt, Justus | Infobox field family/Relatives: Traugott (Nephew)"
Nahelache,Trauerqual,family,undirected,2,0.9887890699999999,0.98917574,1.0862958232027118,Infobox field family/Offspring: Nahelache's Child (Grandson) Stephareine (Granddaughter) | Infobox field family/Daughter: Unnamed Daughter (Deceased) Nahelache (In-Law) Eglantine (In-Law) Adolphine (in-Law)
Lestilaut,Sieglinde,family,undirected,2,0.988763625,0.98934245,1.0862678690130267,Infobox field family/Mother: Sieglinde | Infobox field family/Son: Lestilaut
Charlotte,Georgine,family,undirected,2,0.98875775,0.9890048,1.0862614146658307,"Infobox field family/Relatives: Karstedt (Cousin) Wilfried (Nephew) Rozemyne (Niece, Adoptive) Charlotte (Niece) Melchior (Nephew) Henrietta (Niece) Rudiger (Nephew) Aurelia (Niece) Martina (Niece) Benedikta (Granddaughter) | Infobox field family/Aunt: Georgine Constanze"
Deid,Sieg,family,undirected,2,0.9887482000000001,0.9895606,1.086250922918474,Infobox field family/Father: Deid | Infobox field family/Son: Zasha Sieg Ralph Lutz
Ferdinand,Melchior,family,undirected,2,0.9887414,0.9893411,1.086243452354911,"Infobox field family/Relatives: Karstedt (Cousin) Wilfried (Nephew) Rozemyne (Niece, Through Adoption) Charlotte (Niece) Melchior (Nephew) Henriette (Niece) Detlinde (Niece) Rudiger (Nephew) | Infobox field family/Uncle: Ferdinand"
Gieselfried,Martina,family,undirected,2,0.9887338999999999,0.9895375,1.086235212762746,"Infobox field family/Relatives: Letizia (Granddaughter, Biological) Benedikta (Granddaughter) Aurelia (Niece) Martina (Niece) Lamprecht (Nephew, In-Law) | Infobox field family/Uncle: Gieselfried (Deceased)"
Claudio,Cornelius,family,undirected,2,0.9887242,0.98937523,1.086224556223546,"Infobox field family/Relatives: Previous Count Leisegang (Grandfather, Deceased) Count Groschel (Cousin) Eckhart (Nephew) Lamprecht (Nephew) Cornelius (Nephew) Rozemyne (Niece) | Infobox field family/Uncle: Claudio"
Bertilde,Previous Count Leisegang,family,undirected,2,0.988718735,0.9887912,1.0862185523073884,"Infobox field family/Offspring: Karstedt (Grandson) Count Leisegang (Grandson) Leberecht (Grandson) Claudio (Grandson) Elvira (Granddaughter) Eckhart (Great-Grandson) Lamprecht (Great-Grandson) Cornelius (Great-Grandson) Rozemyne (Great-Granddaughter) Traugott (Great-Grandson) Nikolaus (Great-Grandson) Oliswalt (Great-Grandson) Leberecht's Middle Son (Great-Grandson) Hartmut (Great-Grandson) Leonore (Great-Granddaughter) Brunhilde (Great-Granddaughter) Bertilde (Great-Granddaughter) | Infobox field family/Relatives: Previous Count Leisegang (Great-Great-Grandfather, Deceased) First Count Groschel (Great-Grandfather) Bezewanst (Granduncle) Veronica (Grandaunt)"
Irmhilde,Sylvester,family,undirected,2,0.988710725,0.98988765,1.0862097524229561,Infobox field family/Relatives: Georgine (Niece) Constanze (Niece) Sylvester (Nephew) | Infobox field family/Aunt: Irmhilde (Deceased) Unnamed Woman (Deceased)
Georgine,Irmhilde,family,undirected,2,0.988690365,0.98985463,1.0861873846767587,Infobox field family/Relatives: Georgine (Niece) Constanze (Niece) Sylvester (Nephew) | Infobox field family/Aunt: Irmhilde (Deceased) Unnamed Woman (Deceased)
Constanze,Irmhilde,family,undirected,2,0.9886718,0.9898526,1.0861669889396197,Infobox field family/Relatives: Georgine (Niece) Constanze (Niece) Sylvester (Nephew) | Infobox field family/Aunt: Irmhilde (Deceased) Unnamed Woman (Deceased)
Claudio,Rozemyne,family,undirected,2,0.988669725,0.9890877,1.0861647093191207,"Infobox field family/Relatives: Previous Count Leisegang (Grandfather, Deceased) Count Groschel (Cousin) Eckhart (Nephew) Lamprecht (Nephew) Cornelius (Nephew) Rozemyne (Niece) | Infobox field family/Grandmother: Veronica (Adoptive)|family/Uncle=Ferdinand (Adoptive) Claudio (Baptismal)"
Flutrane,Mestionora,family,undirected,2,0.98866842,0.98913234,1.086163275630084,Infobox field family/Relatives: Mestionora (Niece) | Infobox field family/Aunt: Flutrane Schutzaria
Georgine,Rudiger,family,undirected,2,0.98865125,0.9888754,1.0861444124570876,"Infobox field family/Relatives: Karstedt (Cousin) Wilfried (Nephew) Rozemyne (Niece, Adoptive) Charlotte (Niece) Melchior (Nephew) Henrietta (Niece) Rudiger (Nephew) Aurelia (Niece) Martina (Niece) Benedikta (Granddaughter) | Infobox field family/Aunt: Florencia Georgine (Deceased)"
Milda,Renate,family,undirected,2,0.988651235,0.98876137,1.0861443959779031,Infobox field family/Relatives: Renate (Niece) Knut (Nephew) }} | Infobox field family/Aunt: Milda
Bezewanst,Elvira,family,undirected,2,0.98864555,0.9892236,1.0861381503670422,"Infobox field family/Relatives: Sylvester (Nephew) Georgine (Niece) Florencia (Niece-in-law) Ferdinand (Nephew-in-law) Wilfried (Great nephew) Rozemyne (Great niece through adoption) Charlotte (Great niece) Melchior (Great nephew) Detlinde (Great niece) Elvira (Cousin) | Infobox field family/Uncle: Adelbert (In-Law, Deceased) Bezewanst (Cousin)"
Rozemyne,Rudiger,family,undirected,2,0.9886307999999999,0.98935246,1.0861219458357843,"Infobox field family/Relatives: Wilfried (Cousin) Charlotte (Cousin) Melchior (Cousin) Henrietta (Cousin) Detlinde (Cousin) Rozemyne (Adoptive Cousin) Bonifatius (Great Uncle) Bezewanst (Great Uncle, Deceased) | Infobox field family/Relatives: Detlinde (Cousin, Adoptive) Rudiger (Cousin, Adoptive) Traugott (Cousin, Baptismal) Previous Count Leisegang (Great-Grandfather, Baptismal, Deceased) Siegrecht (Nephew, Baptismal) Deid's Mother (Distant Cousin,Biological)"
Adelbert,Rozemyne,family,undirected,2,0.98862827,0.98900664,1.086119166346694,"Infobox field family/Offspring: Wilfried (Grandson) Rozemyne (Granddaughter, through Adoption) Charlotte (Granddaughter) Melchior (Grandson) Henriette (Granddaughter) Rudiger (Grandson) Detlinde (Granddaughter) Alstede (Granddaughter) Benedikta (Great-Granddaugher) | Infobox field family/Grandfather: Bonifatius (Baptismal) Adelbert (Adoptive, Deceased)"
Rozemyne,Veronica,family,undirected,2,0.988624605,0.98883224,1.086115139932656,"Infobox field family/Offspring: Wilfried (Grandson) Rozemyne (Granddaughter, Adoptive) Charlotte (Granddaughter) Melchior (Grandson) Henriette (Granddaughter) Wolfram (Grandson, Deceased) Detlinde (Granddaughter) Rudiger (Grandson) Alstede (Granddaughter) Benedikta (Great-Granddaugher) | Infobox field family/Grandmother: Veronica (Adoptive)|family/Uncle=Ferdinand (Adoptive) Claudio (Baptismal)"
Deid,Zasha,family,undirected,2,0.988602725,0.9895069,1.08609110229578,Infobox field family/Father: Deid | Infobox field family/Son: Zasha Sieg Ralph Lutz
Georgine,Melchior,family,undirected,2,0.9885887499999999,0.98893636,1.0860757491890458,"Infobox field family/Relatives: Karstedt (Cousin) Wilfried (Nephew) Rozemyne (Niece, Adoptive) Charlotte (Niece) Melchior (Nephew) Henrietta (Niece) Rudiger (Nephew) Aurelia (Niece) Martina (Niece) Benedikta (Granddaughter) | Infobox field family/Aunt: Constanze Georgine (Deceased)"
Deid,Ralph,family,undirected,2,0.9885612500000001,0.9893076,1.0860455373511075,Infobox field family/Father: Deid | Infobox field family/Son: Zasha Sieg Ralph Lutz
Adelbert,Detlinde,family,undirected,2,0.988507805,0.98905575,1.0859868220173396,"Infobox field family/Offspring: Wilfried (Grandson) Rozemyne (Granddaughter, through Adoption) Charlotte (Granddaughter) Melchior (Grandson) Henriette (Granddaughter) Rudiger (Grandson) Detlinde (Granddaughter) Alstede (Granddaughter) Benedikta (Great-Granddaugher) | Infobox field family/Grandfather: Adelbert (Deceased)"
Adelbert,Wilfried,family,undirected,2,0.988496765,0.98894453,1.0859746933376728,"Infobox field family/Offspring: Wilfried (Grandson) Rozemyne (Granddaughter, through Adoption) Charlotte (Granddaughter) Melchior (Grandson) Henriette (Granddaughter) Rudiger (Grandson) Detlinde (Granddaughter) Alstede (Granddaughter) Benedikta (Great-Granddaugher) | Infobox field family/Grandfather: Adelbert (Deceased)"
Adelbert,Rudiger,family,undirected,2,0.98845998,0.9889713,1.085934280884634,"Infobox field family/Offspring: Wilfried (Grandson) Rozemyne (Granddaughter, through Adoption) Charlotte (Granddaughter) Melchior (Grandson) Henriette (Granddaughter) Rudiger (Grandson) Detlinde (Granddaughter) Alstede (Granddaughter) Benedikta (Great-Granddaugher) | Infobox field family/Grandfather: Adelbert (Deceased)"
Magdalena,Raufereg,family,undirected,2,0.9884376500000001,0.98932856,1.085909748872228,Infobox field family/Relatives: Lestilaut (Nephew) Hannelore (Niece) Raufereg (Nephew) Lungtase (Niece) Kenntrips (Nephew) Rasantark (Nephew) Codenest (Nephew) | Infobox field family/Aunt: Magdalena
Detlinde,Rozemyne,family,undirected,2,0.988416635,0.9891641,1.0858866615349816,"Infobox field family/Relatives: Wilfried (Cousin) Charlotte (Cousin) Melchior (Cousin) Henriette (Cousin) Rudiger (Cousin) Rozemyne (Cousin, Adoptive) Aurelia (Cousin) Martina (Cousin) Letizia (Niece) Benedikta (Niece) Bezewanst (Granduncle, Deceased) | Infobox field family/Relatives: Detlinde (Cousin, Adoptive) Rudiger (Cousin, Adoptive) Traugott (Cousin, Baptismal) Previous Count Leisegang (Great-Grandfather, Baptismal, Deceased) Siegrecht (Nephew, Baptismal) Deid's Mother (Distant Cousin,Biological)"
Adelbert,Charlotte,family,undirected,2,0.988415275,0.9890864,1.0858851674222691,"Infobox field family/Offspring: Wilfried (Grandson) Rozemyne (Granddaughter, through Adoption) Charlotte (Granddaughter) Melchior (Grandson) Henriette (Granddaughter) Rudiger (Grandson) Detlinde (Granddaughter) Alstede (Granddaughter) Benedikta (Great-Granddaugher) | Infobox field family/Grandfather: Adelbert (Deceased)"
Adelbert,Melchior,family,undirected,2,0.988408265,0.9890542,1.0858774661501256,"Infobox field family/Offspring: Wilfried (Grandson) Rozemyne (Granddaughter, through Adoption) Charlotte (Granddaughter) Melchior (Grandson) Henriette (Granddaughter) Rudiger (Grandson) Detlinde (Granddaughter) Alstede (Granddaughter) Benedikta (Great-Granddaugher) | Infobox field family/Grandfather: Adelbert (Deceased)"
Karla,Sieg,family,undirected,2,0.98839082,0.98934734,1.0858583008587497,Infobox field family/Mother: Karla | Infobox field family/Son: Zasha Sieg Ralph Lutz
Constanze,Melchior,family,undirected,2,0.98834774,0.98901445,1.0858109726413538,"Infobox field family/Relatives: Karstedt (Cousin) Wilfried (Nephew) Melchior (Nephew) Charlotte (Niece) Henriette (Niece) Detlinde (Niece) Rozemyne (Niece, through adoption) Detlinde (Niece) Alstede (Niece) Wolfram (Nephew, Deceased) | Infobox field family/Aunt: Constanze Georgine (Deceased)"
Bezewanst,Irmhilde,family,undirected,2,0.9882841,0.9888403,1.085741056955303,"Infobox field family/Sister: Veronica (Half-Sister, In-Law) Bezewanst (Half-Brother, In-Law, Deceased) | Infobox field family/Sister: Veronica Irmhilde (Half-Sister, Deceased) Unnamed Woman (Half-Sister, In-Law, Deceased)"
Karla,Zasha,family,undirected,2,0.9882655,0.9892889,1.085720622766734,Infobox field family/Mother: Karla | Infobox field family/Son: Zasha Sieg Ralph Lutz
Barthold,Wilfried,service_retainer,directed,2,0.98825838,0.9882997,1.0857128006472385,"Infobox field occupation: Royal Academy Student Apprentice Scholar Wilfried's Retainer | Barthold (バルトルト, Barutoruto) is a mednoble apprentice scholar of the Former Veronica Faction and eventually becomes one of Wilfried's retainers."
Aurelia,Georgine,family,undirected,2,0.988236115,0.9887611,1.0856883400446313,"Infobox field family/Relatives: Karstedt (Cousin) Wilfried (Nephew) Rozemyne (Niece, Adoptive) Charlotte (Niece) Melchior (Nephew) Henrietta (Niece) Rudiger (Nephew) Aurelia (Niece) Martina (Niece) Benedikta (Granddaughter) | Infobox field family/Aunt: Georgine (Deceased)"
Laurenz,Rozemyne,service_retainer,directed,2,0.9882063000000001,0.9884576,1.0856555849192449,Infobox field occupation: Apprentice Knight Royal Academy Student Rozemyne's Retainer | Laurenz (ラウレンツ Raurentsu) is an apprentice medknight who serves as one of Rozemyne's name-sworn retainers.
Hortensia,Waldifried,service_retainer,directed,2,0.9882,0.9884008,1.085648663661826,"Infobox field occupation: Librarian Prince Waldifried's Retainer (Former) Third Prince's Retainer (Former) | Hortensia was originally born in Klassenberg, but managed to be recruited into the Sovereignty, where she became a scholar retainer to the king's second son Prince Waldifried."
Matthias,Rozemyne,service_retainer,directed,2,0.988189125,0.9884163,1.0856367162531868,"Infobox field occupation: Apprentice Knight Royal Academy Student Rozemyne's Retainer | Matthias (マティアス, Matiasu) is an adult mednoble knight who serves as one of Rozemyne's name-sworn retainers."
Rozemary,Traugott,family,undirected,2,0.98816812,0.98875254,1.0856136399020633,Infobox field family/Relatives: Traugott (Nephew) | Infobox field family/Aunt: Elvira Trudeliede Rozemary (Deceased)
Hartmut,Leonore,family,undirected,2,0.98815865,0.989665,1.0856032360436898,"Infobox field family/Relatives: Previous Count Leisegang (Great-Grandfather, Deceased) Hartmut (Cousin) | *Hartmut is a distant blood relative of Rozemyne and several of her other retainers, including Leonore, Brunhilde, Cornelius, and Traugott , all of whom are descendants of important Liesegang faction members."
Florencia,Rudiger,family,undirected,2,0.98815605,0.9883404,1.085600379651739,"Infobox field family/Relatives: Rudiger (Nephew) Detlinde (Niece, In-Law) Wolfram (Nephew, In-Law, Deceased) Alstede (Niece, In-Law) Several Unnamed Nieces (In-Law) | Infobox field family/Aunt: Florencia Georgine (Deceased)"
Elvira,Traugott,family,undirected,2,0.9881377,0.9897647,1.0855802201162421,Infobox field family/Relatives: Previous Count Leisegang (Great-Grandfather) Count Groschel (Cousin) Traugott (Nephew) | Infobox field family/Aunt: Elvira Trudeliede Rozemary (Deceased)
Irmhilde,Veronica,family,undirected,2,0.988132025,0.9888783,1.0855739854915039,"Infobox field family/Sister: Veronica (Half-Sister, In-Law) Bezewanst (Half-Brother, In-Law, Deceased) | Infobox field family/Sister: Irmhilde (In-Law, Deceased) Unnamed Woman (Half-Sister, In-Law, Deceased)"
Traugott,Rozemyne,service_retainer,directed,2,0.9881293,0.9883789,1.0855709917730172,"Infobox field occupation: Apprentice Knight Royal Academy Student Rozemyne's Retainer (Former) | He previously served as one of Rozemyne’s retainers, but later resigned."
Karla,Ralph,family,undirected,2,0.98810983,0.98896116,1.0855496017917567,Infobox field family/Mother: Karla | Infobox field family/Son: Zasha Sieg Ralph Lutz
Kamil,Tuuli,family,undirected,2,0.9880741500000001,0.9889113,1.0855104033052974,"Infobox field family/Sister: Tuuli Myne (Officially Deceased) | Tuuli (トゥーリ, Tuuri) is the oldest daughter of Gunther and Effa, as well as the older sister of Myne and Kamil."
Angelica,Rozemyne,service_retainer,directed,2,0.9880704499999999,0.9881517,1.0855063384398291,Infobox field occupation: Knight Rozemyne's Retainer | Angelica (アンゲリカ Angerika) is a medknight who serves Rozemyne as a retainer.
Rasantark,Werdekraf,family,undirected,2,0.9880487,0.9892519,1.0854824436225505,Infobox field family/Relatives: Hildebrand (Nephew) Kenntrips (Nephew) Rasantark (Nephew) Codenest (Nephew) | Infobox field family/Father: Aub Dunkelfelger's elder brother
Ferdinand,Valamarlene,family,undirected,2,0.98803985,0.9884701,1.085472720903796,"Infobox field family/Aunt: Irmhilde (Deceased) Valamarlene (Deceased) | Infobox field family/Relatives: Ferdinand (Nephew) Unnamed boy (Nephew, Deceased)"
Nahelache,Ralfrieda,family,undirected,2,0.98796655,0.9892497,1.0853921926230365,"Infobox field family/Offspring: Stephareine (Granddaughter) Nahelache's Child (Grandson) | Infobox field family/Daughter: Adolphine (In-Law, Former), Nahelache (In-Law), Eglantine (In-Law)"
Leberecht,Previous Count Leisegang,family,undirected,2,0.9879536,0.9888103,1.0853779655938982,Infobox field family/Offspring: Karstedt (Grandson) Count Leisegang (Grandson) Leberecht (Grandson) Claudio (Grandson) Elvira (Granddaughter) Eckhart (Great-Grandson) Lamprecht (Great-Grandson) Cornelius (Great-Grandson) Rozemyne (Great-Granddaughter) Traugott (Great-Grandson) Nikolaus (Great-Grandson) Oliswalt (Great-Grandson) Leberecht's Middle Son (Great-Grandson) Hartmut (Great-Grandson) Leonore (Great-Granddaughter) Brunhilde (Great-Granddaughter) Bertilde (Great-Granddaughter) | Infobox field family/Grandfather: Previous Count Leisegang (Deceased)
Adrett,Rozemyne,service_retainer,directed,2,0.98789112,0.9883292,1.0853093242981022,"Infobox field occupation: Library Magic Tool Rozemyne's Pseudo-Retainer | During her next term at the Royal Academy, Lady Rozemyne takes Adrett along with her to the academy, to serve her as a kind of retainer and scholar, alongside her Human personnel."
Strahl,Rozemyne,service_retainer,directed,2,0.98788935,0.9883459,1.0853073797543513,"Infobox field occupation: Alexandria's Knight's Commander Rozemyne's Retainer Ferdinand's Retainer (Former) Ahrensbach Knight Commander (Former) Gieselfried's Retainer (Former) Knight | After the Lanzenave invasion was defeated and the founding of Alexandria, Strahl joins Rozemyne's service as Aub Alexandria and is reinstated as the Knight Commander."
Leberecht,Florencia,service_retainer,directed,2,0.987879025,0.9882997,1.0852960365824709,"Infobox field occupation: Florencia's Retainer Adult Scholar | Leberecht (レーベレヒト, Reeberehito) is an archscholar who serves as Florencia's retainer."
Count Leisegang,Previous Count Leisegang,family,undirected,2,0.9878716000000001,0.9888776,1.0852878793862275,Infobox field family/Offspring: Karstedt (Grandson) Count Leisegang (Grandson) Leberecht (Grandson) Claudio (Grandson) Elvira (Granddaughter) Eckhart (Great-Grandson) Lamprecht (Great-Grandson) Cornelius (Great-Grandson) Rozemyne (Great-Granddaughter) Traugott (Great-Grandson) Nikolaus (Great-Grandson) Oliswalt (Great-Grandson) Leberecht's Middle Son (Great-Grandson) Hartmut (Great-Grandson) Leonore (Great-Granddaughter) Brunhilde (Great-Granddaughter) Bertilde (Great-Granddaughter) | Infobox field family/Grandfather: Previous Count Leisegang (Deceased)
Kazmiar,Melchior,service_retainer,directed,2,0.987867235,0.98836887,1.0852830839435874,Infobox field occupation: Ehrenfest's High Priest Melchior's Retainer Attendant | Kazmiar is an Ehrenfest archattendant who serves as Melchior's attendant.
Damuel,Rozemyne,service_retainer,directed,2,0.98783835,0.9881194,1.0852513505276293,"Damuel (ダームエル, Daamueru) is a layknight, who serves as Rozemyne’s retainer and lead guard knight at the temple. | Infobox field occupation: Bonifatius' Guard Knight Rozemyne's Guard Knight (Former)"
Codenest,Werdekraf,family,undirected,2,0.98761135,0.9891264,1.0850019655381016,Infobox field family/Relatives: Hildebrand (Nephew) Kenntrips (Nephew) Rasantark (Nephew) Codenest (Nephew) | Infobox field family/Father: Aub Dunkelfelger's Younger Brother
Ferdinand,Eckhart,service_retainer,directed,2,0.9874638200000001,0.9880927,1.0848398872671545,"Ferdinand also accepted Justus, Eckhart and Lasfam as his retainers after joining the Royal Academy. | He specializes in collecting information. * Sergius - An Ahrensbach noble assigned to be his attendant upon his arrival in Ahrensbach. *Eckhart - An archnoble who serves as a guard knight."
Rozemyne,Tuuli,family,undirected,2,0.98745843,0.9883803,1.0848339657469184,"Infobox field family/Sister: Charlotte (Adoptive) Henriette (Adoptive) Heidemarie (Baptismal, In-Law, Deceased) Tuuli (Biological) Aurelia (In-Law) | Infobox field family/Sister: Myne (Legally Deceased)"
Giebe Kirnberger,Alexis,service_retainer,directed,2,0.987338325,0.98776835,1.084702016917988,"Upon learning this, Giebe Kirnberger assigned one of his veteran knights to give Alexis extra lessons and training, so he would be a worthy retainer to a member of the archducal family. | Several years later Lord Wilfried lost many of his retainers, giving Alexis the chance to become his guard knight, at Lamprecht's invitation."
Lungtase,Raufereg,family,undirected,2,0.98730668,0.98834246,1.0846672513321132,"Infobox field family/Sister: Hannelore (Half-sister) Lungtase | In order to survive, remain in the archducal family, and not be held responsible to the foolish actions and schemes of her mother Lady Reichlene and her brother Raufereg, Lungtase seeks to be under Hannelore's protection."
Ottilie,Rozemyne,service_retainer,directed,2,0.9873053700000001,0.98789364,1.084665812150015,"Infobox field occupation: Attendant Rozemyne's Retainer | Ottilie (オティーリエ, Otiirie) is an Ehrenfest archattendant who served Rozemyne in the castle."
Thorsten,Wilfried,service_retainer,directed,2,0.987285935,0.98813117,1.0846444606201846,Infobox field occupation: Scholar Wilfried's Retainer | Thorsten is an Ehrenfest noble serves Wilfried as an adult archscholar.
Kamil,Myne,family,undirected,2,0.98720315,0.9886568,1.0845535120018672,"Infobox field family/Sister: Tuuli Myne (Officially Deceased) | Kamil (カミル Kamiru) is the youngest child of Gunther and Effa, a part of Myne's family."
Gabriele,Grausam,family,undirected,2,0.98719473,0.9875606,1.0845442616863967,"Infobox field family/Mother: Archattendant of Gabriele (Deceased) | Grausam's mother was one of the archnoble attendants that Lady Gabriele brought with her from Ahrensbach, when moving to Ehrenfest."
Benno,Milda,family,undirected,2,0.98719237,0.98752624,1.0845416689613956,Infobox field family/Sister: Corinna Milda | Milda is the sister of Benno and Corinna and the middle child between them.
Gudrun,Georgine,service_retainer,directed,2,0.9871729,0.9881024,1.0845202789801351,Infobox field occupation: Attendant Georgine's Retainer (Former) | At the royal academy and up to her marriage Gudrun served as one of Lady Georgine's retainers.
Andrea,Hannelore,service_retainer,directed,2,0.98712365,0.9879715,1.0844661723249183,Infobox field occupation: Apprentice Attendant Hannelore's Retainer | Andrea is an apprentice arch attendant from Dunkelfelger who serves Lady Hannelore at the Royal Academy.
Brunhilde,Hartmut,family,undirected,2,0.9870932,0.9874894,1.0844327195807282,"*The first time Brunhilde appears on page is in Part 3 Volume 3, as ""Count Groschel's daughter with crimson red hair"" during the first study material sales conducted by Rozemyne. *As Rozemyne is the baptized daughter of Elvira, Brunhilde is a distant ""blood"" relative of Rozemyne and several of her other fellow retainers, including Hartmut, Leonore, Cornelius, and Traugott, all of whom are descendants of important Liesegang faction members. | *Hartmut is a distant blood relative of Rozemyne and several of her other retainers, including Leonore, Brunhilde, Cornelius, and Traugott , all of whom are descendants of important Liesegang faction members."
Adolphine,Oderkunst,service_retainer,directed,2,0.9870743150000001,0.98742026,1.0844119722876568,"However, her retainer Oderkunst warns her that a more effective potion may simply prompt the royal family to work her even harder. | *Oderkunst - A sovereign scholar, formerly of Drewanchel, who was assigned as her retainer upon her marriage to Prince Sigiswald."
Reginald,Werdekraf's Elder Brother,family,undirected,2,0.98700167,0.9875234,1.0843321635979466,"He is the father of Reginald with his first wife , Kenntrips with his second wife, and Rasantark with his third wife. | Infobox field family/Son: Reginald Kenntrips Rasantark"
Reginald,Werdekraf,family,undirected,2,0.9869264,0.9876133,1.0842494710509785,Infobox field family/Uncle: Aub Dunkelfelger | Infobox field family/Father: Aub Dunkelfelger's Elder Brother
Bezewanst,Myne,enemy_rival,undirected,2,0.986817435,0.9869304,1.0841297607629437,"He bears a strong grudge against the commoner Myne. | In that version of story, the High Bishop is a kind old man, who tries to protect Myne from the High Priest, who views her as a threat and wants to eliminate her."
Letizia,Roswitha,enemy_rival,undirected,2,0.986806665,0.98693013,1.0841179287085947,"Shortly before Georgine, Detlinde and their Lanzenave allies launch their insurrection, they abduct and imprison Roswitha to isolate Letizia and make her easier to manipulate for their plans. | Initially she is kept, so she can be shipped to Lanzenave, but after Letizia is captured too, Detlinde decides that Roswitha's moaning in pain is ""too loud"" and has Leonzio kill her and present her feystone to the horrified girl she once served as a mother figure."
Rasantark,Werdekraf's Elder Brother,family,undirected,2,0.986765355,0.98712176,1.0840725450349498,"He is the father of Reginald with his first wife , Kenntrips with his second wife, and Rasantark with his third wife. | Infobox field family/Son: Reginald Kenntrips Rasantark"
Wilfried,Oswald,service_retainer,directed,2,0.98674885,0.9872357,1.0840544124391254,"Oswald - Wilfried's former head attendant. | Following the purge of the former Veronica faction, to the public Oswald resigned of his own volition to not give the Leisegangs an opening to exploit against his now former lord, but in truth it was an order from Aub Ehrenfest, with the lie serving both to protect Wilfried from the truth and allow Oswald a more graceful end to his service than being fired."
Gieselfried,Letizia's Brother,family,undirected,2,0.9867366,0.9888482,1.0840409544385892,Infobox field family/Grandfather: Gieselfried (Deceased) | Infobox field family/Grandmother: Gieselfried's First Wife (Deceased)
God of Darkness,Schutzaria,family,undirected,2,0.9867140750000001,0.98948985,1.084016208196787,Infobox field family/Daughter: Flutrane Schutzaria Geduldh | Infobox field family/Father: God of Darkness
Leonzio,Roswitha,enemy_rival,undirected,2,0.98668768,0.98736006,1.0839872103254276,"At the start of the Lanzenave invasion, she was murdered by Detlinde and Leonzio using an Instant-Death potion. | Initially she is kept, so she can be shipped to Lanzenave, but after Letizia is captured too, Detlinde decides that Roswitha's moaning in pain is ""too loud"" and has Leonzio kill her and present her feystone to the horrified girl she once served as a mother figure."
Waldifried,Hortensia,service_retainer,directed,2,0.98655683,0.98783886,1.0838434569074553,"After his death, his loyal retainer Hortensia, who was taken in by the third prince, was put in charge of cleaning up Waldifried's villa while the war still raged on. | *Hortensia - A former Klassenberg noble in charge of overseeing Waldifried's governmental documents and the bookshelves in his villa."
Arthur,Trauerqual,service_retainer,directed,2,0.9864744000000001,0.9866405,1.0837528982965006,"Following the abdication of Trauerqual from the position of Zent and his entire family moving to the newly created duchy of Blumenfeld, it is unknown whether he moved to Blumenfeld and continued to serve Hildebrand as an archduke candidate or if he was dismissed as a retainer as his lord was exploited by Raublut. | Originally born in Gilessenmeyer, Arthur managed to become a Sovereign Noble under the rule of Zent Trauerqual and was eventually assigned to be the head attendant of the Zent's third son, Prince Hildebrand."
Matthias,Veronica,family,undirected,2,0.98643413,0.98685676,1.0837086571796357,"His parents belonged to the former Veronica faction. | As the youngest son of Giebe Gerlach, Matthias was born into the former Veronica faction."
Bezewanst,Gabriele,family,undirected,2,0.9864148500000001,0.9883585,1.0836874759347104,Infobox field family/Mother: Gabriele | Infobox field family/Son: Bezewanst (Deceased) Unnamed Son
Barthold,Sylvester,enemy_rival,undirected,2,0.9864012,0.9870575,1.08367247987697,"His own decision to join Wilfried is partially fuelled by this same hated for the Leisegangs, and an even bigger hatred for Sylvester. | He is practically a worshipper of Veronica, and as such, has a very strong dislike of Sylvester for imprisoning her."
Jenni,Bezewanst,service_retainer,directed,2,0.98639833,0.98660856,1.0836693268597013,"Jenni (イェンニ, Ienni) was one of High Bishop Bezewanst's attendants. | Infobox field occupation: Bezewanst's Attendant"
Leonzio,Letizia,enemy_rival,undirected,2,0.986364095,0.98740005,1.083631715867999,She was killed by Leonzio at the behest of Detlinde during their insurrection. | When Ferdinand was poison by Letizia using Leonzio toys.
Lothar,Ferdinand,service_retainer,directed,2,0.9863425,0.9876151,1.0836079913356251,He previously served Hartmut and Ferdinand as a Temple attendant. | Infobox field occupation: Gray Priest Melchior's Attendant Hartmut's Attendant (Former) Ferdinand's Attendant (Former) }}
Aurelia,Nikolaus,family,undirected,2,0.98634237,0.9892714,1.0836078485160276,"Infobox field family/Sister: Rozemyne (Half-Sister) Aurelia (Half-Sister, In-Law) | Infobox field family/Brother: Eckhart (In-Law) Cornelius (In-Law) Nikolaus (In-Law)"
Ferdinand,Irmhilde,family,undirected,2,0.98633158,0.9882881,1.083595994489433,Infobox field family/Aunt: Irmhilde (Deceased) Valamarlene (Deceased) | Ferdinand was able to escape the villa and find safety in Ehrenfest under the care of Adelbert and his half-sister Irmhilde.
Rauchelstra,Schubankheit,family,undirected,2,0.98623982,0.98775804,1.0834951858258246,Infobox field family/Relatives: Descendant of Rauchelstra | He was descendant of Zent Rauchelstra.
Ferdinand,Florencia,family,undirected,2,0.98622447,0.9895175,1.0834783221271935,Infobox field family/Sister: Florencia (In-Law) Georgine (Half-Sister) Constanze (Half-Sister) | Infobox field family/Brother: Aub Frenbeltag Ferdinand (In-Law) Gieselfried (In-Law)
Rasantark,Lestilaut,service_retainer,directed,2,0.986171675,0.98826575,1.0834203208914133,"Infobox field occupation: Royal Academy Student Apprentice Knight Lestilaut's Retainer | Rasantark is an Dunkelfelger apprentice archknight, currently serving his cousin Lestilaut as a guard knight and attending the Royal Academy."
Nicola,Rozemyne,service_retainer,directed,2,0.98616087,0.9869039,1.0834084503856343,Nicola (ニコラ Nikora) is a gray shrine maiden who served as one of Rozemyne's attendants at the Ehrenfest temple. | Infobox field occupation: Rozemyne's attendant
Curtiss,Immanuel,service_retainer,directed,2,0.986157575,0.98818165,1.0834048304581432,Curtiss is a sovereign blue priest who served Relichion prior to becoming Immanuel's attendant after the latter became the Sovereign High Bishop. | Curtiss becomes Immanuel's attendant and works in the Sovereign High Bishop's office after Immanuel's succeeds as the new Sovereign High Bishop.
Oderkunst,Adolphine,service_retainer,directed,2,0.98604052,0.98822844,1.0832762323966931,"Infobox field occupation: Scholar Adolphine's Retainer | When Prince Sigiswald married Lady Adolphine, he was assigned to be her retainer, which also reunited him with his younger sister Lisbeth, who serves as Adolphine's attendant and thus accompanied her to the Sovereignty, upon her engagement."
Viscount Dahldolf,Myne,service_retainer,directed,2,0.986009005,0.98603815,1.0832416096304156,"Some time later, Shikikoza participated in a trombe extermination as a knight, where he was assigned to guard Myne. | He also pays a “hefty fee,” which covers half the cost of Myne’s replacement ceremonial robes."
Constanze,Sylvester,family,undirected,2,0.9859845,0.9883913,1.0832146881362819,"Infobox field family/Sister: Georgine Constanze | Constanze's face was in large parts inherited from her father's side, making her resemble Sylvester far more than her mother or sister."
Adelbert,Elvira,family,undirected,2,0.98595255,0.9895865,1.083179587473659,"Infobox field family/Relatives: Karstedt (Nephew) Elvira (Niece, In-Law) Trudeliede (Niece, In-Law) Rozemary (Niece, In-Law, Deceased) Veronica (Cousin) Fourth Aub Ehrenfest (Grandfather) | Infobox field family/Uncle: Adelbert (In-Law, Deceased) Bezewanst (Cousin)"
Cassandra,Charlotte,service_retainer,directed,2,0.9858359,0.9884278,1.0830514343501858,Infobox field occupation: Royal Academy Student Charlotte's Retainer | Cassandra chooses to give her name to Lady Charlotte and thus becomes her apprentice attendant.
Gabriele,Gieselfried,family,undirected,2,0.9856813499999999,0.9859547,1.082881643820972,"Infobox field family/Aunt: Gabriele (Deceased) | Infobox field family/Relatives: Gieselfried (Nephew) Brother of Gieselfried (Nephew) Georgine(Niece, In-Law) Adelbert (Nephew, In-Law, Deceased) Bonifatius (Nephew, In-Law) Irmhilde (Niece, In-Law, Deceased) Unnamed Woman (Adelbert's half-sister) (Niece, In-Law, Deceased)"
Flutrane,Goddess of Light,family,undirected,2,0.9855589,0.9894656,1.0827471187462248,Infobox field family/Daughter: Flutrane Schutzaria Geduldh | Infobox field family/Mother: Goddess of Light
Elvira,Rozemary,romantic,undirected,2,0.98541497,0.98559254,1.0825889954795167,"Due to his deep love for Rozemary, Karstedt took her side in this family struggle, forcing his first wife Elvira to take Trudeliede's side to keep the balance. | Elvira’s husband Karstedt also married a second wife, Trudeliede, and a third wife, Rozemary."
Aurelia,Cornelius,family,undirected,2,0.98535835,0.9872362,1.0825267920517323,"Infobox field family/Sister: Rozemyne Heidemarie (In-law, Deceased) Aurelia (In-Law) | Infobox field family/Brother: Eckhart (In-Law) Cornelius (In-Law) Nikolaus (In-Law)"
Benno,Hasse's Mayor,enemy_rival,undirected,2,0.985242825,0.98603225,1.082399874867084,"Unaware of Bezewanst's demise, Hasse's mayor is very uncooperative and exceptionally rude to Benno, believing that his connection to the High Priest will shield him from any consequence for his actions. | Rozemyne, after meeting with Benno decides to spread rumors through the merchants to spread unease and to turn the town against him."
Cornelius,Heidemarie,family,undirected,2,0.985051715,0.9880306,1.0821899190725965,"Infobox field family/Sister: Rozemyne Heidemarie (In-law, Deceased) Aurelia (In-Law) | Infobox field family/Brother: Lamprecht (In-Law) Cornelius (In-Law)"
Lamprecht,Rozemyne,family,undirected,2,0.984939515,0.9871338,1.082066654773808,"Infobox field family/Sister: Rozemyne Heidemarie (In-law, Deceased) | Lamprecht is the second son of Karstedt and Elvira, and a brother of Eckhart, Cornelius, and Rozemyne."
Kamil,Renate,family,undirected,2,0.98486775,0.9872892,1.081987812862912,"Renate (レナーテ, Renaate) is the daughter of Otto and Corinna, who was born the same year as Kamil. | Ever the doting father, Otto immediately latches on to this and starts pressuring Kamil to join his store."
Gabriele,Matthias,family,undirected,2,0.984771025,0.98846555,1.0818815495892904,"Infobox field family/Grandmother: Archattendant of Gabriele (Deceased) | Matthias grandmother was one of the archnoble attendants that Lady Gabriele brought with her from Ahrensbach, when moving to Ehrenfest."
Aurelia,Rozemyne,family,undirected,2,0.984721085,0.98828447,1.0818266848915943,"Infobox field family/Sister: Charlotte (Adoptive) Henriette (Adoptive) Heidemarie (Baptismal, In-Law, Deceased) Tuuli (Biological) Aurelia (In-Law) | Infobox field family/Sister: Martina Rozemyne (In-Law) 2 half-sisters from father's second wife (Deceased)"
Cordula,Sieglinde,service_retainer,directed,2,0.98468885,0.9881655,1.081791271124469,"Infobox field occupation: Hannelore's Head Attendant Sieglinde's Retainer (Former) | Before being assigned to Lady Hannelore, Cordula was one of Lady Sieglinde's attendants."
Rozemyne,Thore,family,undirected,2,0.98465365,0.9850146,1.081752599971908,"To escape the fate of being split up with his sister, the two agree to go with Rozemyne. | In the year in which Rozemyne took up the mantle of High Bishop the mayor signed a contract with a noble to sell Thore's sister Nora and her friend Marthe with Lord Kantna as the middleman."
Ferdinand,Gervasio,family,undirected,2,0.984605215,0.98977053,1.0816993886857063,Infobox field family/Relatives: Ferdinand (Nephew) Leonzio (Cousin) | Infobox field family/Uncle: Bezewanst (In-Law) (Deceased) Bonifatius Gervasio
Lutz,Tuuli,romantic,undirected,2,0.984535825,0.98462415,1.0816231559789957,Infobox field family/Spouse: Lutz (Engaged) | Infobox field family/Spouse: Tuuli (Engaged)
Shikikoza,Viscount Dahldolf,romantic,undirected,2,0.9845008,0.9852019,1.0815846770835849,"He later married an ambitious noblewoman named Gloria as his second wife, and had a second son named Shikikoza. | Shikza was born to Gloria when she was the second wife of Viscount Dahldolf."
Ferdinand,Hasse's Mayor,enemy_rival,undirected,2,0.984486835,0.9855493,1.0815693349629738,"This leaves the mayor with no goods to sell, and once Rozemyne and Ferdinand are gone, he attacks the monastery to get the orphans back, inadvertently committing treason. | To make sure that the seed of rebellion was entirely quashed, Ferdinand uses a shield of Schutzaria and orders all the citizens of Hasse and the surrounding villages to attempt to pass through it, calling it the ""Door of Judgement""."
Fran,Margaret,enemy_rival,undirected,2,0.984469,0.9853387,1.0815497412128054,"She seemed to have a preference for young and slim boys, with Fran being her most frequent victim. | Although Fran didn't realize it, this experience earned him the intense hatred of Arno, a fellow gray priest who served Sister Margaret alongside him."
Bonifatius,Irmhilde,family,undirected,2,0.98446272,0.98888844,1.0815428419276325,"Infobox field family/Sister: Irmhilde (Half-Sister, Deceased) Veronica (In-Law) Unnamed Younger Sister (Deceased) | Apart from his brother, Bonifatius had two sisters, Irmhilde and an unnamed girl."
Magdalena,Werdekraf's Elder Brother,family,undirected,2,0.9844134499999999,0.9858758,1.0814887133001698,Infobox field family/Sister: Magdalena | Werdekraf's Elder Brother is a member of Dunkelfelger's archducal family and the elder brother of Werdekraf and Magdalena.
Ewigeliebe,Goddess of Light,romantic,undirected,2,0.9843949949999999,0.98440474,1.0814684384103823,"However, the God of Life Ewigeliebe fell in love with Geduldh. | When the God of Darkness married the Goddess of Light, they had four children."
Aurelia,Karstedt,family,undirected,2,0.9843745749999999,0.9848889,1.081446004747448,"Infobox field family/Father: Gieselfried's Younger Brother (Deceased) Karstedt (In-Law) | Infobox field family/Daughter: Heidemarie (In-Law, Deceased) Rozemyne Aurelia (In-Law)"
Raufereg,Rasantark,service_retainer,directed,2,0.98436673,0.98544216,1.0814373861340432,If Rasantark wins: Raufereg would be demoted to an archnoble and his retainers would be dismissed. | If Raufereg wins: Rasantark and Kenntrips would lose their retainerships to Lestilaut and their suitor statuses.
Goddess of Light,Schutzaria,family,undirected,2,0.984309405,0.98929346,1.0813744081845953,Infobox field family/Daughter: Flutrane Schutzaria Geduldh | Infobox field family/Mother: Goddess of Light
Rick,Rozemyne,family,undirected,2,0.98427463,0.98562336,1.081336203942257,"To escape the fate of being split up with his sister Marthe, the two agree to go with Rozemyne. | In the year in which Rozemyne took up the mantle of High Bishop, the mayor signed a contract with a noble to sell Rick's sister Marthe and her friend Nora, with Lord Kantna as the middleman."
Elvira,Florencia,romantic,undirected,2,0.9841896,0.9845014,1.0812427889393514,"When Sylvester married his first wife, Florencia, she was also targeted by Veronica and eventually joined Elvira’s faction. | *Privately, Florencia thinks that Elvira is more reliable than her husband Sylvester."
Zahm,Shikikoza,service_retainer,directed,2,0.98407585,0.9871645,1.0811178217915154,"Prior to that, he served under Shikikoza, but returned to the orphanage for a short time after his master returned to noble society, before being taken into Ferdinand's service. | Zahm is a very calm and patient person, likely due to having to put up with serving Shikikoza."
Fran,Myne,service_retainer,directed,2,0.98399802,0.9839987,1.0810323167970886,Infobox field occupation: Rozemyne's Head Attendant Ferdinand's Attendant (Former) Myne's Head Attendant (Former) | He previously served under Ferdinand and Myne.
Eckhart,Wilfried,service_retainer,directed,2,0.9839856499999999,0.9857869,1.0810187269630775,"However, he refused to serve another master and flatly turned down his father's request that he become a retainer to Wilfried. | It was around this time that Veronica looked for a new guard knight for her grandson Wilfried."
Georgine,Seltier,romantic,undirected,2,0.983949835,0.9861459,1.080979380163959,"When Georgine married into Ahrensbach, Seltier moved with her. | When Georgine visits Ehrenfest under the excuse of forming bonds in preparation for Detlinde's marriage to Ferdinand, Seltier accompanies her lady."
Leckle,Gunther,service_retainer,directed,2,0.98384752,0.98422194,1.080866975647644,"Leckle is a soldier and a subordinate of Gunther. | This led Leckle to complain to his superior captain Gunther, who in turn decided to talk to Otto and ask him to take on some more apprentices for doing paperwork."
Lestilaut,Werdekraf,family,undirected,2,0.983838915,0.98968023,1.0808575220888998,"Infobox field family/Father: Werdekraf | They have two children together, Lestilaut and Hannelore."
Damuel,Philine,romantic,undirected,2,0.9838269,0.9842791,1.0808443222622515,Infobox field family/Spouse: Philine (Engaged) | Infobox field family/Spouse: Damuel (Engaged)}}
Letizia,Letizia's Brother,family,undirected,2,0.9838179,0.9860989,1.0808344347516536,"He is the biological brother of Letizia and was recently adopted by Aub Drewanchel and his second wife. | Infobox field family/Sister: Letizia Adolphine (Half Brother, Adoptive)"
Rick,Thore,family,undirected,2,0.9838152,0.9840443,1.0808314684984741,The same goes for Marthe and her brother Rick. | The same goes for Nora and her brother Thore.
Goddess of Light,Leidenschaft,family,undirected,2,0.9838105500000001,0.9847162,1.080826359951332,Infobox field family/Son: Leidenschaft Ewigeliebe (In-Kaw) | Infobox field family/Mother: Goddess of Light
Brigitte,Elvira,romantic,undirected,2,0.9837903,0.9864638,1.0808041130524864,"To prevent Rozemyne from making rash decisions in order to support her knights' marriage, Elvira soon finds a suitable mednoble husband for Brigitte. | At Lady Elvira's suggestion, Brigitte resigns from Lady Rozemyne's service a few days later, supposedly to concentrate entirely on finding a suitable husband before she turns twenty, though in all due likelihood Brigitte would put her own need to help Illgner above the needs of Rozemyne proved her unsuitable to remain a guard knight for her daughter in Elvira's eyes."
Heidemarie,Siegrecht,family,undirected,2,0.983650385,0.98924583,1.0806504007141173,"Infobox field family/Relatives: Siegrecht (Nephew) | Infobox field family/Aunt: Rozemyne Heidemarie (In-Law, Deceased)"
Kazmiar,Rozemyne,service_retainer,directed,2,0.983635245,0.98469573,1.080633767724067,He accepted the suggestions by Rozemyne and her retainers for them to take Lothar and Gido as High Bishop attendants and Bartz as a workshop manager. | Kazmiar assumed the role of High Priest to assist his lord after Hartmut left the post alongside Rozemyne's move to Alexandria.
Wilma,Rozemyne,service_retainer,directed,2,0.9835474,0.9849631,1.080537260127569,"Wilma (ヴィルマ, Viruma) is a gray shrine maiden who serves as one of Rozemyne’s attendants at the Ehrenfest temple. | Infobox field occupation: Rozemyne's attendant Managing the orphanage Christine's Attendant (Former)"
Eckhart,Justus,service_retainer,directed,2,0.9834548350000001,0.9875051,1.0804355670810684,"Eckhart (エックハルト, Ekkuharuto) is an Ehrenfest archknight who serves Ferdinand as a name-sworn retainer alongside Justus. | During his time at the Royal Academy, Eckhart grew to deeply admire Ferdinand and dedicated himself to serving him as a guard knight alongside the scholar Justus."
Bonifatius,Gudrun,family,undirected,2,0.9833860999999999,0.9856208,1.0803600539654066,"Infobox field family/Daughter: Elvira (In-Law) Trudeliede (In-Law) Rozemary (In-Law, Deceased) Gudrun (In-Law) | She then summons the entire family, including Karstedt and Bonifatius, to discuss how to punish him."
Georgine,Matthias,family,undirected,2,0.9831743749999999,0.9850996,1.0801274502785883,"Recently, however, it has been growing considerably, after his father taught him a mana compression technique he in turn received from Georgine of Ahrensbach. *Mana Affinities: Matthias has natural affinities for Fire, Wind and Earth. | Growing up, Matthias began to suspect that his father might be loyal to Georgine, rather than to the nobles of Ehrenfest."
Immanuel,Raublut,enemy_rival,undirected,2,0.98310163,0.9860978,1.0800475317276492,"Due to Relichion refusing to cooperate with Raublut, the Sovereign Knight's Commander has him assassinated with poison, which results in Immanuel being promoted to Sovereign High Bishop. | Especially talks between Immanuel and the Sovereign Knight's Commander Raublut tend to escalate into acidic verbal spats."
Elvira,Trudeliede,romantic,undirected,2,0.98309188,0.98502666,1.0800368202578348,"Elvira’s husband Karstedt also married a second wife, Trudeliede, and a third wife, Rozemary. | Her marriage to Karstedt only happened at the insistence of Veronica, making Elvira later remark that the marriage was practically forced on Karstedt."
Christine,Wilma,service_retainer,directed,2,0.98306917,0.98415554,1.080011870772759,"*She was a night owl, rising late and playing music until late in the evening. *Her retainers played songs for her to wake up in the morning and getting her dressed. *She returned to the Nobles' Quarter on a regular basis. *She thinks of her time in the temple as a blissful time to enjoy. *She graduated from the Royal Academy three years before Rozemyne's entry. *In addition to Wilma and Rosina, Jenni was also one of Christine's attendants. | Wilma and Rosina became Christine's attendants due to their skill in drawing and playing harspiel, respectively."
Christine,Georgine,romantic,undirected,2,0.9830136700000001,0.9844779,1.0799508977907382,"While her husband isn't name-sworn to Georgine, he still was involved in a severe crime, resulting him him, and by association his wife, receiving severe punishment and only just avoiding the death penalty. | In the purge of the former Veronica faction and the Georgine supporters, Christine's husband is found guilty of crimes against Ehrenfest."
Christine,Rosina,service_retainer,directed,2,0.9828483699999999,0.98333204,1.079769297179421,"*She was a night owl, rising late and playing music until late in the evening. *Her retainers played songs for her to wake up in the morning and getting her dressed. *She returned to the Nobles' Quarter on a regular basis. *She thinks of her time in the temple as a blissful time to enjoy. *She graduated from the Royal Academy three years before Rozemyne's entry. *In addition to Wilma and Rosina, Jenni was also one of Christine's attendants. | Wilma and Rosina became Christine's attendants due to their skill in drawing and playing harspiel, respectively."
Reginald,Lestilaut,service_retainer,directed,2,0.9827955500000001,0.9879831,1.0797112684783339,Infobox field occupation: Attendant Lestilaut's Retainer | Reginald is an adult archattendant from Dunkelfelger who serves Lord Lestilaut.
Florencia,Lieseleta,family,undirected,2,0.9826854199999999,0.9868182,1.0795902783069826,"Angelica and Lieseleta's mother. *Fonbart - Retainer who contacted the vice commander during the Defense of Ehrenfest. | *Lieseleta loves shumil so much that she made clothes for her pet shumils. *Her father served the Sixth Aub Ehrenfest before his death, while her mother serves Florencia."
Jeremias,Shikikoza,family,undirected,2,0.98266657,0.9880415,1.0795695694653413,"His father later married Gloria, his second wife, and the couple had a son named Shikikoza, Jeremias's half-brother. | Shikikoza was granted the status of a mednoble and allowed to serve in the Knight's Order, and Gloria began planning once again to make him his father’s heir."
Fey,Myne,enemy_rival,undirected,2,0.982544455,0.98650545,1.0794354124257106,Fey is deathly scared of Myne because she got mad at him and crushed him. | Myne got so mad that they feared Myne from then on.
Strahl,Gieselfried,service_retainer,directed,2,0.9823721000000001,0.9883264,1.0792460611046972,Infobox field occupation: Alexandria's Knight's Commander Rozemyne's Retainer Ferdinand's Retainer (Former) Ahrensbach Knight Commander (Former) Gieselfried's Retainer (Former) Knight | Strahl became the commander of Ahrensbach's Knight's Order under the rule of Gieselfried.
Constanze,Florencia,family,undirected,2,0.98231073,0.98622316,1.0791786392685416,Infobox field family/Sister: Constanze (In-Law) Georgine (In-Law) | Infobox field family/Sister: Georgine (Deceased) Florencia (In-Law)
Karstedt,Myne,service_retainer,directed,2,0.9822418,0.9856915,1.0791029119234838,"Karstedt was responsible to choose to knights to guard Myne during the trombe extermination. | As punishment, his pay got reduced, and he had to pay half the price of Myne's new ceremonial clothes."
Fritz,Shikikoza,service_retainer,directed,2,0.98199046,0.98227686,1.0788267867108499,"Fritz was previously an attendant of Shikikoza, but was returned to the orphanage when his master returned to noble society. | Fritz is very restrained and patient as he had to be to survive as Shikikoza's attendant."
Fatiehe,Martina,romantic,undirected,2,0.981588785,0.98171747,1.0783855016197992,"Martina in turn envies Fatiehe for being engaged to a noble from another duchy and about to marry in the coming spring, thus escaping both Ahrensbach and Detlinde's service. | She is already engaged and will marry into another duchy come next Spring, which in turn makes Martina envious of her, since Martina being one of Detlinde's favorites is unlikely to ever be able to leave her lady's service."
Magdalena,Waldifried,family,undirected,2,0.981451535,0.98861337,1.0782347170831794,"Infobox field family/Sister: Eglantine's mother (Deceased, In-Law) Magdalena (In-Law) | Infobox field family/Brother: Werdekraf Waldifried (Deceased, In-Law) Elder Brother Younger Brother"
Myne,Viscount Dahldolf,family,undirected,2,0.9814315849999999,0.9820356,1.0782127997680204,"Aub Ehrenfest signed an agreement with Viscount Dahldolf that pardoned the rest of his family from collective punishment in exchange for their promise never to approach Myne again. | As stipulated by the magic contract Viscount Dahldolf signs after Shikikoza’s execution, he and his family are prohibited from approaching Myne."
Heidemarie,Lamprecht,family,undirected,2,0.981230735,0.9842205,1.0779921434898416,"Infobox field family/Sister: Rozemyne Heidemarie (In-law, Deceased) | Infobox field family/Brother: Lamprecht (In-Law) Cornelius (In-Law)"
Hannelore,Raufereg,family,undirected,2,0.98117362,0.98729324,1.0779293962489742,"Infobox field family/Sister: Hannelore (Half-sister) Lungtase | When Hannelore returned the duchy and held a conversation with her parents and elder brother, her father Aub Dunkelfelger ordered her to hold a mock ditter in the dormitory."
Georgine,Rihyarda,family,undirected,2,0.9810818299999999,0.98198986,1.0778285546269972,"Veronica made it no secret, that she wanted to make her son the next Aub, and for that purpose reassigned Rihyarda - who've been more of a mother to Georgine than her actual mother ever was - to him and stopped training her daughter in archduke candidate lessons. | Only Rihyarda would at times step in to hold Veronica back, when she went too far, though Georgine enjoyed a deep connection with her uncle Bezewanst who doted on her, albeit they were only able to meet rarely on account of their respective positions."
Gervasio,Valamarlene,family,undirected,2,0.9807563699999999,0.9817292,1.0774710002715273,"Infobox field family/Sister: Seradina Valamarlene Unnamed Sister | Little is known about Valamarlene's appearance, beyond the colours of her eyes and hair - gold and blond repsectively and that she shared a very strong resemblance with her brother Gervasio."
Rozemyne,Siegrecht,family,undirected,2,0.980654805,0.98806506,1.077359419714429,"Infobox field family/Relatives: Detlinde (Cousin, Adoptive) Rudiger (Cousin, Adoptive) Traugott (Cousin, Baptismal) Previous Count Leisegang (Great-Grandfather, Baptismal, Deceased) Siegrecht (Nephew, Baptismal) Deid's Mother (Distant Cousin,Biological) | Infobox field family/Aunt: Rozemyne Heidemarie (In-Law, Deceased)"
Lutz,Ralph,family,undirected,2,0.98062303,0.9810317,1.0773245113089565,"Having already moved out of his family home, Lutz has passed on this responsibility to Ralph. | He is the third of four brothers and the next-older brother of Lutz."
Oderkunst,Sigiswald,service_retainer,directed,2,0.9803195,0.98067415,1.0769910495209771,"After the divorce with Lord Sigiswald, its unclear if he remained in her service. | When Prince Sigiswald married Lady Adolphine, he was assigned to be her retainer, which also reunited him with his younger sister Lisbeth, who serves as Adolphine's attendant and thus accompanied her to the Sovereignty, upon her engagement."
Rozemyne,Trudeliede,family,undirected,2,0.98016693,0.98261976,1.076823434244095,"Ever since Rozemyne has been baptized as Karstedt's and Elvira's daughter and subsequently adopted by Aub Ehrenfest, Trudeliede used her position within the family to glean information and pass it on to fellow members of the former Veronica faction. | At some non-specified point in time between his baptism and ninth year of life, Nikolaus voices his wish to become his half-sister Rozemyne's guard knight, but Trudeliede forbids it on the grounds that she will not have her son serve someone who grew up in the Temple."
Adelbert,Aub Frenbeltag,family,undirected,2,0.979944735,0.98143137,1.0765793280866143,"Infobox field family/Father: Former Aub Frenbeltag (Deceased) Adelbert (In-Law, Deceased) | Infobox field family/Son: Sylvester Ferdinand Aub Frenbeltag (In-Law) Gieselfried (In-Law)"
Fairseele,Letizia,family,undirected,2,0.979941455,0.98652285,1.0765757246383074,"*Fairseele - Strahl's daughter. | Soon after she and her lady, Letizia, were rescued from Lanzenave ships, Fairseele asked Ferdinand about her father Strahl and whether he was able to save the citizens of Ahrensbach."
Gudrun,Rozemyne,service_retainer,directed,2,0.97990015,0.9840636,1.076530346457724,"When Rozemyne entered the Royal Academy, the family nominated Traugott to serve as one of her retainers and guard knights. | When Traugott's failings as a retainer come to light, Rozemyne successfully convinces him to resign from his position instead of firing him, effectively limiting the damage done to his family's reputation."
Leon,Benno,service_retainer,directed,2,0.979892975,0.98371845,1.076522463914553,"When the topic of food comes up, he decides to report to Benno and organize the proper means to serve food to Sylvester. | The eatery needed qualified waiters, which is why Benno instructs Leon to train in the temple."
Ferdinand,Magdalena,romantic,undirected,2,0.97969127,0.9840045,1.076300868322867,"Toward this purpose, they pressured their Aub to arrange an engagement between Ferdinand and Magdalena. | During her time at the Royal Academy, a large group of Dunkelfelger knights made it their goal to rescue Ferdinand from the deprivations he had to suffer at the hands of Lady Veronica and her faction by marrying him into their own duchy."
Benno,Mark,family,undirected,2,0.9795054350000001,0.98388207,1.0760967077082026,"When Benno's father died, Mark decided to stay with the Gilberta Company and support Benno when he takes over the company. | When his family tried to crush and absorb the Gilberta Company shortly after the death of Benno's parents, Mark was so disgusted and angered by this betrayal that he turned on his own family and brought their store to ruin."
Brigitte,Damuel,romantic,undirected,2,0.979495385,0.9848202,1.0760856666547014,"As a result, Damuel ends up turning down the engagement with Brigitte. | As promised, Damuel works hard to increase his mana capacity and proposes to Brigitte at the next Starbind Ceremony."
Marthe,Nora,family,undirected,2,0.9794939,0.9804177,1.0760840352154526,The same goes for Marthe and her brother Rick. | The same goes for Nora and her brother Thore.
Raublut,Waldifried,romantic,undirected,2,0.979492885,0.9860911,1.0760829201239797,"To forge a stronger bond between those of Trauerqual's retainers who were formerly in the second and third princes' employ and strengthen the relationship to Klassenberg, Raublut agreed to marry Hortensia, a former Klassenberg noble and scholar of Prince Waldifried. | He also came to believe that Gervasio, due to his intellect and mana capacity surpassing that of any of the royal princes - including the chosen successor Second Prince Waldifried- would be best suited to became the next Zent of Yurgenschmidt."
Rozemyne,Uderick,romantic,undirected,2,0.9793441,0.98264056,1.0759194630946103,"Thanks to the Rozemyne Mana Compression, Lieseleta's mana has grown to a capacity of an archnoble, which also opened the gap between her and her fiancé Uderick - a fellow mednoble - beyond the point, where the two are able to sense each other's mana, forcing the families to cancel it. | Upon learning that Rozemyne will most likely be adopted by the king and move to the Sovereignty, Lieseleta initially believes she will not be able to follow her lady, since she is the successor of her house and already engaged."
Nicola,Myne,service_retainer,directed,2,0.97911512,0.98136824,1.075667902852751,"After Myne dismissed Delia from her service, Fran asked Myne to consider taking on a new attendant, so she had someone to direct her compassion towards. | They did this partially so that Myne would learn who they were and take them on as attendants."
Raufereg,Lungtase,service_retainer,directed,2,0.97862953,0.9873116,1.0751344277114965,"Raufereg, without his sisters permission, ordered Lungtase's retainers to fight on his side. | Prior to the match, Lungtase contacts Hannelore, becomes under her protection, and allows her to use her retainers."
Lasfam,Justus,service_retainer,directed,2,0.9786198500000001,0.9856549,1.0751237931445423,"Upon his entry into the temple, Ferdinand offered to return Eckhart and Justus's names, but asked Lasfam to stay in his service and care for the mansion in his absence, to which Lasfam happily agreed. | He orders Eckhart and Justus to come with him to Ahrensbach."
Lutz,Wolf,enemy_rival,undirected,2,0.9782626999999999,0.9843062,1.0747314237656445,"Lutz commented to Myne that Wolf ""had a nasty look in his eyes."" | Having failed to see Myne for himself, Wolf used his men to ambush Lutz when he was by himself in order to find out more about the ""Gilberta Company girl""."
Gustav,Henrik,romantic,undirected,2,0.9777821,0.981831,1.0742034306997106,"*Gustav selected Henrik to be Freida's contract holder because he believed he would treat her well and allow her to be a merchant rather than just a concubine. *Because his family has extremely low status, even among laynobles, their estate is located close to the gates of the Noble’s Quarter. *Although she appears earlier, his wife's name (Juliane) is eventually mentioned in Damuel's side-story at the end of Part 3 Volume 5. | When he was 17, he signed a contract with Gustav to treat Freida’s Devouring and eventually take her as a mistress after she came of age."
Andrea,Rozemyne,romantic,undirected,2,0.9777733500000001,0.9778668,1.0741938178421848,"At the recommendation of Aub Dunkelfelger, Andrea wishes to marry into Alexandria to deepen the friendship between Hannelore and Rozemyne. | However, due to Rozemyne's must trusted retainers being mednobles and laynobles, a marriage with an archnoble girl like Andrea would not be possible."
Immanuel,Rozemyne,romantic,undirected,2,0.977662,0.98055214,1.0740714873638415,"The next year the royal family arranges for Rozemyne to hold the Starbind Ceremony, in which Prince Sigiswald and Lady Adolphine are to be married. | Since their meeting at the inquiry into the Ternisbefallen incident, Immanuel is very open in his attempts to win Lady Rozemyne for the Sovereign Temple."
Fraularm,Rozemyne,enemy_rival,undirected,2,0.9770625500000001,0.9870345,1.0734129242273995,"She is also exceedingly resentful, such that she has been repeatedly trying to sabotage Rozemyne and Ehrenfest ever since she fainted out of shock upon seeing Rozemyne's highbeast. | During the counter-push of the Defense of Ehrenfest, she is captured in Bindewald by Hannelore and Rozemyne's guard knights and sent to the Ahrensbach castle as a prisoner."
Previous Count Leisegang,Trudeliede,family,undirected,2,0.97705943,0.98873436,1.0734094965570586,"Infobox field family/Relatives: Elvira (Granddaughter, In-Law) Trudeliede (Granddaughter, In-Law) Rozemary (Granddaughter-In-Law, Deceased) Heidemarie (Great-Granddaughter, In-Law, Deceased) Aurelia (Great-Granddaughter, In-Law) | Infobox field family/Grandfather: Previous Count Leisegang (In-Law, Deceased)"
Lungtase,Melchior,romantic,undirected,2,0.97677437,0.98283064,1.073096326138051,"Aub Dunkelfelger is currently contemplating on whether to set up an engagement between Melchior and his daughter from his second wife, Lungtase. | He is currently contemplating marrying his daughter Lungtase to Lord Melchior."
Werdekraf,Werdekraf's Elder Brother,family,undirected,2,0.976759315,0.9802028,1.0730797865300452,Infobox field family/Brother: Werdekraf Younger Brother Trauerqual (In Law) | Werdekraf's Elder Brother is a member of Dunkelfelger's archducal family and the elder brother of Werdekraf and Magdalena.
Lasfam,Eckhart,service_retainer,directed,2,0.976654355,0.98581845,1.0729644761842265,"Upon his entry into the temple, Ferdinand offered to return Eckhart and Justus's names, but asked Lasfam to stay in his service and care for the mansion in his absence, to which Lasfam happily agreed. | He orders Eckhart and Justus to come with him to Ahrensbach."
Georgine,Grausam,romantic,undirected,2,0.97656119,0.98245853,1.0728621239703529,"Before she was married off to Ahrensbach, Grausam gave his name to Lady Georgine. | Grausam was name-sworn to Georgine of Ahrensbach."
Hildebrand,Raublut,romantic,undirected,2,0.9765207149999999,0.979626,1.0728176576379689,"In the secret message, which Hildebrand is to only listen to in his hidden room, he tells him that the only way to get out of his unwanted marriage is to become king himself. | Following Prince Hildebrand's royal debut and the announcement of his engagement with Lady Letizia of Ahrensbach, Raublut visits the prince in his villa."
Georgine,Sidonius,romantic,undirected,2,0.97630185,0.97666216,1.0725772098594097,"One and a half years after the wedding in winter Ehrenfest enacts a thorough purge of anyone associated with either the former Veronica faction or Georgine. | The purge is unusually merciful by the standards of Yurgenschmidt nobility, forgoing the traditional guilt by association within families and reserving the death sentence only for particularly severe crimes and those name-sworn to Georgine."
Previous Count Leisegang,Wilfried,romantic,undirected,2,0.9755731000000001,0.9844045,1.0717765961540429,"To this end, he reveals that should there ever be another incident like with Gabriele, with a woman from a higher-ranked duchy forcing a marriage with Wilfried resulting in Rozemyne's demotion to second wife, any child of Rozemyne and him would be adopted by Sylvester to preserve their archduke candidate status, even though this would almost assuredly enrage the new bride and her duchy. | After the announcement of Rozemyne's and Wilfried's engagement, most nobles abandoned the idea of Rozemyne becoming the next Aub, but despite this setback, the Leisegangs and the previous Giebe Leisegang in particular keep at it."
Baron Blon,Baron Glaz,romantic,undirected,2,0.9754982000000001,0.9762817,1.0716943100936216,"The giebes of Glaz and the neighboring province of Blon appear to be on good terms: Baron Glaz's son Bernadet marries Lagrete, the daughter of Baron Blon during Rozemyne's first noble Starbind Ceremony as High Bishop. | The giebes of Blon and the neighboring province of Glaz appear to be on good terms: Baron Blon's daughter Lagrete marries Bernadet, the son of Baron Glaz during Rozemyne's first noble Starbind Ceremony as High Bishop."
Lasfam,Veronica,enemy_rival,undirected,2,0.975349825,0.9755223,1.0715313034952905,"Most retainers that Veronica had forced on Ferdinand happily joined in on tormenting him to gain standing in the Veronica faction, but Lasfam did not. | Originally, Lasfam was assigned to Ferdinand as an insult by Lady Veronica."
Gieselfried,Rozemyne,romantic,undirected,2,0.97533271,0.98354167,1.0715125007459698,"With his tarnished reputation and family ties to Ahrensbach, Wilfried appears to be a perfect candidate, but unfortunately he has recently been announced to be betrothed to Lady Rozemyne with the king's approval, dashing their hopes of arranging a marriage between the cousins. | At the Archduke Conference following Rozemyne's second year at the Royal Academy, Gieselfried approaches Aub Ehrenfest about marrying Ferdinand to Detlinde, but after listing a row of counter-arguments Ehrenfest refuses."
Aurelia,Eckhart,family,undirected,2,0.975014925,0.98005545,1.0711633782398153,Infobox field family/Brother: Eckhart (In-Law) Cornelius (In-Law) Nikolaus (In-Law) | Infobox field family/Sister: Rozemyne Aurelia (In-Law)
Nahelache,Waldifried,family,undirected,2,0.97490113,0.9897754,1.0710383616544263,"Infobox field family/Relatives: Sigiswald (Nephew) Anastasius (Nephew) Hildebrand (Nephew) Nahelache (Niece, In-Law) Eglantine (Niece) | Infobox field family/Uncle: Waldifried (Deceased, In-Law)"
Johann,Zack,enemy_rival,undirected,2,0.974588395,0.97911066,1.0706947871403298,"He views Johann as his rival. | Having worked as apprentice smiths around the same time and both being among the most talented apprentices of their age-group, Zack developed a one-sided rivalry with Johann."
Florencia,Georgine,family,undirected,2,0.9743476,0.98676,1.07043024679428,Infobox field family/Sister: Constanze (In-Law) Georgine (In-Law) | Infobox field family/Sister: Florencia (In-Law) Constanze
Christine,Jenni,service_retainer,directed,2,0.9740419,0.9835355,1.070094401017634,"*She was a night owl, rising late and playing music until late in the evening. *Her retainers played songs for her to wake up in the morning and getting her dressed. *She returned to the Nobles' Quarter on a regular basis. *She thinks of her time in the temple as a blissful time to enjoy. *She graduated from the Royal Academy three years before Rozemyne's entry. *In addition to Wilma and Rosina, Jenni was also one of Christine's attendants. | After Christine left, Jenni went on to serve the High Bishop Bezewanst."
Rosina,Myne,service_retainer,directed,2,0.973827275,0.98594075,1.0698586113551787,"A gifted harspiel player, Rosina serves as Myne's attendant and music teacher at the temple. | Infobox field occupation: Rozemyne's personal musician Myne's Attendant (Former)"
Adolphine,Hildebrand,family,undirected,2,0.9736485,0.9887976,1.0696622069432722,"Infobox field family/Sister: Trauerqual's Daughter (Deceased) Eglantine (Half-Sister, In-Law) Nahelache (Half-Sister, In-Law) Adolphine (Half-Sister, In-Law, Former) | Infobox field family/Brother: Ortwin Anastasius (In-Law) (Former) Hildebrand (Half-Brother, In-Law) (Former)"
Eckhart,Rozemyne,family,undirected,2,0.973614985,0.97951037,1.0696253869524173,"He is also the oldest child of Karstedt and Elvira and the older brother of Lamprecht, Cornelius, and Rozemyne. | Infobox field family/Sister: Rozemyne Aurelia (In-Law)"
Bonifatius,Elvira,family,undirected,2,0.9735738,0.9829533,1.0695801406053087,"Infobox field family/Daughter: Elvira (In-Law) Trudeliede (In-Law) Rozemary (In-Law, Deceased) Gudrun (In-Law) | It is for naught however, since Ferdinand forbade her from pouring mana into manablades before she learns about the fundamentals in the Royal Academy. *While Bonifatius does not consider Rozemyne to be Elvira's child, he firmly believes that Karstedt is her father."
Barthold,Veronica,enemy_rival,undirected,2,0.973156155,0.98637146,1.0691213106760078,"He is practically a worshipper of Veronica, and as such, has a very strong dislike of Sylvester for imprisoning her. | In the beginning of Rozemyne's third year at the Royal Academy, the students are informed about the coming purge of the Veronica faction."
Bonifatius,Veronica,family,undirected,2,0.97315595,0.9882719,1.0691210854604887,"Infobox field family/Sister: Irmhilde (Half-Sister, Deceased) Veronica (In-Law) Unnamed Younger Sister (Deceased) | Infobox field family/Brother: Bezewanst (Deceased) Unnamed Older Brother (Deceased) Bonifatius (In-Law)"
Grausam,Seltier,family,undirected,2,0.972761005,0.98658967,1.0686871940301406,She was also Grausam's younger sister. | Infobox field family/Brother: Grausam (Deceased)
Adolphine,Rozemyne,romantic,undirected,2,0.97262947,0.9817337,1.0685426880627507,"To quell the voices that call for Anastasius or Detlinde to become the next Zent, the royal family pressures Rozemyne into performing the Starbind Ceremony and providing a true blessing at Sigiswald and Adolphine's wedding. | She urges him to form closer ties with Rozemyne and even consider her as a marriage prospect, but Ortwin, disconcerted by Rozemyne's strange behavior, is reluctant to comply."
Bonifatius,Ferdinand,family,undirected,2,0.9725953949999999,0.97885704,1.0685052528490142,"Infobox field family/Uncle: Bezewanst (In-Law) (Deceased) Bonifatius Gervasio | It is for naught however, since Ferdinand forbade her from pouring mana into manablades before she learns about the fundamentals in the Royal Academy. *While Bonifatius does not consider Rozemyne to be Elvira's child, he firmly believes that Karstedt is her father."
Hildebrand,Sieglinde,family,undirected,2,0.97257982,0.9880872,1.0684881419626182,"Infobox field family/Aunt: Sieglinde Reichlene | Infobox field family/Relatives: Hildebrand (Nephew, In-Law)"
Aub Klassenberg,Hortensia,romantic,undirected,2,0.97151197,0.97537404,1.067314988830164,"The at the time Aub Klassenberg introduced her to the third prince. | To strenghten the bonds between the newly assembled retainers, Aub Klassenberg suggested that Hortensia and Raublut marry, which they both accepted out of duty."
Ferdinand,Gloria,enemy_rival,undirected,2,0.97104776,0.98734957,1.0668050020196413,"Gloria developed a strong grudge against Myne and Ferdinand, holding them personally responsible for her son's death. | Rather than allowing herself to be captured alive and have her memories searched, she first executes her two present female attendants by exploding their heads and then does the same to herself, committing suicide, before Rozemyne and Ferdinand's knights can get to her."
Laugo,Grausam,service_retainer,directed,2,0.9709811150000001,0.9860891,1.066731785003663,"Nothing is known about Laugo's history, apart from him becoming one of Grausam's devouring servants at some point in his life. | Laugo is a devouring commoner merchant of Ehrenfest, who is in a subjugation contract with Grausam."
Laura,Myne,friend_ally,undirected,2,0.97026578,0.97144926,1.0659459091821486,"She is a friend of Tuuli, who grew up living near Myne's family in the lower city. | She's just working hard to stay neat and presentable like Myne told her to."
Elvira,Muriella,romantic,undirected,2,0.9698957699999999,0.9765108,1.0655394116492185,"Once this is completed, Muriella swears herself to Elvira, who gratefully accepts her. | After the switch in masters is done, Muriella re-does the ritual for divine protections and reports that she is no longer omni-elemental, now only having her own natural elements and those of Elvira."
Viscount Dahldolf,Shikikoza,service_retainer,directed,2,0.969365315,0.98586893,1.0649566472676333,"Some time later, Shikikoza participated in a trombe extermination as a knight, where he was assigned to guard Myne. | To make up for the loss, Ehrenfest recalled many blue priests and shrine maidens back to the nobility, including Shikikoza."
Gudrun,Karstedt,family,undirected,2,0.9685154499999999,0.9752509,1.0640229751349242,"She then summons the entire family, including Karstedt and Bonifatius, to discuss how to punish him. | Infobox field family/Brother: Justus Karstedt (In-Law, Half-Brother)"
Angelica,Stenluke,friend_ally,undirected,2,0.9682953750000001,0.9730409,1.0637811980354956,"Stenluke becomes a useful tool for Angelica, since it can remember important information for her, scold her when she slacks off on her studying, and caution her when she acts recklessly. | When Angelica begins to rely too heavily on Stenluke to remember information for her, Rozemyne forbids her from using it in classes at the Royal Academy."
Leckle,Myne,service_retainer,directed,2,0.96760097,0.96999264,1.063018316169183,"Many of the calculations that Myne was checking for errors for Otto were done by Leckle. | When Myne stopped coming to the gate, Otto pushed more and more work on Leckle all the time, in part due to just having too much work to handle himself and in part to train him as his successor."
Adelbert,Florencia,family,undirected,2,0.96746555,0.98450595,1.0628695420930516,"Infobox field family/Father: Previous Aub Frenbeltag (Deceased) Adelbert (In-Law, Deceased) | Infobox field family/Daughter: Constanze Georgine Florencia (In-Law)"
Monika,Myne,service_retainer,directed,2,0.9673004249999999,0.9768463,1.0626881337388852,"They did this partially so that Myne would learn who they were and take them on as attendants. | After Myne dismissed Delia from her service, Fran asked Myne to consider taking on a new attendant, so she had someone to direct her compassion towards."
Dirk,Konrad,friend_ally,undirected,2,0.9657424,0.9692276,1.060976468327833,"Prior to this point, Konrad had no interest in music, but with the other former noble children diligently training in playing the harspiel as part of the chance to earn their place in noble society back, Konrad and Dirk join in the practice of the instrument. | Konrad quickly forms a friendship with Dirk, one of the only orphans near his age."
Primevere,Rauffen,friend_ally,undirected,2,0.9653868999999999,0.9677178,1.0605859116592116,"When his enthusiastic speech about power and prowess for the most part only end up motivating the boys and a scattering of girls who plan to enter the knight's course, Primevere steps in to advise that even women need to protect themselves, so they can keep away ""boorish men of ill intent."" Overall, her calm and refined demeanor very well complements and counterbalances Rauffen's loud and entirely combat- and power-focused attitude, and as the previous example showed, helps to motivate those students that find themselves disconnected from the material due to Rauffen's peculiar personality and views. | When teaching, Primevere keeps the refined, gentle, and calm smile of a noble on her face at all times, even while criticizing students for failing, or when counteracting Professor Rauffen's overbearing personality when teaching alongside him."
Hannelore,Wentuchte,romantic,undirected,2,0.9650842550000001,0.97751516,1.0602534221431077,"As a reward for lending Dregarnuhr her body, Hannelore is granted a wish and she uses it to have her consciousness sent back one year into the past, to get another chance to convey her feelings to Wilfried. | Dregarnuhr appears to have some reservations, but Liebeskhilfe pushes Hannelore into Wentuchte's tapestry, before the other goddess can react."
Charlotte,Viscount Joisontak,enemy_rival,undirected,2,0.96463298,0.97246706,1.0597576458825388,"Viscount Joisontak is one of the culprits behind Charlotte's attempted kidnapping and Rozemyne's poisoning. | When called in for questioning, he claims that his only target was Charlotte and that he never intended for Rozemyne to be harmed."
Fraularm,Hirschur,friend_ally,undirected,2,0.9643232500000001,0.9659949,1.0594173726983698,"Rozemyne is also able to get Fraularm to agree to have Ferdinand involved under the not entirely wrong excuse that Hirschur and Raimund will very likely get so engrossed into their work that they'll surely fail to file proper reports sooner or later, something Fraularm has already experienced personally and thus readily accepts. | With some team-work Rozemyne and Hirschur are able to get Fraularm on board for the joint research to be a cooperation between Rozemyne and Raimund in Hirschur's laboratory, with the communication to Ahrensbach going through Fraularm."
Hannelore,Rozemyne,friend_ally,undirected,2,0.96359047,0.96790624,1.0586123315854796,"Coincidentally, both of them are shy book lovers that Rozemyne quickly became fond of. **She is also similar to Freida in hairstyle and was someone with slightly higher status than Myne/Rozemyne when they first met, but she achieved something Freida couldn't -- becoming Rozemyne's best friend. *Privately Rozemyne thinks of Hannelore as ""quiet and fluffy"", but also a capable archduke candidate. *Hannelore is the third person that Rozemyne described as an angel internally, after Tuuli and Charlotte. | As such, she can become quite animated when discussing books with Rozemyne."
Kenntrips,Rasantark,family,undirected,2,0.9628773500000001,0.9660414,1.0578288891901846,"Despite being only half-brothers with different mothers, Kenntrips and Rasantark grew up as close as full brothers. | Despite being only half-brothers with different mothers, Rasantark and Kenntrips grew up as close as full brothers."
Leise,Myne,friend_ally,undirected,2,0.962593885,0.9715119,1.0575174710577773,"There, Myne talked with Leise about how to make pound cake. | This improvement continued until Myne returned, and Leise traded a bag of sugar for more ideas."
Delia,Marthe,friend_ally,undirected,2,0.96196574,0.96726245,1.0568273832417119,"*Delia has the habit of saying ""Geez!"" (も—！) when she is annoyed or frustrated. *She received a stone slate from Myne. *When Hasse's orphans went to the Ehrenfest orphanage, Marthe tells her friends about Delia. | Marthe grew to like Delia a lot."
Deid,Karla,romantic,undirected,2,0.961205235,0.96529317,1.0559918831031183,Infobox field family/Spouse: Karla | Infobox field family/Spouse: Deid
Ella,Monika,friend_ally,undirected,2,0.96092648,0.9694549,1.0556856394345906,Monika and Nicola were recommended and spent the winter cooking with Ella. | Myne asked Rosina to have Wilma recommend two grey apprentice shrine maidens to help Ella.
Letizia,Rozemyne,friend_ally,undirected,2,0.9607791,0.96149135,1.0555237259554866,"Eglantine tries her best to calm Letizia's nerves throughout the meeting and commends her for bringing along Lieseleta and others a part of Rozemyne's retinue. | She is also caring and compassionate towards younger children in general, including temple orphans and even those from opposing factions, like Letizia and Former Veronica Faction orphans."
Rozemyne,Stenluke,friend_ally,undirected,2,0.9606296,0.9669871,1.0553594834183309,"When Angelica begins to rely too heavily on Stenluke to remember information for her, Rozemyne forbids her from using it in classes at the Royal Academy. | While it is strict with Angelica, it is very respectful to Rozemyne, calling her “master of my master.” Generally, it does not talk to anyone other than Angelica or Rozemyne."
Oswald,Veronica,friend_ally,undirected,2,0.96055823,0.9628809,1.0552810754592885,"Florencia had also trusted Oswald to counteract Veronica's presence to some degree. | Prior to her imprisonment, he was deeply loyal towards Veronica."
Damuel,Myne,friend_ally,undirected,2,0.9604537200000001,0.96520287,1.055166259489,"The Quof, translator at J-Novel Club, asked the author if she wanted him to correct it in the translation, but she requested that he keeps it the same. *Damuel likes sweet desserts, especially parue cakes. *Damuel spent one-and-a-half years to pay off the debts incurred when paying the compensation for Myne's new ceremonial robe. | He also became more open-minded toward commoners and gained a greater appreciation for Myne’s innovative products and business sense."
Myne,Ralph,friend_ally,undirected,2,0.9603186800000001,0.9659689,1.0550179028855382,"Along with his other brothers, Ralph occasionally does little tasks for Myne and Lutz for some extra pocket money, like carving the wooden parts for hairsticks or engraving illustrations that Wilma drew on wood. | He helps carry Myne after she appears lightheaded."
Ferdinand,Rihyarda,friend_ally,undirected,2,0.9600077499999999,0.9667762,1.0546763113666224,"She knew Sylvester, Ferdinand, and Karstedt when they were children. | She is one of the only people who can tell Ferdinand what to do."
Lily,Nora,friend_ally,undirected,2,0.95982352,0.9644239,1.0544739140246813,"When the gray shrine maiden Lily becomes pregnant, Nora helps deliver the baby, alongside other women from Hasse. | Under the guidance of Nora and with the help of more women from Hasse, Lily gives birth to a healthy baby in late spring."
Achim,Egon,friend_ally,undirected,2,0.9595701400000001,0.96602464,1.0541955476429785,"Alongside Egon, a fellow priest, Achim is assigned to spend a winter in Hasse teaching the local commoners how to interact with nobles. | In the autumn following Hasse's first year of punishment, she assigns the gray priests Achim and Egon to stay in the village over the winter and tutor them in language and etiquette."
Gil,Kai,friend_ally,undirected,2,0.95917517,0.9649809,1.0537616287473233,Kai grew up in the orphanage and was part of a group of boys that spent most of their time together which also included Gil. | On the way through the Lower City he and others reminesce about their hopes and first impressions of Myne and how much Gil changed in the short time since becoming her attendant.
Detlinde,Sigiswald,romantic,undirected,2,0.9588473,0.9676504,1.0534014267362377,"To quell the voices that call for Anastasius or Detlinde to become the next Zent, the royal family pressures Lady Rozemyne into performing the Starbind Ceremony at his and Adolphne's wedding, to provide them with a true blessing. | In addition to the blessings for the couples, during the ceremony, magic circles appear similar in appearance to the one that was seen in Detlinde's Dedication Whirl, on the stage beneath Sigiswald and Adolphine and rise into the air briefly, before dissipating again."
Gerda,Myne,friend_ally,undirected,2,0.95883305,0.9651115,1.0533857715111241,"As they do not trust Myne to stay home alone Effa takes Myne to Gerda before she goes to work. | Gerda sits by her table and watches over the toddlers and Myne, who runs around looking after the toddlers."
Brunhilde,Leonore,friend_ally,undirected,2,0.95805097,0.9594785,1.0525265688124026,"Due to their parents meeting often while they were children, Leonore became close with Brunhilde, and the two formed a friendship that only deepened when they were both chosen as Lady Rozemyne's retainers. | Because their parents visited often, Brunhilde became childhood friends with Leonore."
Fraularm,Raimund,friend_ally,undirected,2,0.9580291000000001,0.9649075,1.0525025421616494,"Rozemyne is also able to get Fraularm to agree to have Ferdinand involved under the not entirely wrong excuse that Hirschur and Raimund will very likely get so engrossed into their work that they'll surely fail to file proper reports sooner or later, something Fraularm has already experienced personally and thus readily accepts. | With some team-work Rozemyne and Hirschur are able to get Fraularm on board for the joint research to be a cooperation between Rozemyne and Raimund in Hirschur's laboratory, with the communication to Ahrensbach going through Fraularm."
Fran,Monika,friend_ally,undirected,2,0.956169735,0.96010697,1.05045982092353,"When Myne found out that she had to stay in the temple over winter, she had Fran ask her chefs if any were willing to stay as well. | When Rozemyne is in the temple, Monika is found in her chambers or beside Fran learning to be an attendant."
Ortwin,Rozemyne,friend_ally,undirected,2,0.9557496050000001,0.95861775,1.0499982609426919,"At a tea party with Rozemyne, however, the Ehrenfest archduke candidate promised she would lend Ortwin a book with knight's stories through Wilfried. | In the following term at the Royal Academy, Ortwin and Wilfried share a very enthusiastic greeting and promise each other to meet and play gewinnen again, hinting that they have formed a friendship while Rozemyne was absent from the Royal Academy the previous year."
Blasius,Martina,family,undirected,1,0.98995507,0.98995507,0.6861845656515233,Infobox field family/Relatives: Aurelia (Cousin) Martina (Cousin) Letizia (Niece)
Lungtase,Rasantark,family,undirected,1,0.9898975,0.9898975,0.6861446611683384,Infobox field family/Relatives: Hildebrand (Cousin) Kenntrips (Cousin) Rasantark (Cousin)
Codenest,Lungtase,family,undirected,1,0.9898431,0.9898431,0.686106953961716,Infobox field family/Relatives: Lestilaut (Cousin) Hannelore (Cousin) Lungtase (Cousin) Raufereg (Cousin) Kenntrips (Cousin) Rasantark (Cousin) Reginald (Cousin)
Claudio,Veronica,family,undirected,1,0.9898308,0.9898308,0.6860984282513951,Infobox field family/Relatives: Elvira (Niece) Claudio (Nephew)
Codenest,Reginald,family,undirected,1,0.98980194,0.98980194,0.6860784240237642,Infobox field family/Relatives: Lestilaut (Cousin) Hannelore (Cousin) Lungtase (Cousin) Raufereg (Cousin) Kenntrips (Cousin) Rasantark (Cousin) Reginald (Cousin)
Benno,Renate,family,undirected,1,0.98979807,0.98979807,0.6860757415441754,Infobox field family/Relatives: Renate (Niece) Knut (Nephew)
Gunther,Sieg,family,undirected,1,0.98979354,0.98979354,0.6860726015874474,Infobox field family/Relatives: Fey (Cousin) Gunther's Father (Distant Cousin)
Lungtase,Reginald,family,undirected,1,0.98978347,0.98978347,0.6860656215953392,Infobox field family/Relatives: Lestilaut (Cousin) Hannelore (Cousin) Hildebrand (Cousin) Raufereg (Cousin) Lungtase (Cousin)
Gunther,Ralph,family,undirected,1,0.98975766,0.98975766,0.6860477314666089,Infobox field family/Relatives: Fey (Cousin) Gunther's Father (Distant Cousin)
Claudio,Eckhart,family,undirected,1,0.9897377,0.9897377,0.686033896248885,"Infobox field family/Relatives: Previous Count Leisegang (Grandfather, Deceased) Count Groschel (Cousin) Eckhart (Nephew) Lamprecht (Nephew) Cornelius (Nephew) Rozemyne (Niece)"
Count Groschel,Elvira,family,undirected,1,0.98970395,0.98970395,0.686010502531541,Infobox field family/Relatives: Previous Count Leisegang (Great-Grandfather) Count Groschel (Cousin) Traugott (Nephew)
Gunther,Zasha,family,undirected,1,0.98968667,0.98968667,0.685998524948261,Infobox field family/Relatives: Fey (Counsin) Gunther's Father (Distant Cousin)
Constanze,Ferdinand,family,undirected,1,0.98968,0.98968,0.6859939016565667,Infobox field family/Sister: Florencia (In-Law) Georgine (Half-Sister) Constanze (Half-Sister)
Martina,Siegrecht,family,undirected,1,0.9896762,0.9896762,0.6859912676972806,"Infobox field family/Relatives: Detlinde (Cousin) Wolfram (Cousin, Deceased) Alstede (Cousin) Blasius (Cousin) Letizia (Cousin, Adoptive) Siegrecht (Nephew)"
Aurelia,Gieselfried,family,undirected,1,0.9896513,0.9896513,0.6859740083324846,"Infobox field family/Relatives: Letizia (Granddaughter, Biological) Benedikta (Granddaughter) Aurelia (Niece) Martina (Niece) Lamprecht (Nephew, In-Law)"
Barthold,Matthias,family,undirected,1,0.9896421,0.9896421,0.6859676313784234,"Infobox field family/Relatives: Matthias (Cousin) Janrik (Cousin, Deceased)"
Cassandra,Matthias,family,undirected,1,0.98964137,0.98964137,0.6859671253809816,"Infobox field family/Relatives: Matthias (Cousin) Janrik (Cousin, Deceased)"
Letizia,Martina,family,undirected,1,0.9896281,0.9896281,0.6859579273178956,"Infobox field family/Relatives: Detlinde (Cousin) Wolfram (Cousin, Deceased) Alstede (Cousin) Blasius (Cousin) Letizia (Cousin, Adoptive) Siegrecht (Nephew)"
Barthold,Janrik,family,undirected,1,0.9896165,0.9896165,0.6859498868106011,"Infobox field family/Relatives: Matthias (Cousin) Janrik (Cousin, Deceased)"
Bonifatius,Rudiger,family,undirected,1,0.98961467,0.98961467,0.6859486183512606,"Infobox field family/Relatives: Wilfried (Cousin) Charlotte (Cousin) Melchior (Cousin) Henrietta (Cousin) Detlinde (Cousin) Rozemyne (Adoptive Cousin) Bonifatius (Great Uncle) Bezewanst (Great Uncle, Deceased)"
Cassandra,Janrik,family,undirected,1,0.9895906,0.9895906,0.6859319342986245,"Infobox field family/Relatives: Matthias (Cousin) Janrik (Cousin, Deceased)"
Bonifatius,Melchior,family,undirected,1,0.98957914,0.98957914,0.6859239908319353,"Infobox field family/Relatives: Bonifatius (Granduncle) Bezewanst (Granduncle, Deceased) Detlinde (Cousin) Rudiger (Cousin)"
Bezewanst,Rudiger,family,undirected,1,0.98956937,0.98956937,0.6859172187839813,"Infobox field family/Relatives: Wilfried (Cousin) Charlotte (Cousin) Melchior (Cousin) Henrietta (Cousin) Detlinde (Cousin) Rozemyne (Adoptive Cousin) Bonifatius (Great Uncle) Bezewanst (Great Uncle, Deceased)"
Bonifatius,Charlotte,family,undirected,1,0.98955894,0.98955894,0.685909989258888,"Infobox field family/Relatives: Bonifatius (Granduncle) Bezewanst (Granduncle, Deceased) Detlinde (Cousin) Rudiger (Cousin)"
Claudio,Count Groschel,family,undirected,1,0.9895509,0.9895509,0.6859044163555563,"Infobox field family/Relatives: Previous Count Leisegang (Grandfather, Deceased) Count Groschel (Cousin) Eckhart (Nephew) Lamprecht (Nephew) Cornelius (Nephew) Rozemyne (Niece)"
Bonifatius,Wilfried,family,undirected,1,0.98954445,0.98954445,0.6858999455562418,Infobox field family/Relatives: Bonifatius (Granduncle) Bezewanst (Granduncle) Detlinde (Cousin) Alstede (Cousin) Rudiger (Cousin) Fifth Aub Ehrenfest (Great-Grandfather)
Gunther,Karla,family,undirected,1,0.98952466,0.98952466,0.6858862281735384,"Infobox field family/Relatives: Fey (Nephew) Gunther's Father (Grand-Cousin, In-Law)"
Barthold,Seltier,family,undirected,1,0.98951435,0.98951435,0.6858790818261069,Infobox field family/Relatives: Janrik (Nephew) Matthias (Nephew) Barthold (Nephew) Cassandra (Neice) Tibertha (Niece)
Adelbert,Trudeliede,family,undirected,1,0.9894824,0.9894824,0.685856935773688,"Infobox field family/Relatives: Karstedt (Nephew) Elvira (Niece, In-Law) Trudeliede (Niece, In-Law) Rozemary (Niece, In-Law, Deceased) Veronica (Cousin) Fourth Aub Ehrenfest (Grandfather)"
Gervasio,Leonzio,family,undirected,1,0.9894785,0.9894785,0.6858542324996838,Infobox field family/Relatives: Ferdinand (Nephew) Leonzio (Cousin)
Anastasius,Gentiane,family,undirected,1,0.9894699,0.9894699,0.685848271433931,"Infobox field family/Relatives: Eglantine (Cousin) Anastasius (Cousin, In Law) Stephareine (Cousin, once removed)"
Claudio,Lamprecht,family,undirected,1,0.9894581,0.9894581,0.6858400922972004,"Infobox field family/Relatives: Previous Count Leisegang (Grandfather, Deceased) Count Groschel (Cousin) Eckhart (Nephew) Lamprecht (Nephew) Cornelius (Nephew) Rozemyne (Niece)"
Bezewanst,Florencia,family,undirected,1,0.98944503,0.98944503,0.6858310328635504,Infobox field family/Relatives: Sylvester (Nephew) Georgine (Niece) Florencia (Niece-in-law) Ferdinand (Nephew-in-law) Wilfried (Great nephew) Rozemyne (Great niece through adoption) Charlotte (Great niece) Melchior (Great nephew) Detlinde (Great niece) Elvira (Cousin)
Hildebrand,Kenntrips,family,undirected,1,0.989437,0.989437,0.6858254668916905,Infobox field family/Relatives: Eglantine (Cousin) Lestilaut (Cousin) Hannelore (Cousin) Reginald (Cousin) Kenntrips (Cousin) Rasantark (Cousin) Raufereg (Cousin) Lungtase (Cousin) Nahelache's Son (Half-Nephew) Stephareine (Half-Niece)
Matthias,Seltier,family,undirected,1,0.98943347,0.98943347,0.6858230200821432,Infobox field family/Relatives: Janrik (Nephew) Matthias (Nephew) Barthold (Nephew) Cassandra (Neice) Tibertha (Niece)
Cassandra,Seltier,family,undirected,1,0.989431,0.989431,0.6858213080086072,Infobox field family/Relatives: Janrik (Nephew) Matthias (Nephew) Barthold (Nephew) Cassandra (Neice) Tibertha (Niece)
Janrik,Seltier,family,undirected,1,0.9894224,0.9894224,0.6858153469428544,Infobox field family/Relatives: Janrik (Nephew) Matthias (Nephew) Barthold (Nephew) Cassandra (Neice) Tibertha (Niece)
Gunther,Rozemyne,family,undirected,1,0.98934424,0.98934424,0.6857611705592218,Infobox field family/Father: Karstedt (Baptismal) Sylvester (Adoptive) Gunther (Biological) Urano Motosu’s Father (Former)
Hildebrand,Rasantark,family,undirected,1,0.9893337,0.9893337,0.6857538647879388,Infobox field family/Relatives: Eglantine (Cousin) Lestilaut (Cousin) Hannelore (Cousin) Reginald (Cousin) Kenntrips (Cousin) Rasantark (Cousin) Raufereg (Cousin) Lungtase (Cousin) Nahelache's Son (Half-Nephew) Stephareine (Half-Niece)
Aurelia,Bonifatius,family,undirected,1,0.9893294,0.9893294,0.6857508842550624,"Infobox field family/Relatives: Heidemarie (Granddaughter-in-Law, Deceased) Sylvester (Nephew) Georgine (Niece) Constanze (Niece) Aurelia (Granddaughter-in-Law)"
Kenntrips,Magdalena,family,undirected,1,0.9893243,0.9893243,0.6857473492044415,Infobox field family/Relatives: Lestilaut (Nephew) Hannelore (Niece) Raufereg (Nephew) Lungtase (Niece) Kenntrips (Nephew) Rasantark (Nephew) Codenest (Nephew)
Ferdinand,Georgine,family,undirected,1,0.9892953,0.9892953,0.6857272479362052,Infobox field family/Sister: Florencia (In-Law) Georgine (Half-Sister) Constanze (Half-Sister)
Aurelia,Letizia,family,undirected,1,0.9892874,0.9892874,0.6857217720734788,"Infobox field family/Relatives: Detlinde (Cousin) Wolfram (Cousin, Deceased) Alstede (Cousin) Blasius (Cousin) Letizia (Cousin, Adoptive)"
Kenntrips,Werdekraf,family,undirected,1,0.9892846,0.9892846,0.6857198312613733,Infobox field family/Relatives: Hildebrand (Nephew) Kenntrips (Nephew) Rasantark (Nephew) Codenest (Nephew)
Adelbert,Rozemary,family,undirected,1,0.9892663,0.9892663,0.6857071466679691,"Infobox field family/Relatives: Karstedt (Nephew) Elvira (Niece, In-Law) Trudeliede (Niece, In-Law) Rozemary (Niece, In-Law, Deceased) Veronica (Cousin) Fourth Aub Ehrenfest (Grandfather)"
Magdalena,Rasantark,family,undirected,1,0.98924774,0.98924774,0.6856942818562979,Infobox field family/Relatives: Lestilaut (Nephew) Hannelore (Niece) Raufereg (Nephew) Lungtase (Niece) Kenntrips (Nephew) Rasantark (Nephew) Codenest (Nephew)
Bonifatius,Heidemarie,family,undirected,1,0.98923886,0.98923886,0.6856881267093344,"Infobox field family/Relatives: Heidemarie (Granddaughter-in-Law, Deceased) Sylvester (Nephew) Georgine (Niece) Constanze (Niece) Aurelia (Granddaughter-in-Law)"
Bezewanst,Rozemyne,family,undirected,1,0.9892279,0.9892279,0.6856805298162355,Infobox field family/Relatives: Sylvester (Nephew) Georgine (Niece) Florencia (Niece-in-law) Ferdinand (Nephew-in-law) Wilfried (Great nephew) Rozemyne (Great niece through adoption) Charlotte (Great niece) Melchior (Great nephew) Detlinde (Great niece) Elvira (Cousin)
Gieselfried,Lamprecht,family,undirected,1,0.98920935,0.98920935,0.6856676719360361,"Infobox field family/Relatives: Letizia (Granddaughter, Biological) Benedikta (Granddaughter) Aurelia (Niece) Martina (Niece) Lamprecht (Nephew, In-Law)"
Aub Frenbeltag,Rozemyne,family,undirected,1,0.98916817,0.98916817,0.6856391281351407,"Infobox field family/Relatives: Wilfried (Nephew) Rozemyne (Niece, Adoptive) Charlotte (Niece) Melchior (Nephew) Detlinde (Niece, In-Law) Alstede (Niece, In-Law)"
Aub Frenbeltag,Melchior,family,undirected,1,0.98916453,0.98916453,0.6856366050794035,"Infobox field family/Relatives: Wilfried (Nephew) Rozemyne (Niece, Adoptive) Charlotte (Niece) Melchior (Nephew) Detlinde (Niece, In-Law) Alstede (Niece, In-Law)"
Detlinde,Letizia's Brother,family,undirected,1,0.98916316,0.98916316,0.6856356554677661,Infobox field family/Relatives: Wolfram (Cousin) Alstede (Cousin) Detlinde (Cousin) Benedikta (Cousin)
Aub Frenbeltag,Wilfried,family,undirected,1,0.98915195,0.98915195,0.685627885287872,"Infobox field family/Relatives: Wilfried (Nephew) Rozemyne (Niece, Adoptive) Charlotte (Niece) Melchior (Nephew) Detlinde (Niece, In-Law) Alstede (Niece, In-Law)"
Aub Frenbeltag,Detlinde,family,undirected,1,0.9890855,0.9890855,0.6855818256577237,"Infobox field family/Relatives: Wilfried (Nephew) Rozemyne (Niece, Adoptive) Charlotte (Niece) Melchior (Nephew) Detlinde (Niece, In-Law) Alstede (Niece, In-Law)"
Gudrun,Nikolaus,family,undirected,1,0.989005,0.989005,0.6855260273096887,Infobox field family/Aunt: Gudrun
Cornelius,Gudrun,family,undirected,1,0.98899186,0.98899186,0.6855169193557361,Infobox field family/Aunt: Gudrun
Lestilaut,Werdekraf's Elder Brother,family,undirected,1,0.9889681,0.9889681,0.6855004501787261,Infobox field family/Relatives: Lestilaut (Nephew) Hannelore (Niece) Raufereg (Nephew) Lungtase (Niece) Hildebrand (Nephew) Codenest (Nephew)
Detlinde,Florencia,family,undirected,1,0.9889643,0.9889643,0.68549781621944,"Infobox field family/Relatives: Rudiger (Nephew) Detlinde (Niece, In-Law) Wolfram (Nephew, In-Law, Deceased) Alstede (Niece, In-Law) Several Unnamed Nieces (In-Law)"
Effa,Rozemyne,family,undirected,1,0.98895115,0.98895115,0.6854887013340155,Infobox field family/Mother: Elvira (Baptismal) Florencia (Adoptive) Rozemary (Purported Biological) Effa (Biological) Urano Motosu’s Mother (Former)
Magdalena,Reginald,family,undirected,1,0.988941,0.988941,0.6854816658901328,Infobox field family/Aunt: Sieglinde Magdalena
Hannelore,Werdekraf's Elder Brother,family,undirected,1,0.9889253,0.9889253,0.685470783479398,Infobox field family/Relatives: Lestilaut (Nephew) Hannelore (Niece) Raufereg (Nephew) Lungtase (Niece) Hildebrand (Nephew) Codenest (Nephew)
Rozemyne,Viscount Joisontak,family,undirected,1,0.98892224,0.98892224,0.6854686624490255,Infobox field family/Relatives: Rozemyne (Niece)
Constanze,Detlinde,family,undirected,1,0.98891234,0.98891234,0.6854618002919379,"Infobox field family/Relatives: Karstedt (Cousin) Wilfried (Nephew) Melchior (Nephew) Charlotte (Niece) Henriette (Niece) Detlinde (Niece) Rozemyne (Niece, through adoption) Detlinde (Niece) Alstede (Niece) Wolfram (Nephew, Deceased)"
Charlotte,Gabriele,family,undirected,1,0.9889002,0.9889002,0.685453385485166,"Infobox field family/Offspring: Constanze (Granddaughter) Georgine (Granddaughter) Sylvester (Grandson) Wilfried (Great-Grandson) Rozemyne (Great-Granddaugther, through Adoption) Charlotte (Great-Granddaughter) Melchior (Great-Grandson) Henrietta (Great-Granddaughter) Detlinde (Great-Granddaughter) Rudiger (Great-Grandson) Alstede (Great-Granddaughter) Wolfram (Great-Grandson, Deceased)"
Deid,Tuuli,family,undirected,1,0.9888487,0.9888487,0.6854176884053672,Infobox field family/Relatives: Unnamed Younger Sibling (Deceased) Deid's Mother (Distant Cousin)
Gudrun,Lamprecht,family,undirected,1,0.9888487,0.9888487,0.6854176884053672,Infobox field family/Aunt: Gudrun
Deid,Kamil,family,undirected,1,0.98884726,0.98884726,0.6854166902734272,Infobox field family/Relatives: Unnamed Younger Sibling (Deceased) Deid's Mother (Distant Cousin)
Raufereg,Werdekraf's Elder Brother,family,undirected,1,0.98880625,0.98880625,0.6853882643075524,Infobox field family/Relatives: Lestilaut (Nephew) Hannelore (Niece) Raufereg (Nephew) Lungtase (Niece) Hildebrand (Nephew) Codenest (Nephew)
Deid,Myne,family,undirected,1,0.988785,0.988785,0.6853735349299656,Infobox field family/Relatives: Unnamed Younger Sibling (Deceased) Deid's Mother (Distant Cousin)
Lungtase,Werdekraf's Elder Brother,family,undirected,1,0.98876065,0.98876065,0.6853566567961189,Infobox field family/Relatives: Lestilaut (Nephew) Hannelore (Niece) Raufereg (Nephew) Lungtase (Niece) Hildebrand (Nephew) Codenest (Nephew)
Hildebrand,Werdekraf's Elder Brother,family,undirected,1,0.98873806,0.98873806,0.68534099860131,Infobox field family/Relatives: Lestilaut (Nephew) Hannelore (Niece) Raufereg (Nephew) Lungtase (Niece) Hildebrand (Nephew) Codenest (Nephew)
Heidemarie,Previous Count Leisegang,family,undirected,1,0.9887371,0.9887371,0.6853403331800167,"Infobox field family/Relatives: Elvira (Granddaughter, In-Law) Trudeliede (Granddaughter, In-Law) Rozemary (Granddaughter-In-Law, Deceased) Heidemarie (Great-Granddaughter, In-Law, Deceased) Aurelia (Great-Granddaughter, In-Law)"
Leberecht,Leonore,family,undirected,1,0.9887123,0.9887123,0.6853231431299388,Infobox field family/Uncle: Count Leisegang Leberecht
Previous Count Leisegang,Rozemary,family,undirected,1,0.98870313,0.98870313,0.6853167869702931,"Infobox field family/Relatives: Elvira (Granddaughter, In-Law) Trudeliede (Granddaughter, In-Law) Rozemary (Granddaughter-In-Law, Deceased) Heidemarie (Great-Granddaughter, In-Law, Deceased) Aurelia (Great-Granddaughter, In-Law)"
Gabriele,Melchior,family,undirected,1,0.98869365,0.98869365,0.6853102159350213,"Infobox field family/Offspring: Constanze (Granddaughter) Georgine (Granddaughter) Sylvester (Grandson) Wilfried (Great-Grandson) Rozemyne (Great-Granddaugther, through Adoption) Charlotte (Great-Granddaughter) Melchior (Great-Grandson) Henrietta (Great-Granddaughter) Detlinde (Great-Granddaughter) Rudiger (Great-Grandson) Alstede (Great-Granddaughter) Wolfram (Great-Grandson, Deceased)"
Aurelia,Previous Count Leisegang,family,undirected,1,0.9886791,0.9886791,0.6853001306435442,"Infobox field family/Relatives: Elvira (Granddaughter, In-Law) Trudeliede (Granddaughter, In-Law) Rozemary (Granddaughter-In-Law, Deceased) Heidemarie (Great-Granddaughter, In-Law, Deceased) Aurelia (Great-Granddaughter, In-Law)"
Bertilde,Bezewanst,family,undirected,1,0.9886718,0.9886718,0.6852950706691261,"Infobox field family/Relatives: Previous Count Leisegang (Great-Great-Grandfather, Deceased) First Count Groschel (Great-Grandfather) Bezewanst (Granduncle) Veronica (Grandaunt)"
Codenest,Werdekraf's Elder Brother,family,undirected,1,0.98864484,0.98864484,0.6852763834211382,Infobox field family/Relatives: Lestilaut (Nephew) Hannelore (Niece) Raufereg (Nephew) Lungtase (Niece) Hildebrand (Nephew) Codenest (Nephew)
Bezewanst,Brunhilde,family,undirected,1,0.98864055,0.98864055,0.6852734098197336,"Infobox field family/Relatives: Previous Count Leisegang (Great-Great-Grandfather, Deceased) First Count Groschel (Great-Grandfather) Bezewanst (Granduncle, Disowned) Veronica (Grandaunt)"
Gabriele,Wilfried,family,undirected,1,0.988596,0.988596,0.6852425301128396,"Infobox field family/Offspring: Constanze (Granddaughter) Georgine (Granddaughter) Sylvester (Grandson) Wilfried (Great-Grandson) Rozemyne (Great-Granddaugther, through Adoption) Charlotte (Great-Granddaughter) Melchior (Great-Grandson) Henrietta (Great-Granddaughter) Detlinde (Great-Granddaughter) Rudiger (Great-Grandson) Alstede (Great-Granddaughter) Wolfram (Great-Grandson, Deceased)"
Deid,Effa,family,undirected,1,0.98858356,0.98858356,0.6852339073619135,"Infobox field family/Relatives: Deid's Mother (Grand-Cousin, In-Law)"
Eglantine,Magdalena,family,undirected,1,0.9885782,0.9885782,0.6852301920930257,Infobox field family/Aunt: Ralfrieda Magdalena
Detlinde,Gabriele,family,undirected,1,0.9885223,0.9885223,0.6851914451656324,"Infobox field family/Offspring: Constanze (Granddaughter) Georgine (Granddaughter) Sylvester (Grandson) Wilfried (Great-Grandson) Rozemyne (Great-Granddaugther, through Adoption) Charlotte (Great-Granddaughter) Melchior (Great-Grandson) Henrietta (Great-Granddaughter) Detlinde (Great-Granddaughter) Rudiger (Great-Grandson) Alstede (Great-Granddaughter) Wolfram (Great-Grandson, Deceased)"
Leonore,Ottilie,family,undirected,1,0.9885035,0.9885035,0.6851784139986379,Infobox field family/Aunt: Ottilie
Bezewanst,Constanze,family,undirected,1,0.98849934,0.98849934,0.6851755305063667,Infobox field family/Uncle: Bonifatius Bezewanst (Deceased)
Heidemarie,Justus,service_retainer,directed,1,0.9884928,0.9884928,0.6851709973238058,"Justus recommended Eckhart become a retainer, and Heidiemarie soon followed."
Gabriele,Rudiger,family,undirected,1,0.98848456,0.98848456,0.6851652857910381,"Infobox field family/Offspring: Constanze (Granddaughter) Georgine (Granddaughter) Sylvester (Grandson) Wilfried (Great-Grandson) Rozemyne (Great-Granddaugther, through Adoption) Charlotte (Great-Granddaughter) Melchior (Great-Grandson) Henrietta (Great-Granddaughter) Detlinde (Great-Granddaughter) Rudiger (Great-Grandson) Alstede (Great-Granddaughter) Wolfram (Great-Grandson, Deceased)"
Heidemarie,Rozemyne,family,undirected,1,0.98845845,0.98845845,0.6851471877181536,"Infobox field family/Sister: Charlotte (Adoptive) Henriette (Adoptive) Heidemarie (Baptismal, In-Law, Deceased) Tuuli (Biological) Aurelia (In-Law)"
Ferdinand,Detlinde,service_retainer,directed,1,0.988451,0.988451,0.6851420237716584,"He is the youngest out of Ferdinand's temple attendants. * Zahm - A gray priest attendant reassigned to Rozemyne’s service. *Strahl - An Ahrensbach archnoble who served the previous Aub Ahrensbach until his death and was later dismissed by Detlinde, freeing him up to become Ferdinand's guard knight."
Brunhilde,Veronica,family,undirected,1,0.98844576,0.98844576,0.6851383916804323,"Infobox field family/Relatives: Previous Count Leisegang (Great-Great-Grandfather, Deceased) First Count Groschel (Great-Grandfather) Bezewanst (Granduncle, Disowned) Veronica (Grandaunt)"
Myne,Urano Motosu's Mother,family,undirected,1,0.9884289,0.9884289,0.6851267052189681,"Urano Motosu's Mother was the mother of Urano Motosu, who later became Myne."
Reginald,Sieglinde,family,undirected,1,0.9884288,0.9884288,0.68512663590425,Infobox field family/Aunt: Sieglinde Magdalena
Gabriele,Rozemyne,family,undirected,1,0.988359,0.988359,0.685078254231047,"Infobox field family/Offspring: Constanze (Granddaughter) Georgine (Granddaughter) Sylvester (Grandson) Wilfried (Great-Grandson) Rozemyne (Great-Granddaugther, through Adoption) Charlotte (Great-Granddaughter) Melchior (Great-Grandson) Henrietta (Great-Granddaughter) Detlinde (Great-Granddaughter) Rudiger (Great-Grandson) Alstede (Great-Granddaughter) Wolfram (Great-Grandson, Deceased)"
Melchior,Florencia,service_retainer,directed,1,0.98833233,0.98833233,0.6850597679957414,"*Sargerecht - Technically, Sargerecht is still Florencia's retainer and Melchior's tutor at the moment, but will become Melchior's head attendant upon his baptism. *Kazmiar - Kazmiar is an archattendant."
Deid,Rozemyne,family,undirected,1,0.9883309,0.9883309,0.6850587767952733,"Infobox field family/Relatives: Detlinde (Cousin, Adoptive) Rudiger (Cousin, Adoptive) Traugott (Cousin, Baptismal) Previous Count Leisegang (Great-Grandfather, Baptismal, Deceased) Siegrecht (Nephew, Baptismal) Deid's Mother (Distant Cousin,Biological)"
Lasfam,Rozemyne,service_retainer,directed,1,0.98827016,0.98827016,0.685016675035526,Infobox field occupation: Attendant Ferdinand’s Retainer (Former and Current) Rozemyne's Retainer (Former)
Ferdinand,Zahm,service_retainer,directed,1,0.98826176,0.98826176,0.6850108525992094,"He is the youngest out of Ferdinand's temple attendants. * Zahm - A gray priest attendant reassigned to Rozemyne’s service. *Strahl - An Ahrensbach archnoble who served the previous Aub Ahrensbach until his death and was later dismissed by Detlinde, freeing him up to become Ferdinand's guard knight."
Elusia,Wilfried,service_retainer,directed,1,0.98824173,0.98824173,0.6849969688611828,Elusia is the retainer that delivers Hannelore's letter to Charlotte inquiring on Ehrenfest's stance on the bride-stealing ditter after Wilfried made personal comments of supporting Ortwin.
Melchior,Sargerecht,service_retainer,directed,1,0.9882234,0.9882234,0.684984263473363,"*Sargerecht - Technically, Sargerecht is still Florencia's retainer and Melchior's tutor at the moment, but will become Melchior's head attendant upon his baptism. *Kazmiar - Kazmiar is an archattendant."
Eckhart,Gudrun,family,undirected,1,0.98821634,0.98821634,0.6849793698542683,Infobox field family/Aunt: Gudrun
Ferdinand,Strahl,service_retainer,directed,1,0.9882053,0.9882053,0.6849717175093949,"He is the youngest out of Ferdinand's temple attendants. * Zahm - A gray priest attendant reassigned to Rozemyne’s service. *Strahl - An Ahrensbach archnoble who served the previous Aub Ahrensbach until his death and was later dismissed by Detlinde, freeing him up to become Ferdinand's guard knight."
Heidemarie,Eckhart,service_retainer,directed,1,0.98820144,0.98820144,0.684969041961278,"Justus recommended Eckhart become a retainer, and Heidiemarie soon followed."
Giebe Kirnberger,Judithe,family,undirected,1,0.98818576,0.98818576,0.6849581734134867,Her father appears to be regarded quite highly by Giebe Kirnberger.
Heidemarie,Ferdinand,service_retainer,directed,1,0.9881607,0.9881607,0.6849408031451419,Infobox field occupation: Scholar Ferdinand's Retainer
Bertilde,Veronica,family,undirected,1,0.9881572,0.9881572,0.6849383771300099,"Infobox field family/Relatives: Previous Count Leisegang (Great-Great-Grandfather, Deceased) First Count Groschel (Great-Grandfather) Bezewanst (Granduncle) Veronica (Grandaunt)"
Melchior,Kazmiar,service_retainer,directed,1,0.9880911,0.9880911,0.684892560101375,"*Sargerecht - Technically, Sargerecht is still Florencia's retainer and Melchior's tutor at the moment, but will become Melchior's head attendant upon his baptism. *Kazmiar - Kazmiar is an archattendant."
Hartmut,Ferdinand,service_retainer,directed,1,0.98800886,0.98800886,0.6848355556772457,"*Intelligence Work: Hartmut is gifted at gathering information, to the extent that even Ferdinand offers him a position as his retainer."
Hannelore,Trauerqual,family,undirected,1,0.9879435,0.9879435,0.6847902515775243,"As relatives of Trauerqual's third wife Magdalena, Hannelore and her brother Lestilaut occasionally visited her and her son Prince Hildebrand at their royal villa in the Sovereignty, but didn't form a particularly close relationship with the prince."
Traugott,Trudeliede,family,undirected,1,0.98794276,0.98794276,0.6847897386486107,Infobox field family/Aunt: Elvira Trudeliede Rozemary (Deceased)
Giebe Kirnberger,Theodore,family,undirected,1,0.9879313,0.9879313,0.6847817951819214,His father appears to be regarded quite highly by Giebe Kirnberger.
Lueuradi,Muriella,service_retainer,directed,1,0.98792297,0.98792297,0.6847760212659074,"In her third year at the Royal Academy, Philine introduces her to a fellow retainer Muriella, who just freshly entered Lady Rozemyne's service."
Leonore,Angelica,service_retainer,directed,1,0.9879126,0.9879126,0.684768833329645,"Leonore was chosen as one of Rozemyne’s retainers, primarily to serve as a replacement for Angelica, who was about to graduate."
Lueuradi,Rozemyne,service_retainer,directed,1,0.98785377,0.98785377,0.6847280554810127,"In her third year at the Royal Academy, Philine introduces her to a fellow retainer Muriella, who just freshly entered Lady Rozemyne's service."
Elusia,Charlotte,service_retainer,directed,1,0.98782533,0.98782533,0.6847083423751975,Elusia is the retainer that delivers Hannelore's letter to Charlotte inquiring on Ehrenfest's stance on the bride-stealing ditter after Wilfried made personal comments of supporting Ortwin.
Justus,Rozemyne,family,undirected,1,0.98776245,0.98776245,0.6846647572804839,"His mother is Rihyarda, Rozemyne's former head attendant in the castle."
Codenest,Sieglinde,family,undirected,1,0.9877616,0.9877616,0.6846641681053804,Infobox field family/Aunt: Sieglinde Magdalena Reichlene
Damian,Freida,family,undirected,1,0.987751,0.987751,0.6846568207452666,Infobox field family/Sister: Freida
Alexis,Veronica,service_retainer,directed,1,0.98774856,0.98774856,0.6846551294661459,"After Veronica was imprisoned and her grandson Wilfried had his winter debut, Alexis was approached by Lamprecht and asked to serve as a guard knight for him, in part to increase the number of neutral and Leisegang nobles in his retinue."
Kamil,Rozemyne,family,undirected,1,0.9877341,0.9877341,0.684645106557915,Infobox field family/Sister: Tuuli Myne (Officially Deceased)
Ignaz,Rozemyne,service_retainer,directed,1,0.98772275,0.98772275,0.6846372393374157,"He is still a newcomer to Wilfried's retinue, who entered Wilfried's service after Rozemyne had spent a year in her jureve, when it still seemed that Wilfried was set to become the next Aub."
Alexis,Lamprecht,service_retainer,directed,1,0.98770684,0.98770684,0.684626211365773,"After Veronica was imprisoned and her grandson Wilfried had his winter debut, Alexis was approached by Lamprecht and asked to serve as a guard knight for him, in part to increase the number of neutral and Leisegang nobles in his retinue."
Ferdinand,Heidemarie,enemy_rival,undirected,1,0.9876293,0.9876293,0.6845724647333924,"This put him in a state of mind, where he was fully willing to lay down his life to assassinate Veronica for what she did to his family and the torment she visited upon Ferdinand, but his lord managed to reign him in."
Lessy,Ferdinand,service_retainer,directed,1,0.98753047,0.98753047,0.6845039609975376,"Due to the need to stay away from the tiring meetings with the local nobility in this delicate phase, Ferdinand adviced Rozemyne to make Rainbow Lessy big enough to serve as a place in which all her retainers could rest for the night, so they didn't have to sleep outside or in commoner houses."
Lieseleta,Ottilie,service_retainer,directed,1,0.98749256,0.98749256,0.6844776837879226,"For Lady Rozemyne's fourth' year at the Royal Academy, Lieseleta is chosen to accompany her as her adult retainer, with Ottilie staying behind to help contain Clarissa and prepare for her lady's move to the Sovereignty come spring."
Karstedt,Wilfried,family,undirected,1,0.9874665,0.9874665,0.6844596203723973,"Lamprecht - One of Wilfried's longest-serving guard knights and a second cousin, being a son of Karstedt."
Ferdinand,Werdekraf,enemy_rival,undirected,1,0.9874643,0.9874643,0.6844580954485999,"Shortly after the end of Hannelore's fourth year at the Royal Academy, Ehrenfest contacts Dunkelfelger to inform them of Ahrensbach committing treason and trying to kill Ferdinand, as well as their intentions to ally with Dunkelfelger to launch an assault, or as Rozemyne words it ""true ditter,"" to steal the enemy's foundation and rescue Ferdinand."
Ottilie,Previous Count Leisegang,family,undirected,1,0.98746026,0.98746026,0.6844552951339905,"Infobox field family/Relatives: Previous Count Leisegang (Grandfather, In-Law, Deceased)"
Lothar,Veronica,enemy_rival,undirected,1,0.9874249,0.9874249,0.6844307854496859,"When Ferdinand first came to the temple, he chose to pick the absolute minimum number of attendant gray priests due the mistrust that years of abuse and assassination attempts by Veronica has ingrained in him."
Brunhilde,Elvira,family,undirected,1,0.9874164,0.9874164,0.6844248936986511,"*The first time Brunhilde appears on page is in Part 3 Volume 3, as ""Count Groschel's daughter with crimson red hair"" during the first study material sales conducted by Rozemyne. *As Rozemyne is the baptized daughter of Elvira, Brunhilde is a distant ""blood"" relative of Rozemyne and several of her other fellow retainers, including Hartmut, Leonore, Cornelius, and Traugott, all of whom are descendants of important Liesegang faction members."
Georgine,Justus,family,undirected,1,0.98740757,0.98740757,0.6844187732090469,"Due to both his mother and older sister serving Lady Georgine and the two being of the same age, she assumed he too would serve her upon enrolling at the Royal Academy."
Damuel,Bonifatius,service_retainer,directed,1,0.9874072,0.9874072,0.6844185167445901,Infobox field occupation: Bonifatius' Guard Knight Rozemyne's Guard Knight (Former)
Lueuradi,Philine,service_retainer,directed,1,0.98738724,0.98738724,0.6844046815268661,"In her third year at the Royal Academy, Philine introduces her to a fellow retainer Muriella, who just freshly entered Lady Rozemyne's service."
Trudeliede,Sylvester,service_retainer,directed,1,0.9873833,0.9873833,0.6844019505269746,"As Veronica's former loyal retainer and name-sworn she shares much of her lady's likes and dislikes, including a thorough disdain for Ferdinand, considerable antipathy toward Rozemyne on account of believing that she is a commoner and her involvement in Veronica's fall, and naturally also hostility toward Sylvester for imprisoning Veronica."
Trudeliede,Ferdinand,service_retainer,directed,1,0.98737806,0.98737806,0.6843983184357485,"As Veronica's former loyal retainer and name-sworn she shares much of her lady's likes and dislikes, including a thorough disdain for Ferdinand, considerable antipathy toward Rozemyne on account of believing that she is a commoner and her involvement in Veronica's fall, and naturally also hostility toward Sylvester for imprisoning Veronica."
Hannelore,Cordula,service_retainer,directed,1,0.98736423,0.98736423,0.6843887322102413,*Cordula - Hannelore's head attendant and the adult retainer she took along to the Royal Academy. *Andrea - A female apprentice arch attendant
Jeremias,Rozemyne,enemy_rival,undirected,1,0.9873633,0.9873633,0.6843880875833634,He informs the Giebe and his son that Gloria had tried to assassinate Lady Rozemyne and stolen Ehrenfest's High Bishop's bible from the temple.
Trudeliede,Rozemyne,service_retainer,directed,1,0.98732865,0.98732865,0.684364070033557,"As Veronica's former loyal retainer and name-sworn she shares much of her lady's likes and dislikes, including a thorough disdain for Ferdinand, considerable antipathy toward Rozemyne on account of believing that she is a commoner and her involvement in Veronica's fall, and naturally also hostility toward Sylvester for imprisoning Veronica."
Giebe Kirnberger,Lamprecht,service_retainer,directed,1,0.987305,0.987305,0.6843476771027368,"Several years later Lord Wilfried lost many of his retainers, giving Alexis the chance to become his guard knight, at Lamprecht's invitation."
Count Bindewald,Myne,enemy_rival,undirected,1,0.9872896,0.9872896,0.6843370026361562,"After infiltrating the city of Ehrenfest to secure a servitude contract with Myne, who became Rozemyne, he was taken into custody for attacking a member of Ehrenfest's archducal family."
Brunhilde,Traugott,family,undirected,1,0.98728395,0.98728395,0.684333086354586,"*The first time Brunhilde appears on page is in Part 3 Volume 3, as ""Count Groschel's daughter with crimson red hair"" during the first study material sales conducted by Rozemyne. *As Rozemyne is the baptized daughter of Elvira, Brunhilde is a distant ""blood"" relative of Rozemyne and several of her other fellow retainers, including Hartmut, Leonore, Cornelius, and Traugott, all of whom are descendants of important Liesegang faction members."
Previous Count Leisegang,Sylvester,enemy_rival,undirected,1,0.98726463,0.98726463,0.6843196947510576,"During the reign of the Sixth Aub Ehrenfest and later under Sylvester, Veronica mistreated basically anyone who wasn't a clear ally to her, with the Leisegangs in particular due to their influence and open opposition to anyone with Ahrensbach blood."
Brunhilde,Cornelius,family,undirected,1,0.9872573,0.9872573,0.684314613982224,"*The first time Brunhilde appears on page is in Part 3 Volume 3, as ""Count Groschel's daughter with crimson red hair"" during the first study material sales conducted by Rozemyne. *As Rozemyne is the baptized daughter of Elvira, Brunhilde is a distant ""blood"" relative of Rozemyne and several of her other fellow retainers, including Hartmut, Leonore, Cornelius, and Traugott, all of whom are descendants of important Liesegang faction members."
Letizia,Strahl,family,undirected,1,0.9872448,0.9872448,0.684305949642467,*Fairseele - Strahl's daughter.
Rozemyne,Damuel,service_retainer,directed,1,0.9872284,0.9872284,0.6842945820287059,"Rozemyne continues to employ her existing attendants from her time as an apprentice shrine maiden, as well as her guard knight Damuel."
Adolphine,Charlotte,enemy_rival,undirected,1,0.98722607,0.98722607,0.6842929669957751,"Charlotte soon diffuses the tension and changes the subject to Ehrenfest's romance stories, but Detlinde appears to hold a grudge against Adolphine afterward."
Ferdinand,Sergius,service_retainer,directed,1,0.98710656,0.98710656,0.6842101289762265,He specializes in collecting information. * Sergius - An Ahrensbach noble assigned to be his attendant upon his arrival in Ahrensbach. *Eckhart - An archnoble who serves as a guard knight.
Hannelore,Andrea,service_retainer,directed,1,0.98710096,0.98710096,0.6842062473520153,*Cordula - Hannelore's head attendant and the adult retainer she took along to the Royal Academy. *Andrea - A female apprentice arch attendant
Count Bindewald,Jenni,enemy_rival,undirected,1,0.98709744,0.98709744,0.6842038074739397,"When Bezewanst enlists Count Bindewald to get rid of Myne, Jenni directly attacks Myne in the ensuing fight, earning her a brutal kick to her stomach by Gunther that sent her flying."
Heisshitze,Veronica,enemy_rival,undirected,1,0.98707217,0.98707217,0.684186291644687,During their time in the academy Heisshitze and several other Dunkelfelger knights made it their goal to rescure Ferdinand from the abuse he suffered from Lady Veronica and her faction.
Barthold,Muriella,family,undirected,1,0.9870657,0.9870657,0.6841818069824288,"Prior to the purge of the former Veronica faction, Barthold's family was close to Muriella's family."
Ewigeliebe,Wentuchte,enemy_rival,undirected,1,0.9870259,0.9870259,0.6841542197246425,"Like all of Geduldh's subordinates, she was driven away by Ewigeliebe shortly after his wedding with the Goddes of Earth."
Ferdinand,Sieglinde,enemy_rival,undirected,1,0.98702544,0.98702544,0.6841539008769395,"Shortly after the end of Hannelore's fourth year at the Royal Academy, Dunkelfelger is informed by Ehrenfest, that Ahrensbach has commited treason and is trying to kill Ferdinand."
Lestilaut,Lungtase,family,undirected,1,0.9870244,0.9870244,0.6841531800038717,Infobox field family/Sister: Hannelore Lungtase (Half-Sister)
Kenntrips,Sieglinde,family,undirected,1,0.98700386,0.98700386,0.6841389427607829,Infobox field family/Aunt: Sieglinde Reichlene
Strahl,Detlinde,service_retainer,directed,1,0.9869644,0.9869644,0.684111591173038,He then served as one of Ferdinand's guard knights after his demotion by Detlinde.
Gieselfried,Strahl,service_retainer,directed,1,0.98696196,0.98696196,0.6841098998939175,"*Strahl - An archknight, who served Gieselfried loyally and competently as his guard knight and the commander of Ahrensbach's Knight's Order until Gieselfried's death."
Lieseleta,Clarissa,service_retainer,directed,1,0.9869379,0.9869379,0.6840932227727532,"For Lady Rozemyne's fourth' year at the Royal Academy, Lieseleta is chosen to accompany her as her adult retainer, with Ottilie staying behind to help contain Clarissa and prepare for her lady's move to the Sovereignty come spring."
Georgine,Roswitha,enemy_rival,undirected,1,0.9869255,0.9869255,0.6840846277477143,"Shortly before Georgine, Detlinde and their Lanzenave allies launch their insurrection, they abduct and imprison Roswitha to isolate Letizia and make her easier to manipulate for their plans."
Sidonius,Veronica,family,undirected,1,0.9868924,0.9868924,0.6840616845760378,"He was also the father of Freuden, Laurenz and was a member of the former Veronica faction. __TOC__"
Bezewanst,Jenni,enemy_rival,undirected,1,0.9868917,0.9868917,0.6840611993730114,"When Bezewanst enlists Count Bindewald to get rid of Myne, Jenni directly attacks Myne in the ensuing fight, earning her a brutal kick to her stomach by Gunther that sent her flying."
Arno,Myne,enemy_rival,undirected,1,0.9868816,0.9868816,0.6840541985864877,"The High Bishop believed that both Ferdinand and the Sylvester were away, so he, along with Count Bindewald, plotted to attack and capture Myne inside the temple."
Lestilaut,Trauerqual,family,undirected,1,0.98684627,0.98684627,0.6840297096965985,"As relatives of Trauerqual's third wife Magdalena, Lestilaut and Hannelore occasionally visited her and her son Prince Hildebrand at their royal villa in the Sovereignty, but didn't form a particularly close relationship with the prince."
Angelica,Florencia,family,undirected,1,0.98680705,0.98680705,0.684002524464177,Angelica and Lieseleta's mother. *Fonbart - Retainer who contacted the vice commander during the Defense of Ehrenfest.
Ferdinand,Martina,enemy_rival,undirected,1,0.9868047,0.9868047,0.6840008955683027,"However, when Detlinde brazenly demands Ferdinand give her his name, she finally sees past his gentle and sweet smile and notices the utter coldness in his eyes."
Count Bindewald,Rozemyne,enemy_rival,undirected,1,0.986796,0.986796,0.6839948651878318,"After infiltrating the city of Ehrenfest to secure a servitude contract with Myne, who became Rozemyne, he was taken into custody for attacking a member of Ehrenfest's archducal family."
Cornelius,Hartmut,family,undirected,1,0.9867464,0.9867464,0.683960485087676,"*Hartmut is a distant blood relative of Rozemyne and several of her other retainers, including Leonore, Brunhilde, Cornelius, and Traugott , all of whom are descendants of important Liesegang faction members."
Karla,Myne,family,undirected,1,0.9867416,0.9867416,0.6839571579812093,Karla (カルラ Karura) is the mother of Myne's best friend Lutz.
Elusia,Ortwin,service_retainer,directed,1,0.9867056,0.9867056,0.6839322046827091,Elusia is the retainer that delivers Hannelore's letter to Charlotte inquiring on Ehrenfest's stance on the bride-stealing ditter after Wilfried made personal comments of supporting Ortwin.
Raufereg,Kenntrips,service_retainer,directed,1,0.98670447,0.98670447,0.6839314214263951,If Raufereg wins: Rasantark and Kenntrips would lose their retainerships to Lestilaut and their suitor statuses.
Hartmut,Traugott,family,undirected,1,0.9867033,0.9867033,0.6839306104441938,"*Hartmut is a distant blood relative of Rozemyne and several of her other retainers, including Leonore, Brunhilde, Cornelius, and Traugott , all of whom are descendants of important Liesegang faction members."
Ferdinand,Hartmut,service_retainer,directed,1,0.9866851,0.9866851,0.6839179951655077,He was occasionally sent to Hartmut to assist him in his new duties. *Ymir - A gray priest serving Ferdinand until his departure.
Ferdinand,Hirschur,enemy_rival,undirected,1,0.98661345,0.98661345,0.6838683311700205,"Due to Lady Veronica's paranoia and spite, she did everything she could to mess with Ferdinand and anyone who would associate with him."
Ferdinand,Leonzio,enemy_rival,undirected,1,0.986555,0.986555,0.6838278167173167,When Ferdinand was poison by Letizia using Leonzio toys.
Erwaermen,Rozemyne,enemy_rival,undirected,1,0.98655313,0.98655313,0.6838265205320891,"He commands Rozemyne to gain the parts that she is missing, by killing Ferdinand and absorbing his feystone, before going back to being a silent, inanimate statue of a tree."
Corinna,Effa,family,undirected,1,0.9865463,0.9865463,0.683821786336846,"*Effa admires Benno's younger sister, Corinna, for her ability as a seamstress."
Lessy,Rozemyne,service_retainer,directed,1,0.9865079,0.9865079,0.6837951694851124,"Due to the need to stay away from the tiring meetings with the local nobility in this delicate phase, Ferdinand adviced Rozemyne to make Rainbow Lessy big enough to serve as a place in which all her retainers could rest for the night, so they didn't have to sleep outside or in commoner houses."
Georgine,Leonzio,enemy_rival,undirected,1,0.9864798,0.9864798,0.6837756920493387,"It was Leonzio, who came up with the idea to kill all the Ahrensbach nobles, not part of Detlinde and Georgine's faction and bring their feystones back to Lanzenave, with the permission and full cooperation of Detlinde and Georgine."
Alexis,Rozemyne,service_retainer,directed,1,0.98647445,0.98647445,0.6837719837119227,"When Rozemyne and Wilfried enter their first year in the Royal Academy, Alexis is introduced as one of Wilfried's guard knights."
Theodore,Giebe Kirnberger,service_retainer,directed,1,0.98646796,0.98646796,0.6837674851867209,"As was decided the year prior, upon his entry into the Royal Academy, Theodore entered Lady Rozemyne's service as a temporary guard knight until the time when he graduates from the Royal Academy, at which point he will be allowed to retire to serve Giebe Kirnberger."
Bonifatius,Lieseleta,family,undirected,1,0.98643607,0.98643607,0.6837453807231328,"He hopes that through the close connections Lieseleta's family, and her sister Angelica in particular, have with Lord Bonifatius, he will be able to lower the sentence of his family."
Wilfried,Veronica,service_retainer,directed,1,0.98641634,0.98641634,0.6837317049292604,"Following the purge of the former Veronica faction, to the public Oswald resigned of his own volition to not give the Leisegangs an opening to exploit against his now former lord, but in truth it was an order from Aub Ehrenfest, with the lie serving both to protect Wilfried from the truth and allow Oswald a more graceful end to his service than being fired."
Damuel,Traugott,enemy_rival,undirected,1,0.986388,0.986388,0.6837120611381633,"Rozemyne initially tries to understand his motives, but when he ignores Damuel's hard work and claims that his improvement was solely due to Rozemyne's mana compression technique and insults him, Rozemyne loses any interest in his reasons and just wants to get rid of him."
Gundolf,Leidenschaft,service_retainer,directed,1,0.9863788,0.9863788,0.6837056841841022,"As Hannelore of Dunkelfelger points out, it is very rare for any student to gain more than one protection per elemental affinity, and with the exception of those serving Leidenschaft, subordinate gods rarely ever grant their blessing to students."
Kazmiar,Hartmut,service_retainer,directed,1,0.98637724,0.98637724,0.6837046028745005,Kazmiar assumed the role of High Priest to assist his lord after Hartmut left the post alongside Rozemyne's move to Alexandria.
Rihyarda,Wilfried,enemy_rival,undirected,1,0.986369,0.986369,0.6836988913417327,"She also has no patience for bad behavior and is outraged at Wilfried’s retainers, when she learns that they have failed to discipline him."
Gieselfried,Leonzio,enemy_rival,undirected,1,0.98630464,0.98630464,0.6836542803891918,"*According to Leonzio, Gieselfried was assassinated by Georgine, most likely poisoned."
Ferdinand,Ymir,service_retainer,directed,1,0.9862947,0.9862947,0.683647390506217,He was occasionally sent to Hartmut to assist him in his new duties. *Ymir - A gray priest serving Ferdinand until his departure.
Gunther,Jenni,enemy_rival,undirected,1,0.9862677,0.9862677,0.683628675532342,"When Bezewanst enlists Count Bindewald to get rid of Myne, Jenni directly attacks Myne in the ensuing fight, earning her a brutal kick to her stomach by Gunther that sent her flying."
Ella,Rozemyne,romantic,undirected,1,0.9862227,0.9862227,0.6835974839092167,"She is married to Rozemyne’s other chef, Hugo."
Erwaermen,Ferdinand,enemy_rival,undirected,1,0.9861942,0.9861942,0.6835777292145708,"He commands Rozemyne to gain the parts that she is missing, by killing Ferdinand and absorbing his feystone, before going back to being a silent, inanimate statue of a tree."
Monika,Wilma,service_retainer,directed,1,0.9861578,0.9861578,0.6835524986571984,"When Monika was first appointed as an attendant, she commented to Rozemyne that she would be serving in Wilma's place as Wilma would not leave the orphanage."
Schwartz and Weiss,Solange,enemy_rival,undirected,1,0.9861477,0.9861477,0.6835454978706748,"Recently, she has been often accosted by archnobles and archduke candidates of higher ranking duchies, who tried to order her to give them Schwartz and Weiss."
Aurelia,Elvira,family,undirected,1,0.98614293,0.98614293,0.6835421915586235,"Infobox field family/Daughter: Rozemyne (Baptismal) Heidemarie (In-Law, Deceased) Aurelia (In-Law)"
Erwaermen,God of Darkness,romantic,undirected,1,0.9860698,0.9860698,0.6834915017053091,"When Ewigeliebe fell in love with the Goddes of Earth, Erwaermen assisted him in his proposal to Geduldh and acquiring the God of Darkness' permission to marry her."
Elvira,Viktor,romantic,undirected,1,0.98605114,0.98605114,0.6834785675789199,"When Brigitte and Damuel couldn't make their dreams of marriage work, Lady Elvira personally took charge of finding a good husband for Brigitte."
Kazmiar,Lothar,service_retainer,directed,1,0.98601985,0.98601985,0.6834568790036402,He accepted the suggestions by Rozemyne and her retainers for them to take Lothar and Gido as High Bishop attendants and Bartz as a workshop manager.
Blasius,Detlinde,family,undirected,1,0.986013,0.986013,0.6834521309454533,"Infobox field family/Sister: Alstede (Half-Sister) Detlinde (Half-Sister) Letizia (Half-Sister, Adoptive) Several other unnamed women"
Lily,Rozemyne,service_retainer,directed,1,0.9859772,0.9859772,0.6834273162763893,"When Hartmut becomes Rozemyne's retainer, he starts to visit the orphanage."
Leidenschaft,Schutzaria,family,undirected,1,0.98597056,0.98597056,0.6834227137791105,Infobox field family/Sister: Flutrane Schutzaria Geduldh
Angelica,Uderick,romantic,undirected,1,0.9859547,0.9859547,0.6834117204648267,"Uderick was a man of Lieseleta and Angelica's noble house to whom she was previously engaged to, and was under an original plan, meant to support the house as Lieseleta's husband."
Laurenz,Veronica,family,undirected,1,0.98593336,0.98593336,0.6833969287039935,His parents belonged to the former Veronica faction.
Anastasius,Harland,service_retainer,directed,1,0.98592454,0.98592454,0.683390815145861,*Harland - Head guard knight. *Mergild - Guard knight. *Enandol - Guard knight. *Vonriedo - Guard knight.
Count Leisegang,Leberecht,family,undirected,1,0.9858969,0.9858969,0.6833716565577903,"Leberecht is the half-brother of the current Count Leisegang, and he and his family are members of the Leisegang Faction."
Myne,Shikikoza,enemy_rival,undirected,1,0.98589003,0.98589003,0.6833668946366599,"When Myne, one of the hated commoners, has a much bigger mana capacity and is granted blue robes thus in his mind lowering his former position as a blue priest even more, it plays directly into his complexes, instilling a deep hatred for her in him."
Gentiane,Hensfen,family,undirected,1,0.9858883,0.9858883,0.6833656954920375,Infobox field family/Sister: Gentiane (Half-Sister)
Arthur,Raublut,service_retainer,directed,1,0.98587286,0.98587286,0.6833549932995696,"Following the abdication of Trauerqual from the position of Zent and his entire family moving to the newly created duchy of Blumenfeld, it is unknown whether he moved to Blumenfeld and continued to serve Hildebrand as an archduke candidate or if he was dismissed as a retainer as his lord was exploited by Raublut."
Corinna,Tuuli,enemy_rival,undirected,1,0.9858564,0.9858564,0.6833435840969776,"Corinna looks gentle and feminine at a first glance, but has no qualms in tricking Tuuli and Effa into giving commercially valuable information for free."
Sylvester,Rozemyne,service_retainer,directed,1,0.9858374,0.9858374,0.683330414300547,Left Sylvester's service to serve Rozemyne upon her adoption into the archducal family Returned into Sylvester's service after the purge of the former Veronica faction after Rozemyne's third year at the Royal Academy.
Janrik,Veronica,enemy_rival,undirected,1,0.9858344,0.9858344,0.6833283348590053,"The following winter, Aub Ehrenfest enacts a purge of the former Veronica faction, with anyone who is name-sworn to Georgine or who committed severe crimes against the archducal family and duchy being executed."
Elvira,Heidemarie,family,undirected,1,0.9858086,0.9858086,0.6833104516617469,"Infobox field family/Daughter: Rozemyne (Baptismal) Heidemarie (In-Law, Deceased) Aurelia (In-Law)"
Rihyarda,Mark,service_retainer,directed,1,0.98574716,0.98574716,0.6832678646989733,"When her own grandson, Traugott, fails to live up to his duties as a retainer, Rihyarda is the first to ask Rozemyne to dismiss him, even though it will leave a black mark on her family’s reputation."
Raimund,Rozemyne,enemy_rival,undirected,1,0.98565334,0.98565334,0.6832028336304932,"Hearing all this, Rozemyne manages to get her guard knights to back off, though they remain on guard against Raimund."
Claudio,Karstedt,enemy_rival,undirected,1,0.9856529,0.9856529,0.6832025286457337,"And this isn't limited to inexperienced people, even the commander of Ehrenfest's Knight's Order Karstedt fell victim to this once, during a spring prayer visit to the province, where he ended up roped into an extensive feybeast hunt and only realizing partway through."
Letizia,Sergius,family,undirected,1,0.9856387,0.9856387,0.6831926859557698,"Originally born in Drewanchel, Sergius moved to Ahrensbach when Lady Letizia was adopted by her grandfather Aub Ahrensbach and moved to his duchy."
Clementia,Rozemyne,romantic,undirected,1,0.98562926,0.98562926,0.6831861426463852,"When the Royal Palace is infiltrated, shortly after Rozemyne's fourth year at the Royal Academy, as the second wife, it falls to Clementia to organize the logistics for the knights fighting at the Royal Academy."
Adelbert,Gabriele,family,undirected,1,0.985617,0.985617,0.6831776446619515,"Infobox field family/Relatives: Gieselfried (Nephew) Brother of Gieselfried (Nephew) Georgine(Niece, In-Law) Adelbert (Nephew, In-Law, Deceased) Bonifatius (Nephew, In-Law) Irmhilde (Niece, In-Law, Deceased) Unnamed Woman (Adelbert's half-sister) (Niece, In-Law, Deceased)"
Sidonius,Sylvester,enemy_rival,undirected,1,0.98560786,0.98560786,0.6831713092967213,"As someone directly involved in Georgine's conspiracy to assassinate and replace Sylvester, Sidonius is among the dead, though it is unclear whether he was executed, committed suicide or died while resisting his arrest."
Bezewanst,Hasse's Mayor,enemy_rival,undirected,1,0.98559314,0.98559314,0.6831611061702234,"Unaware of Bezewanst's demise, Hasse's mayor is very uncooperative and exceptionally rude to Benno, believing that his connection to the High Priest will shield him from any consequence for his actions."
Bonifatius,Rihyarda,romantic,undirected,1,0.9855796,0.9855796,0.6831517209573986,"Gudrun later married one of Bonifatius' sons, and together they had a son named Traugott."
Detlinde,Heisshitze,romantic,undirected,1,0.9855108,0.9855108,0.6831040324313762,"After discussing the matter further among themselves the knights come up with ways they can achieve their goal and benefit their duchy at the same time, securint the support of the Aub and his first wife who then go on to support Aub Ahrensbachs bid to the king to have Ferdinand as a husband for his daughter Detlinde."
Freuden,Georgine,enemy_rival,undirected,1,0.9854578,0.9854578,0.6830672956308065,The next year in winter Ehrenfest enacts a thorough purge of anyone associated with either the former Veronica faction or Georgine.
Hortensia,Trauerqual,service_retainer,directed,1,0.98542374,0.98542374,0.6830436870378366,"She became his retainer and was charged with cleaning out the villa of her former master, but soon after, the third prince died too, only days after he defeated and killed the first prince, and Hortensia came to serve the fifth prince Trauerqual."
Leon,Sylvester,service_retainer,directed,1,0.9853357,0.9853357,0.6829826623600601,"When the topic of food comes up, he decides to report to Benno and organize the proper means to serve food to Sylvester."
Georgine,Gloria,enemy_rival,undirected,1,0.98533094,0.98533094,0.6829793629794806,"She informs Georgine that Rozemyne used to be a commoner, and explains that she was responsible for the death of Bezewanst, Georgine’s uncle."
Raufereg,Lestilaut,service_retainer,directed,1,0.98525965,0.98525965,0.6829299485169785,If Raufereg wins: Rasantark and Kenntrips would lose their retainerships to Lestilaut and their suitor statuses.
Bertram,Veronica,enemy_rival,undirected,1,0.98525083,0.98525083,0.682923834958846,"The year before Bertram's Baptism, Aub Ehrenfest enacts a purge of the former Veronica faction."
Hildebrand,Arthur,service_retainer,directed,1,0.9852461,0.9852461,0.6829205563726819,Arthur - Hildebrand's head attendant.
Freuden,Veronica,enemy_rival,undirected,1,0.98522437,0.98522437,0.6829054942844484,The next year in winter Ehrenfest enacts a thorough purge of anyone associated with either the former Veronica faction or Georgine.
Hasse's Mayor,Schutzaria,enemy_rival,undirected,1,0.98522294,0.98522294,0.6829045030839801,"To make sure that the seed of rebellion was entirely quashed, Ferdinand uses a shield of Schutzaria and orders all the citizens of Hasse and the surrounding villages to attempt to pass through it, calling it the ""Door of Judgement""."
Dinan,Ferdinand,romantic,undirected,1,0.9852106,0.9852106,0.6828959496477721,"Dinan is an Automated Magic Tool Assistants based off of Schwartz and Weiss, made by Ferdinand for his fiancée Rozemyne."
Gerda,Tuuli,enemy_rival,undirected,1,0.98515064,0.98515064,0.6828543885428257,Due to this Myne hates being at Gerda's and immediately charges straight into Tuuli's arms when she comes to get Myne.
Bonifatius,Gabriele,family,undirected,1,0.9851147,0.9851147,0.6828294768331563,"Infobox field family/Relatives: Gieselfried (Nephew) Brother of Gieselfried (Nephew) Georgine(Niece, In-Law) Adelbert (Nephew, In-Law, Deceased) Bonifatius (Nephew, In-Law) Irmhilde (Niece, In-Law, Deceased) Unnamed Woman (Adelbert's half-sister) (Niece, In-Law, Deceased)"
Adolphine,Ralfrieda,family,undirected,1,0.985075,0.985075,0.6828019588900881,"Infobox field family/Daughter: Adolphine (In-Law, Former), Nahelache (In-Law), Eglantine (In-Law)"
Gabriele,Irmhilde,family,undirected,1,0.98507303,0.98507303,0.6828005933901424,"Infobox field family/Relatives: Gieselfried (Nephew) Brother of Gieselfried (Nephew) Georgine(Niece, In-Law) Adelbert (Nephew, In-Law, Deceased) Bonifatius (Nephew, In-Law) Irmhilde (Niece, In-Law, Deceased) Unnamed Woman (Adelbert's half-sister) (Niece, In-Law, Deceased)"
Adelbert,Giebe Kirnberger,family,undirected,1,0.98503995,0.98503995,0.6827776640814095,"Giebe Kirnberger's father was quite fond of Bonifatius and openly wished that Bonifatius would have become the sixth Aub Ehrenfest, in place of his younger brother Adelbert."
Lieseleta,Wilfried,romantic,undirected,1,0.9850187,0.9850187,0.6827629347038225,"With her being without a partner, the archscholar Thorsten, one of Lord Wilfried's retainers, proposes to Lieseleta and agrees to marry down into her mednoble family, just a short time before her coming-of-age."
Raimund,Veronica,enemy_rival,undirected,1,0.98501486,0.98501486,0.6827602730186493,"She goes further to state that if she was that kind of person, she never would have taken Ferdinand under her wing, since doing so received considerable pushback from the Veronica faction and earned her many toxic messages from Lady Veronica herself back in the day."
Albsenti,Trauerqual,family,undirected,1,0.98500144,0.98500144,0.6827509709834861,By the time their father died the magic tool Grutrissheit passed down from parent to child since Zent Albsenti's times had already been passed to him.
Barthold,Rozemyne,family,undirected,1,0.98497355,0.98497355,0.6827316391086202,"His sister Cassandra initially leans toward giving her name to Rozemyne, but Barthold manages to talk her into choosing Charlotte."
Goddess of Light,Lieseleta,romantic,undirected,1,0.9849613,0.9849613,0.6827231480556585,"The stone Lieseleta makes for her future husband contains the words ""Let us serve the next generation together,"" while the one she receives reads ""To my Darkness-dispersing Goddess of Light."""
Bonifatius,Giebe Kirnberger,family,undirected,1,0.98491377,0.98491377,0.6826902027701665,"Giebe Kirnberger's father was quite fond of Bonifatius and openly wished that Bonifatius would have become the sixth Aub Ehrenfest, in place of his younger brother Adelbert."
Dahvidh,Hannelore,romantic,undirected,1,0.9849016,0.9849016,0.682681767168979,Dahvidh was the first archduke candidate to claim himself as one of Hannelore suitors once she woken up.
Myne,Wolf,family,undirected,1,0.98488915,0.98488915,0.682673137486581,Benno immediately called Myne's father and sister who then escorted Myne to the temple and she began her winter stay.
Zahm,Rozemyne,service_retainer,directed,1,0.9848754,0.9848754,0.6826636067128483,"Zahm (ザーム, Zaamu) is a gray priest and one of Rozemyne's temple attendants."
Heidi,Zack,romantic,undirected,1,0.9848631,0.9848631,0.6826550810025275,At the same meeting Josef reports that his wife Heidi is pregnant and thus Rozemyne aquits them and have a replacement go in their stead.
Bonifatius,Rozemary,family,undirected,1,0.984835,0.984835,0.6826356035667537,"Infobox field family/Daughter: Elvira (In-Law) Trudeliede (In-Law) Rozemary (In-Law, Deceased) Gudrun (In-Law)"
Bonifatius,Trudeliede,family,undirected,1,0.98477364,0.98477364,0.6825930720557546,"Infobox field family/Daughter: Elvira (In-Law) Trudeliede (In-Law) Rozemary (In-Law, Deceased) Gudrun (In-Law)"
Count Leisegang,Karstedt,family,undirected,1,0.9847456,0.9847456,0.6825736362088116,He is slightly older than his relative Karstedt .
Ferdinand,Seltier,romantic,undirected,1,0.9847452,0.9847452,0.6825733589499394,"When Georgine visits Ehrenfest under the excuse of forming bonds in preparation for Detlinde's marriage to Ferdinand, Seltier accompanies her lady."
Erwaermen,Garansorg,enemy_rival,undirected,1,0.98473215,0.98473215,0.6825643133792332,"At an unspecified point of the distant past, a man named Garansorg was failed the test of virtue by the golden shumil, guarding the path to Erwaermen, for his love of conflict and war."
Jenni,Rosina,enemy_rival,undirected,1,0.9846854,0.9846854,0.682531908748542,"She hated Myne because she took Rosina and Wilma, two former attendants of Christine, as attendants and let them live in comfort."
Bezewanst,Gloria,enemy_rival,undirected,1,0.9846087,0.9846087,0.682478744359793,"She informs Georgine that Rozemyne used to be a commoner, and explains that she was responsible for the death of Bezewanst, Georgine’s uncle."
Dinan,Rozemyne,romantic,undirected,1,0.98455644,0.98455644,0.6824425204881369,"Dinan is an Automated Magic Tool Assistants based off of Schwartz and Weiss, made by Ferdinand for his fiancée Rozemyne."
Kenntrips,Hannelore,service_retainer,directed,1,0.98446566,0.98446566,0.6823795965870857,"Kenntrips prepared well for the knight's exam, but had to forfeit both it and dream of serving as Hannelore's guard knight, when his father ordered him to become a scholar in Lord Lestilaut's service."
Detlinde,Seltier,romantic,undirected,1,0.98446345,0.98446345,0.6823780647318167,"When Georgine visits Ehrenfest under the excuse of forming bonds in preparation for Detlinde's marriage to Ferdinand, Seltier accompanies her lady."
Rozemary,Trudeliede,enemy_rival,undirected,1,0.984421,0.984421,0.6823486406340019,"They made demands far above their station, leading to a serious feud between them and Karstedt's second wife Trudeliede, who in turn went on to bully Rozemary severely, which only made her already poor health deteriorate further."
Lestilaut,Schwartz and Weiss,enemy_rival,undirected,1,0.9843998,0.9843998,0.682333945913774,"Rozemyne considers him to be a ""musclehead."" He demonstrated a tendency to act without thinking things through, when escalating a dispute over the mastership of Schwartz and Weiss into full-on combat within the halls of the Royal Academy."
Damuel,Viktor,romantic,undirected,1,0.9843985,0.9843985,0.6823330448224393,"When Brigitte and Damuel couldn't make their dreams of marriage work, Lady Elvira personally took charge of finding a good husband for Brigitte."
Benno,Effa,family,undirected,1,0.9843873,0.9843873,0.682325281574017,"*Effa admires Benno's younger sister, Corinna, for her ability as a seamstress."
Gustav,Liz,romantic,undirected,1,0.9843068,0.9843068,0.682269483225982,"Gustav didn't want to see the Gilberta Company and new hard-working talents crumbling down and offered his daughters for marriage to Benno, after Benno's fiancée Liz died."
Count Groschel,Previous Count Leisegang,romantic,undirected,1,0.98429203,0.98429203,0.682259245442125,"On top of that, her husband was eventually removed from his archduke candidacy for fear of causing political strife in the duchy, and became the first Count Groschel."
Grausam,Wolf,enemy_rival,undirected,1,0.9841995,0.9841995,0.6821951085335078,"Since giebe is an umbrella-term for all landowning nobles, including viscount, this is not a contradiction in terms of the Lore. *Grausam was shown to be the noble conspiring with Wolf in the anime, but it was not specified in the light novel."
Dinan,Schwartz and Weiss,romantic,undirected,1,0.98415935,0.98415935,0.6821672786742083,"Dinan is an Automated Magic Tool Assistants based off of Schwartz and Weiss, made by Ferdinand for his fiancée Rozemyne."
Karstedt,Veronica,family,undirected,1,0.98413694,0.98413694,0.6821517452458921,"He was on good terms with Ferdinand during the time he served as a knight, recognizing him as his family and his cousin despite pressure from Veronica to ostracize him."
Thorsten,Uderick,romantic,undirected,1,0.9841361,0.9841361,0.6821511630022603,"In her place, her ex-fiancé Uderick will be made the successor of the house and Elvira will convince Thorsten's family to break off the engagement from their side, so as to not have any negative impact on Lieseleta's family over the impression of mednobles defying the will of archnobles."
Nicola,Fran,service_retainer,directed,1,0.9841,0.9841,0.6821261403890422,"After Myne dismissed Delia from her service, Fran asked Myne to consider taking on a new attendant, so she had someone to direct her compassion towards."
Fatiehe,Georgine,service_retainer,directed,1,0.984073,0.984073,0.682107425415167,"When she was old enough to participate in the general politicking and factions of the nobility, she joined Georgine's faction and eventually managed to land the position of attendant to Detlinde."
Jenni,Wilma,enemy_rival,undirected,1,0.984059,0.984059,0.6820977213546392,"She hated Myne because she took Rosina and Wilma, two former attendants of Christine, as attendants and let them live in comfort."
Detlinde,Strahl,enemy_rival,undirected,1,0.98403776,0.98403776,0.6820829989085241,"Just a short time later, Detlinde dismisses Strahl from his position of Knight's Commander over being ""too critical and irritating,"" for pointing out how inappropriate her frequent visits to the Lanzenave estate and open shows of affection for Lord Leonzio are, apparently not caring for his qualification and proven loyalty the slightest bit."
Ferdinand,Raimund,enemy_rival,undirected,1,0.98403,0.98403,0.6820776200864029,"Just like Hirschur and Ferdinand, Raimund is obsessed with magical research to the point of disregarding his own well-being."
Gervasio,Trauerqual,enemy_rival,undirected,1,0.983987,0.983987,0.6820478147576389,"After the civil war, the Adalgisa villa was closed by the new Zent Trauerqual and all its remaining inhabitants were executed, including Valamarlene, which would eventually set off Gervasio and Raublut's plans to conquer Yurgenschmidt, so they could abolish the inhumane Adalgisa deal for good and never let anything like it happen again."
Muriella,Wilfried,romantic,undirected,1,0.98387516,0.98387516,0.681970293176965,"To help her fiancé Wilfried, Rozemyne agrees to move up the schedule and start the experiment a few days after the Feast Celebrating Spring and offers all her retainers the chance to participate."
Ralfrieda,Raublut,romantic,undirected,1,0.9838688,0.9838688,0.6819658847608967,"Despite having plenty of reason and justification to entirely divorce Ralfrieda for her role in bringing the traitor Raublut into a position, where he was able to unleash the chaos he did, Trauerqual decides to keep his marriage with Ralfrieda."
Raublut,Rozemyne,enemy_rival,undirected,1,0.9838545,0.9838545,0.6819559727562147,"It is later revealed that Raublut killed Hortensia, but is able to pass it off as a natural death, as some point during or shortly after the conclusion of the regular study season in Rozemyne's fourth' year at the academy."
Nicola,Delia,service_retainer,directed,1,0.9838102,0.9838102,0.6819252663361158,"After Myne dismissed Delia from her service, Fran asked Myne to consider taking on a new attendant, so she had someone to direct her compassion towards."
Lily,Hartmut,service_retainer,directed,1,0.98379666,0.98379666,0.681915881123291,"When Hartmut becomes Rozemyne's retainer, he starts to visit the orphanage."
Adolphine,Immanuel,romantic,undirected,1,0.9837931,0.9837931,0.6819134135193283,"The next year the royal family arranges for Rozemyne to hold the Starbind Ceremony, in which Prince Sigiswald and Lady Adolphine are to be married."
Aurelia,Veronica,romantic,undirected,1,0.9837902,0.9837902,0.6819114033925047,"It was there that she met Lamprecht, who initially only wished for the three year younger girl to introduce him to other female Ahrensbach students, since Lady Veronica had decreed he was to marry someone from Ahrensbach."
Laura,Rozemyne,family,undirected,1,0.98378813,0.98378813,0.6819099685778409,"A few years later, Laura's older sister comes of age and attends a ceremony in the temple led by the new High Bishop, Rozemyne."
Georgine,Trudeliede,enemy_rival,undirected,1,0.9837875,0.9837875,0.6819095318951172,"In her son's ninth winter, Ehrenfest enacts a purge of the former Veronica faction and anyone associated with Georgine."
Lutz,Sieg,family,undirected,1,0.9837834,0.9837834,0.6819066899916768,"He is the second of four brothers, and the older brother of Lutz."
Christine,Rozemyne,service_retainer,directed,1,0.9837749,0.9837749,0.6819007982406421,"*She was a night owl, rising late and playing music until late in the evening. *Her retainers played songs for her to wake up in the morning and getting her dressed. *She returned to the Nobles' Quarter on a regular basis. *She thinks of her time in the temple as a blissful time to enjoy. *She graduated from the Royal Academy three years before Rozemyne's entry. *In addition to Wilma and Rosina, Jenni was also one of Christine's attendants."
Elvira,Uderick,romantic,undirected,1,0.9837367,0.9837367,0.6818743200183447,"In her place, her ex-fiancé Uderick will be made the successor of the house and Elvira will convince Thorsten's family to break off the engagement from their side, so as to not have any negative impact on Lieseleta's family over the impression of mednobles defying the will of archnobles."
Oswald,Rihyarda,service_retainer,directed,1,0.9837051,0.9837051,0.681852416567439,"While it was not explained how he is related to the archduke's family, Rihyarda mentioned that he was of archduke's blood and this along with his status of archnoble was a significant deciding factor in him being chosen as Wilfried's head-attendant, since it would give him the position necessary to handle Wilfried and even literally tie him to a chair and force him to learn, should it become necessary."
Giebe Kirnberger,Veronica,enemy_rival,undirected,1,0.98369884,0.98369884,0.6818480774660887,"His second wife is a former Leisegang noble, who was severely abused by Veronica."
Aub Klassenberg,Sigiswald,family,undirected,1,0.98364407,0.98364407,0.6818101137950094,"After some hard work on his part, Anastasius also manages to convince King Trauerqual, Aub Klassenberg, and Eglantine's biological grandfather and adoptive father, the Previous Aub Klassenberg to agree to this arrangement, making it official."
Raufereg,Rauffen,enemy_rival,undirected,1,0.9836315,0.9836315,0.6818014009349498,"Hannelore gives a signal and the match is ultimately decided with the betrayal of Lungtase's retainers throwing Raufereg's gewinnen piece out of bounds, with Professor Rauffen declaring Rasantark the winner."
Rozemyne,Sieglinde,romantic,undirected,1,0.9835984,0.9835984,0.6817784577632733,"As such they seek an alliance with Dunkelfelger, which Werdekraf eagerly agrees to, in no small part because Rozemyne painted her planned assault as ""true ditter."" Despite their eagerness to join the fray, Sieglinde is able to reign her husband and son's passions in."
Goddess of Light,Thorsten,romantic,undirected,1,0.98358893,0.98358893,0.6817718936594734,"The stone Lieseleta makes for her future husband contains the words ""Let us serve the next generation together,"" while the one she receives reads ""To my Darkness-dispersing Goddess of Light."""
Wentuchte,Schutzaria,service_retainer,directed,1,0.9835834,0.9835834,0.6817680605555649,"Such a master of her craft was the Goddess of Weaving that cloth of the highest quality was praised as being ""excellent enough to have come from her hands."" She now serves under Schutzaria."
Anastasius,Magdalena,enemy_rival,undirected,1,0.9834185,0.9834185,0.6816537605854905,"With even more rage against the traitor, she sets off alongside the Dunkelfelger knights and makes for the auditorium, where the last remains of the enemy troops still at large in the Royal Academy are concentrated and locked in a battle with Ahrensbach and Ehrenfest forces led by Rozemyne and Ferdinand, as well as Anastasius and his personal guards."
Cornelius,Wolf,family,undirected,1,0.9834046,0.9834046,0.6816441258396807,"At his own estimation, he has surpassed his father by the age of 14, and he expects to continue growing in the future. *Highbeast: His highbeast takes the shape of a winged wolf."
Karstedt,Leonore,romantic,undirected,1,0.98340327,0.98340327,0.6816432039539306,"*Divine Protections: Other than previously acquired divine protections from main gods of her aptitudes, Leonore managed to gain divine protections from Angriff and Steifebrise during the special reacquisition session for graduates. *Mana Capacity: Leonore has enough mana capacity to be engaged to Cornelius, who's the one with the most mana among Karstedt's children (sans Rozemyne)."
Clarissa,Hannelore,service_retainer,directed,1,0.9833799,0.9833799,0.681627005104321,"Clarissa (クラリッサ, Kuralisa) was an apprentice scholar of Dunkelfelger that served as Hannelore's scholar during the book lover's tea party."
Georgine,Muriella,enemy_rival,undirected,1,0.98337686,0.98337686,0.6816248979368921,"But unfortunately, she was name-sworn to Georgine, leaving the Aub no choice than to execute her."
Elvira,Sylvester,romantic,undirected,1,0.983318,0.983318,0.6815840992938443,"When Sylvester married his first wife, Florencia, she was also targeted by Veronica and eventually joined Elvira’s faction."
Monika,Fran,service_retainer,directed,1,0.98331535,0.98331535,0.6815822624538158,"After Myne dismissed Delia from her service, Fran asked Myne to consider taking on a new attendant, so she had someone to direct her compassion towards."
Mark,Benno,service_retainer,directed,1,0.9832743,0.9832743,0.6815538087620538,"Mark (マルク, Maruku) is a leherl at Benno's store and his right-hand man."
Georgine,Previous Count Leisegang,enemy_rival,undirected,1,0.98322636,0.98322636,0.6815205792862178,"Shortly after Ehrenfest's internal purge of the former Veronica faction and those aligned with Georgine, the previous Count Leisegang passes away peacefully, his thirst for revenge against Gabriele, Veronica, and their ilk finally sated by the reprisals meted out in the purge."
Hartmut,Wilfried,family,undirected,1,0.98321104,0.98321104,0.6815099602714116,"When Hartmut heard that Wilfried committed the crime of entering the Ivory Tower, he told his mother that Rozemyne should have used the opportunity to cement her position as the next archduchess."
Lutz,Zasha,family,undirected,1,0.9831597,0.9831597,0.6814743740951617,"He is the eldest of four brothers, and the older brother of Lutz."
Georgine,Kampfer,enemy_rival,undirected,1,0.98313254,0.98313254,0.6814555482177377,"This gray shrine maiden is then caught by Georgine and killed, so the invader can use her gray robes to sneak further into the temple undetected."
Cassandra,Georgine,family,undirected,1,0.9830859,0.9830859,0.6814232198332363,"Cassandra is one of the five student, who's parents are executed for severe crimes committed for either Veronica or Georgine."
Alexis,Barthold,enemy_rival,undirected,1,0.9830851,0.9830851,0.6814226653154919,"He urges him to do what it takes to protect Wilfried, even from Barthold's influence, and drag him onto the right path."
Otto,Gunther,service_retainer,directed,1,0.983022,0.983022,0.6813789277283985,"He previously served under Gunther as a soldier at the city gate, where he taught Myne how to read and write."
Blasius,Rozemyne,romantic,undirected,1,0.98295975,0.98295975,0.6813357793164087,"When Georgine, his wife's mother, launches her insurrection together with Lanzenave, Blasius goes with his wife to the Adalgisa Villa on the grounds of the Royal Academy and gets stuck there, when Lady Rozemyne steals Ahrensbach's Foundation and disables the teleporter between the Lanzenave Estate and the Adalgisa Villa."
Justus,Myne,service_retainer,directed,1,0.9828954,0.9828954,0.6812911752953397,"Not long after Myne joined the temple, Ferdinand assigned Justus and Eckhart to investigate her activities in the Lower City."
Ferdinand,Lothar,enemy_rival,undirected,1,0.98287845,0.98287845,0.6812794264506291,"When Ferdinand first came to the temple, he chose to pick the absolute minimum number of attendant gray priests due the mistrust that years of abuse and assassination attempts by Veronica has ingrained in him."
Eckhart,Hasse's Mayor,enemy_rival,undirected,1,0.9828194,0.9828194,0.6812384961096171,"While the vast majority of the citizens are able to pass through without resistance, the mayor and six others are knocked away by the winds of the shield due to harboring ill intent, at which point Eckhart restrains them with magical bands of light."
Justus,Sylvester,family,undirected,1,0.98272413,0.98272413,0.6811724599777251,"Eventually, his mother Rihyarda scolded him that he should become a scholar if he loved gathering information so much, and use his enthusiasm to collect valuable intelligence for Sylvester."
Detlinde,Fatiehe,romantic,undirected,1,0.9827126,0.9827126,0.6811644679907333,"She is already engaged and will marry into another duchy come next Spring, which in turn makes Martina envious of her, since Martina being one of Detlinde's favorites is unlikely to ever be able to leave her lady's service."
Heisshitze,Trauerqual,romantic,undirected,1,0.9826943,0.9826943,0.6811517833973291,This infuriated Magdalena who was already in love with Trauerqual the fifth prince.
Rihyarda,Sylvester,service_retainer,directed,1,0.9826779,0.9826779,0.6811404157835679,Infobox field occupation: Attendant Sylvester's Head Attendant Rozemyne's Head Attendant (Former) Georgine's Head Attendant (Former) Veronica's Head Attendant
Ralph,Zasha,romantic,undirected,1,0.982431,0.982431,0.6809692777446876,"By the spring of his younger bother Ralph's coming-of-age, Zasha is already married and has moved out of his parents' home."
Rozemyne,Sergius,enemy_rival,undirected,1,0.98242307,0.98242307,0.6809637810875457,"Despite his exemplary service, Ferdinand is not yet able to fully trust him as can be seen by him cutting Rozemyne off and warning her against discussing intelligence with him while Sergius is within earshot."
Wilfried,Isidore,service_retainer,directed,1,0.98240674,0.98240674,0.6809524619940872,Isidore - One of Wilfried's apprentice attendants in the royal academy.
Immanuel,Sigiswald,romantic,undirected,1,0.9823767,0.9823767,0.6809316398527832,"The next year the royal family arranges for Rozemyne to hold the Starbind Ceremony, in which Prince Sigiswald and Lady Adolphine are to be married."
Judithe,Sylvester,romantic,undirected,1,0.9823216,0.9823216,0.6808934474431344,"As she will be staying in Ehrenfest, Bertilde suggested that she could serve Brunhilde, Sylvester's future second wife."
Florencia,Gieselfried,family,undirected,1,0.98227763,0.98227763,0.6808629697616051,Infobox field family/Brother: Aub Frenbeltag Ferdinand (In-Law) Gieselfried (In-Law)
Gundolf,Hirschur,service_retainer,directed,1,0.982128,0.982128,0.680759254148978,"In Rozemyne's third year at the Royal Academy, Gundolf and Hirschur are assigned to oversee the third-years' Divine Protection Acquisition."
Arno,Count Bindewald,enemy_rival,undirected,1,0.98212564,0.98212564,0.6807576183216318,"The High Bishop believed that both Ferdinand and the Sylvester were away, so he, along with Count Bindewald, plotted to attack and capture Myne inside the temple."
Adelbert,Valamarlene,family,undirected,1,0.9821233,0.9821233,0.6807559963572294,"However, before his sister came of age, Adelbert - the at the time Aub Ehrenfest - somehow managed to get his son Quinta released from the Adalgisa villa."
Ferdinand,Henrik,enemy_rival,undirected,1,0.98211676,0.98211676,0.6807514631746685,"Fellow students like Henrik and Eckhart were immensely impressed by his achievements, and Heisshitze of Dunkelfelger came to view him as a rival."
Rihyarda,Georgine,service_retainer,directed,1,0.98210114,0.98210114,0.6807406362157081,Infobox field occupation: Attendant Sylvester's Head Attendant Rozemyne's Head Attendant (Former) Georgine's Head Attendant (Former) Veronica's Head Attendant
Schwartz and Weiss,Hortensia,service_retainer,directed,1,0.98185986,0.98185986,0.6805733936639826,"Just a few days later, however, Hortensia is able to dedicate more of her mana to the shumils and finish the transfer of mastership. |- |Hortensia |Primary |In Rozemyne's third year, the Sovereignty dispatched Hortensia to serve as an archnoble librarian in the Royal Academy and specifically take over mastership of Schwartz and Weiss from Rozemyne."
Dirk,Freida,family,undirected,1,0.98164064,0.98164064,0.6804214419390602,"*Freida is one of the only three named Devouring children shown, along with Myne and Dirk. *According to Benno, she is the one resembling her grandfather the most in her family."
Cassandra,Veronica,family,undirected,1,0.9815989,0.9815989,0.6803925099757437,"Cassandra is one of the five student, who's parents are executed for severe crimes committed for either Veronica or Georgine."
Christine,Veronica,romantic,undirected,1,0.9815709,0.9815709,0.680373101854688,"In the purge of the former Veronica faction and the Georgine supporters, Christine's husband is found guilty of crimes against Ehrenfest."
Monika,Delia,service_retainer,directed,1,0.9814796,0.9814796,0.6803098175171028,"After Myne dismissed Delia from her service, Fran asked Myne to consider taking on a new attendant, so she had someone to direct her compassion towards."
Adelbert,Previous Count Leisegang,family,undirected,1,0.9814703,0.9814703,0.6803033712483236,"However, Bonifatius renounced his claim to the seat of archduke and actively surrendered it to his younger brother, Adelbert, who became the Sixth Aub Ehrenfest."
Adolphine,Letizia's Brother,family,undirected,1,0.9813851,0.9813851,0.68024431510854,"Infobox field family/Sister: Letizia Adolphine (Half Brother, Adoptive)"
Gundolf,Rozemyne,service_retainer,directed,1,0.98137915,0.98137915,0.6802401908828156,"In Rozemyne's third year at the Royal Academy, Gundolf and Hirschur are assigned to oversee the third-years' Divine Protection Acquisition."
Ferdinand,Kampfer,family,undirected,1,0.9813456,0.9813456,0.6802169357949078,In the past his family even went so far as to siphon money that Kampfer earned away from him until High Priest Ferdinand had some stern words for them.
Hassheit,Helfried,enemy_rival,undirected,1,0.98128295,0.98128295,0.6801735101240457,"Brigitte cancelled her engagement to stop this from happening, however, this caused her former fiancé Hassheit to work against Illgner and cause trouble for Giebe Illgner and the province."
Gieselfried,Wilfried,romantic,undirected,1,0.9812041,0.9812041,0.6801188554688586,"With his tarnished reputation and family ties to Ahrensbach, Wilfried appears to be a perfect candidate, but unfortunately he has recently been announced to be betrothed to Lady Rozemyne with the king's approval, dashing their hopes of arranging a marriage between the cousins."
Angelica,Heidemarie,romantic,undirected,1,0.98118114,0.98118114,0.680102940809593,"While he eventually agrees to an engagement with Angelica, his reasoning is primarily that her lack of interest in romance will allow both of them to put off the marriage as long as possible while continuing to serve their respective masters, Ferdinand and Rozemyne."
Benno,Wolf,family,undirected,1,0.9811381,0.9811381,0.6800731077549417,Benno immediately called Myne's father and sister who then escorted Myne to the temple and she began her winter stay.
Leonzio,Strahl,enemy_rival,undirected,1,0.98112136,0.98112136,0.6800615044711391,"Just a short time later, Detlinde dismisses Strahl from his position of Knight's Commander over being ""too critical and irritating,"" for pointing out how inappropriate her frequent visits to the Lanzenave estate and open shows of affection for Lord Leonzio are, apparently not caring for his qualification and proven loyalty the slightest bit."
Rozemyne,Thorsten,romantic,undirected,1,0.98096496,0.98096496,0.6799530962520995,"Lieseleta's family wishes to find a future husband for their family, who serves a member of the archducal family, who has archnoble levels of mana and who's willing to marry down into their mednoble family, and Thorsten's family, would get the connection to Rozemyne they hope for."
Christel,Florencia,family,undirected,1,0.9809342,0.9809342,0.6799317750448255,"Initially, Christel's mother only agreed to participating solely for the opportunity to get closer to the Leisegang and Florencia factions, but once Ferdinand played the love song dedicated to Geduldh, she fainted like many other noble ladies, while Christel just barely avoided falling completely unconscious and being carried out for medical attention by a knight."
Trauerqual,Werdekraf's Elder Brother,family,undirected,1,0.9808785,0.9808785,0.6798931667468683,Infobox field family/Brother: Werdekraf Younger Brother Trauerqual (In Law)
Erwaermen,Mark,romantic,undirected,1,0.98082465,0.98082465,0.6798558407711951,"This initially confuses Erwaermen, sicne their mana is nearly identical, but after some back and froth, in which Rozemyne reveals that she was once dyed by Quinta and realizing that this dying stuck to this day, on account of Rozemyne being a child with the Mark of Ewigeliebe, she is able to convince the former god of the truth of her statement."
Adelbert,Rihyarda,service_retainer,directed,1,0.98080117,0.98080117,0.6798395656753956,"Adelbert assigned the archducal family's trusted attendant Rihyarda to train his Karstedt before his baptism, after which he would enter the castle as an archduke candidate."
Benno,Freida,family,undirected,1,0.98078775,0.98078775,0.6798302636402325,"*Freida is one of the only three named Devouring children shown, along with Myne and Dirk. *According to Benno, she is the one resembling her grandfather the most in her family."
Blasius,Georgine,romantic,undirected,1,0.98066473,0.98066473,0.67974499267408,"When Georgine, his wife's mother, launches her insurrection together with Lanzenave, Blasius goes with his wife to the Adalgisa Villa on the grounds of the Royal Academy and gets stuck there, when Lady Rozemyne steals Ahrensbach's Foundation and disables the teleporter between the Lanzenave Estate and the Adalgisa Villa."
Isidore,Veronica,service_retainer,directed,1,0.9806583,0.9806583,0.679740535737709,*Veronica ordered that he serve Wilfried after his baptism as a way to test his parent's loyalty
Schwartz and Weiss,Rozemyne,service_retainer,directed,1,0.98063976,0.98063976,0.6797276847889814,"Just a few days later, however, Hortensia is able to dedicate more of her mana to the shumils and finish the transfer of mastership. |- |Hortensia |Primary |In Rozemyne's third year, the Sovereignty dispatched Hortensia to serve as an archnoble librarian in the Royal Academy and specifically take over mastership of Schwartz and Weiss from Rozemyne."
Count Leisegang,Rozemyne,service_retainer,directed,1,0.9806337,0.9806337,0.6797234843170673,"Their meeting was somewhat overshadowed by the collapse of the Previous Count Leisegang and an incident with one of Rozemyne's retainers, which caused Rozemyne to excuse herself as soon as social norms allowed, preventing any interactions between Giebe Leisegang and her beyond greetings and the teaching of the compression ."
Grausam,Rozemyne,enemy_rival,undirected,1,0.9806111,0.9806111,0.6797078191907865,"During the Defense of Ehrenfest, he was defeated in battle against Rozemyne, Matthias and Dunkelfelger knights."
Fran,Arno,service_retainer,directed,1,0.9805941,0.9805941,0.6796960356887171,"After her death, Ferdinand entered the temple and took both Fran and Arno as his attendants."
Kashick,Jonsara,service_retainer,directed,1,0.9805325,0.9805325,0.6796533378223946,"*Eineira - Technically she is Jonsara's attendant, but since she is the only attendant and noble reainer of any kind in the entire estate, she also serves her lady's husband when he's home and the children from his first wife when it is unavoidable."
Kai,Gil,service_retainer,directed,1,0.9804144,0.9804144,0.6795714771403705,"Despite this he didn't have a high opinion of Gil, remarking at one point that Gil was probably chosen as the commoner blue shrine maiden's attendant, because he was the most useless grey robe in the temple ."
Rihyarda,Veronica,service_retainer,directed,1,0.9804114,0.9804114,0.6795693976988287,Infobox field occupation: Attendant Sylvester's Head Attendant Rozemyne's Head Attendant (Former) Georgine's Head Attendant (Former) Veronica's Head Attendant
Freida,Myne,family,undirected,1,0.98034716,0.98034716,0.6795248699239496,"*Freida is one of the only three named Devouring children shown, along with Myne and Dirk. *According to Benno, she is the one resembling her grandfather the most in her family."
Heidemarie,Karstedt,family,undirected,1,0.98034483,0.98034483,0.6795232548910188,"Infobox field family/Daughter: Heidemarie (In-Law, Deceased) Rozemyne Aurelia (In-Law)"
Cornelius,Nikolaus,family,undirected,1,0.9802751,0.9802751,0.6794749217381184,"This surprises Cornelius, who points out that this will very likely upset his mother, to which Nikolaus replies that Trudeliede ""bothers me as much as does any of you,"" indicating that his relationship to his mother is rather strained."
Dahvidh,Ortwin,enemy_rival,undirected,1,0.9802603,0.9802603,0.6794646631598461,"Whenever Dahvidh played against Ortwin, the Drewanchel student was able to win quite handily and considers Dahvidh an easy opponent as a result."
Gretia,Roderick,enemy_rival,undirected,1,0.98022276,0.98022276,0.6794386424146879,"She wishes for nothing more than to be completely cut off from them, just like Rozemyne did for Roderick."
Martina,Georgine,service_retainer,directed,1,0.9802082,0.9802082,0.679428550191739,"Despite originally planning to become a scholar and serve Lord Wolfram upon entering the Royal Academy, when Georgine offered to make Martina an attendant of her daughter Detlinde, Martina accepted and dedicated herself to this new role."
Barthold,Charlotte,family,undirected,1,0.980185,0.980185,0.6794124691771499,"His sister Cassandra initially leans toward giving her name to Rozemyne, but Barthold manages to talk her into choosing Charlotte."
Lieseleta,Veronica,family,undirected,1,0.98016846,0.98016846,0.6794010045227835,"During that, members of his family were sentences to severe punishments, due to having carried out criminal acts under direct orders of Lady Veronica."
Letizia,Raublut,romantic,undirected,1,0.98014736,0.98014736,0.6793863791172737,"Following Prince Hildebrand's royal debut and the announcement of his engagement with Lady Letizia of Ahrensbach, Raublut visits the prince in his villa."
Nikolaus,Veronica,family,undirected,1,0.9799702,0.9799702,0.6792635811627658,"In the course of the purge enacted in Ehrenfest in Nikolaus' ninth winter, his mother is imprisoned for the crimes she committed in support of Lady Veronica and consequently the side-building in the Karstedt estate in which she lived with her son is closed."
Bonifatius,Janrik,enemy_rival,undirected,1,0.97985613,0.97985613,0.6791845138638792,"His nephew was killed by someone, before Bonifatius and his forces were able to subdue and capture the family and their guards, presumably killed by his own family to cover any traces to Georgine."
Hugo,Leise,enemy_rival,undirected,1,0.97983783,0.97983783,0.679171829270475,"One of those dishes is grilled consommé vegetables, which she invented in response to losing a competition to Hugo."
Harland,Ferdinand,service_retainer,directed,1,0.979811,0.979811,0.6791532321316205,"After Ferdinand contacts Anastasius to open the Farthest Hall, he tells his other guard knight Mergild to consult Harland on how many knights they can bring and to gather outside the door to the Royal Academy."
Letizia,Trauerqual,romantic,undirected,1,0.9797886,0.9797886,0.679137705634776,"To compensate his former ally for the damage the purge has done to his duchy, Zent Trauerqual agreed to marry his son Hildebrand to Aub Ahrensbach's granddaughter and heir once she ascends to the position of archduchess."
Christel,Elvira,family,undirected,1,0.97972775,0.97972775,0.679095527628839,"During their tea party, an Ordonnanz from Lady Helmina arrives, inviting Christel and her mother to another tea party organized by Lady Elvira, exclusive to all those that have bought illustrations of Ferdinand, which Christel remarks makes the original investment even more worth it and will help to calm their father down."
Jeremias,Myne,family,undirected,1,0.97966504,0.97966504,0.679052060369146,Aub Ehrenfest signed an agreement with Viscount Dahldolf that pardoned the rest of his family from collective punishment in exchange for their promise never to approach Myne again.
Baron Glaz,Rozemyne,romantic,undirected,1,0.9796393,0.9796393,0.6790342187607185,"The giebes of Glaz and the neighboring province of Blon appear to be on good terms: Baron Glaz's son Bernadet marries Lagrete, the daughter of Baron Blon during Rozemyne's first noble Starbind Ceremony as High Bishop."
Magdalena,Rozemyne,enemy_rival,undirected,1,0.9796122,0.9796122,0.6790154344721253,"With even more rage against the traitor, she sets off alongside the Dunkelfelger knights and makes for the auditorium, where the last remains of the enemy troops still at large in the Royal Academy are concentrated and locked in a battle with Ahrensbach and Ehrenfest forces led by Rozemyne and Ferdinand, as well as Anastasius and his personal guards."
Bezewanst,Shikikoza,family,undirected,1,0.9795981,0.9795981,0.6790056610968793,"Thanks to his mother's influence, Shikza was able to become part of Bezewanst's inner circle, garnering many privileges over his fellow blue priests who remained neutral or in opposition to the High Bishop."
Lieseleta,Elvira,service_retainer,directed,1,0.979536,0.979536,0.6789626166569666,"At Elvira's suggestion, Lieseleta strives to become Rozemyne's head-attendant."
Ferdinand,Raublut,family,undirected,1,0.9795155,0.9795155,0.6789484071397651,"The circumstances surrounding this event are unclear even to nobles (like Raublut) who were closely involved at the time, but Aub Ehrenfest attributed it to ""the guidance of the Goddess of Time."" As Yurgenschmidt still needed to provide a feystone to Lanzenave, Ferdinand's mother Seradina was executed and turned into a feystone in his place."
Heisshitze,Rozemyne,family,undirected,1,0.9795054,0.9795054,0.6789414063532414,"At the Interduchy Tournament in Rozemyne and Hannelore's second year at the royal academy, Aub Dunkelfelger challenges Ehrenfest to a Ditter match over the publishing rights for a manuscript that Lady Rozemyne - Aub Ehrenfest's adopted daughter - had made by translating a borrowed Dunkelfelger book into modern language."
Lieseleta,Mark,family,undirected,1,0.979505,0.979505,0.6789411290943692,A noble failing to graduate the Royal Academy would be a great mark of shame upon the entire family that Angelica's master spared them from.
Bertram,Georgine,enemy_rival,undirected,1,0.9794636,0.9794636,0.678912432801094,"As someone name-sworn to Georgine of Ahrensbach, Sidonius was among those sentenced to execution, though it is unclear whether he is captured alive and executed, killed while resisting the arrest or committed suicide."
Dregarnuhr,Schutzaria,service_retainer,directed,1,0.9794138,0.9794138,0.6788779140715021,"Dregarnuhr (ドレッファングーア, Doreffangūa) is the Goddess of Time and a subordinate of Schutzaria."
Hannelore,Heisshitze,family,undirected,1,0.9793956,0.9793956,0.678865298792816,"At the Interduchy Tournament in Rozemyne and Hannelore's second year at the royal academy, Aub Dunkelfelger challenges Ehrenfest to a Ditter match over the publishing rights for a manuscript that Lady Rozemyne - Aub Ehrenfest's adopted daughter - had made by translating a borrowed Dunkelfelger book into modern language."
Muriella,Veronica,family,undirected,1,0.9793875,0.9793875,0.6788596843006534,"Muriella (ミュリエラ, Myuriera) is an Ehrenfest medscholar and a child of members of the former Veronica faction."
Leberecht,Veronica,romantic,undirected,1,0.9793426,0.9793426,0.6788285619922463,"During Rozemyne's third year at the Royal Academy, Aub Ehrenfest is too busy with the ongoing purge of the former Veronica faction and thus delegates the reports coming from the Royal Academy to his wife."
Philine,Hartmut,service_retainer,directed,1,0.97919625,0.97919625,0.6787271199023713,"She is also a hard worker, managing her duties as a retainer, her studies under Hartmut, and her side job transcribing stories, while also keeping up with the demanding pace of her classes."
Dregarnuhr,Wentuchte,romantic,undirected,1,0.97913694,0.97913694,0.6786860093430923,"As a reward for lending Dregarnuhr her body, Hannelore is granted a wish and she uses it to have her consciousness sent back one year into the past, to get another chance to convey her feelings to Wilfried."
Gunther,Otto,family,undirected,1,0.9791083,0.9791083,0.6786661576078411,"When Myne started to learn her letters from Otto, Gunther also started to secretly study to maintain his pride as a father."
Charlotte,Lamprecht,family,undirected,1,0.97905684,0.97905684,0.6786304882539295,"Although they are cousins, the two girls only met each other at the wedding of Lamprecht and Freuden, with Aurelia and Bettina, where Charlotte and Detlinde only exchanged polite, formal greetings."
Achim,Rozemyne,service_retainer,directed,1,0.9790364,0.9790364,0.6786163203255589,"When Rozemyne returns from her first term at the Royal Academy, she once again assigns Achim to travel to the provinces, this time as part of a team responsible for teaching the locals how to establish paper-making workshops."
Giebe Kirnberger,Wilfried,family,undirected,1,0.9790067,0.9790067,0.6785957338542962,The son of Giebe Kirnberger and his Second Wife.
Bertilde,Judithe,romantic,undirected,1,0.97896177,0.97896177,0.6785645907514736,"As she will be staying in Ehrenfest, Bertilde suggested that she could serve Brunhilde, Sylvester's future second wife."
Georgine,Laugo,romantic,undirected,1,0.9789257,0.9789257,0.6785395889326709,"Thankfully for Laugo, just a little over a year after his master's departure, Grausam and his Lady Georgine infiltrate Ehrenfest and with them, comes the hope for survival to Laugo."
Freuden,Laurenz,family,undirected,1,0.97885877,0.97885877,0.6784931965918759,"The only known member of his family who is spared the death sentence is his younger brother Laurenz, who was instead required to give his name to a member of the archducal family and chose to serve Lady Rozemyne."
Konrad,Rozemyne,enemy_rival,undirected,1,0.9788098,0.9788098,0.6784592531744439,"Before they go to the temple, Rozemyne attempts to heal Konrad; however, his memories of being abused by Jonsara send him into a fit of panic at the sight of her schtappe."
Raublut,Solange,enemy_rival,undirected,1,0.9787825,0.9787825,0.6784403302564146,"He is able to use Hortensia's feystone to enter her room, but the keys aren't there, so he binds Solange up in bands of light and threatens to torture her attendant, if she doesn't give them the key, which Solange eventually does."
Heisshitze,Sieglinde,romantic,undirected,1,0.9786993,0.9786993,0.678382660410992,Initially their passioned please are argued down by Lady Sieglinde since she sees no benefit for Dunkelfelger in it.
Heidemarie,Myne,family,undirected,1,0.97866094,0.97866094,0.6783560712851459,*The book Justus purchases from a lower city merchant after investigating Myne in Part 3 Volume 2 and Myne asked about in originally belonged to Heidemarie's family.
Georgine,Letizia,romantic,undirected,1,0.97859144,0.97859144,0.6783078975560969,"*According to author Miya Kazuki, Georgine's rise to the position of first wife was achieved through subterfuge: ""The first wife of Ahrensbach is not such a trivial position that one can assume it by chance."" **Since the first wife of Gieselfried fell ill and died soon after the adoption of Letizia shifted the power balance towards her faction, it is implied that Georgine poisoned her. *According to the Lanzanavian envoy Leonzio, the culprit behind Aub Ahrensbach's death was Georgine, who somehow managed to poison her husband. **According to the Q&A with Miya Kazuki in Fanbook 5, the poison used to kill Aub Ahrensbach was the same poison smeared on Rozemyne's High Bishop's Bible. *Georgine won the 4th place of the second popularity poll, despite being an antagonist and only appearing in a few chapters by the time of the poll."
Roswitha,Ferdinand,service_retainer,directed,1,0.97857136,0.97857136,0.6782939791607112,"When Lord Ferdinand arrives in Ahrensbach, Sergius volunteers to become his attendent, due to the respect that Ferdinand earned from him in their shared time at the Royal Academy."
Shikikoza,Veronica,family,undirected,1,0.9785156,0.9785156,0.6782553292739232,"With Gloria being a member of the faction of Lady Veronica, who was also the High Bishop's sister, she hoped that she would be able to improve both her son's life at the temple and the standing of her province this way, and her plans worked out."
Bezewanst,Frietack,enemy_rival,undirected,1,0.97841334,0.97841334,0.6781844480432392,"During their shared time at the temple, Frietack mostly kept his distance from Ferdinand, presumably because he didn't want to get on the bad side of High Bishop Bezewanst or his supporters."
Elvira,Viscount Joisontak,family,undirected,1,0.9783086,0.9783086,0.6781118478075473,"When Rozemyne was introduced into noble society and baptized as the daughter of Karstedt and Elvira, many of Rozemary's relatives believed that she was actually the daughter of Rozemary."
Wilfried,Barthold,service_retainer,directed,1,0.978246,0.978246,0.6780684567940441,Barthold - One of Wilfried's apprentice scholars at the royal academy who joined his retinue as a name-sworn in year three.
Elvira,Lieseleta,romantic,undirected,1,0.97812927,0.97812927,0.6779875457236575,"In her place, her ex-fiancé Uderick will be made the successor of the house and Elvira will convince Thorsten's family to break off the engagement from their side, so as to not have any negative impact on Lieseleta's family over the impression of mednobles defying the will of archnobles."
Hannelore,Lieseleta,romantic,undirected,1,0.9780401,0.9780401,0.6779257377895669,"Upon their delivery, Hannelore noticed Lieseleta wearing a necklace, signifying she was now engaged."
Nora,Rozemyne,family,undirected,1,0.9779855,0.9779855,0.6778878919535083,"To escape the fate of being split up with her brother Thore, the two agree to go with Rozemyne."
Liebeskhilfe,Wilfried,romantic,undirected,1,0.9779715,0.9779715,0.6778781878929805,"As a reward for lending Dregarnuhr her body, Hannelore is granted a wish and she uses it to have her consciousness sent back one year into the past, to get another chance to convey her feelings to Wilfried."
Corinna,Dhorme,romantic,undirected,1,0.9779438,0.9779438,0.677858987716079,"When Otto managed to gain Corinna's hand, Otto asked him, to tell his parents about how he managed to marry his new wife and what he did with the money he earned, which Dhorme did."
Wentuchte,Wilfried,romantic,undirected,1,0.97790635,0.97790635,0.6778330293541671,"As a reward for lending Dregarnuhr her body, Hannelore is granted a wish and she uses it to have her consciousness sent back one year into the past, to get another chance to convey her feelings to Wilfried."
Count Bindewald,Damuel,enemy_rival,undirected,1,0.9778832,0.9778832,0.677816982996937,"*Karstedt was also very impressed with Damuel for lasting such a long time against Count Bindewald, due to the significant mana difference. *Damuel's name was meant to be Samuel, but Miya Kazuki, the author, hit ""D"" instead of ""S"" by accident and just rolled with it."
Grausam,Laugo,romantic,undirected,1,0.97784096,0.97784096,0.6777877044600302,"Thankfully for Laugo, just a little over a year after his master's departure, Grausam and his Lady Georgine infiltrate Ehrenfest and with them, comes the hope for survival to Laugo."
Bertilde,Theodore,family,undirected,1,0.97779924,0.97779924,0.6777587863596573,"After their return from the Royal Academy following Rozemyne's second term, Brunhilde introduces her lady to her younger sister Bertilde, who is planned to become Rozemyne's retainer upon entering the Royal Academy."
Aurelia,Freuden,romantic,undirected,1,0.9777905,0.9777905,0.6777527282532992,"Due to the highly unusual situation, instead of waiting for the next regular Starbind Ceremony Bettina and Freuden, as well as Aurelia and Lamprecht are wedded directly at the border gate between the two duchies, in the presence of both archdukal families, on account of Aurelia being Aub Ahrensbach's niece."
Florencia,Karstedt,romantic,undirected,1,0.97776115,0.97776115,0.6777323843835498,"His first marriage was a political match with Elvira, an archnoble woman who created the Florencia faction and the younger sister of the Leisegang-aligned Giebe Haldenzel."
Josef,Zack,romantic,undirected,1,0.9777591,0.9777591,0.6777309634318296,At the same meeting Josef reports that his wife Heidi is pregnant and thus Rozemyne aquits them and have a replacement go in their stead.
Aurelia,Gabriele,family,undirected,1,0.977643,0.977643,0.6776504890441666,"Her facial features give many people the mistaken impression that she is cold and calculating, and she bears a strong resemblance to her distant relative Gabriele, another Ahrensbach archnoble who married into Ehrenfest several generations ago."
Rasantark,Schwartz and Weiss,family,undirected,1,0.9776023,0.9776023,0.6776222779539178,"During Hannelore's first year at the Royal Academy, Rasantark overhears her daydreaming about being the master of Schwartz and Weiss and reports to his master Lestilaut how much his sister wishes to own the shumil-shaped magic tools."
Charlotte,Freuden,family,undirected,1,0.97750264,0.97750264,0.6775531989059032,"Although they are cousins, the two girls only met each other at the wedding of Lamprecht and Freuden, with Aurelia and Bettina, where Charlotte and Detlinde only exchanged polite, formal greetings."
Sieglinde,Lestilaut,service_retainer,directed,1,0.9774999,0.9774999,0.6775512996826284,"She and the Aub will remain at the ready, to respond at a moment's notice, should the Zent call for their aid in this crisis, while Lestilaut's duty as the Aub's successor will be to guard the duchy's foundation."
Magdalena,Veronica,romantic,undirected,1,0.9774237,0.9774237,0.6774984818674697,"During her time at the Royal Academy, a large group of Dunkelfelger knights made it their goal to rescue Ferdinand from the deprivations he had to suffer at the hands of Lady Veronica and her faction by marrying him into their own duchy."
Trauerqual,Magdalena,service_retainer,directed,1,0.9773122,0.9773122,0.6774211959568374,One Magdalena's guard knights points out how the Zent's behaviour is just like that of the Sovereign Knights under the influence of Trug.
Fraularm,Hannelore,enemy_rival,undirected,1,0.97730255,0.97730255,0.6774145070865449,"During the counter-push of the Defense of Ehrenfest, she is captured in Bindewald by Hannelore and Rozemyne's guard knights and sent to the Ahrensbach castle as a prisoner."
Hannelore,Liebeskhilfe,romantic,undirected,1,0.9772823,0.9772823,0.6774004708561386,"As a reward for lending Dregarnuhr her body, Hannelore is granted a wish and she uses it to have her consciousness sent back one year into the past, to get another chance to convey her feelings to Wilfried."
Melchior,Werdekraf,romantic,undirected,1,0.97724116,0.97724116,0.6773719547811304,He is currently contemplating marrying his daughter Lungtase to Lord Melchior.
Freuden,Lamprecht,romantic,undirected,1,0.97715956,0.97715956,0.6773153939711967,"Due to the highly unusual situation, instead of waiting for the next regular Starbind Ceremony Bettina and Freuden, as well as Aurelia and Lamprecht are wedded directly at the border gate between the two duchies, in the presence of both archdukal families, on account of Aurelia being Aub Ahrensbach's niece."
Brunhilde,Theodore,family,undirected,1,0.97713,0.97713,0.6772949045405394,"After their return from the Royal Academy following Rozemyne's second term, Brunhilde introduces her lady to her younger sister Bertilde, who is planned to become Rozemyne's retainer upon entering the Royal Academy."
Dregarnuhr,Liebeskhilfe,romantic,undirected,1,0.9770355,0.9770355,0.6772294021319764,"As a reward for lending Dregarnuhr her body, Hannelore is granted a wish and she uses it to have her consciousness sent back one year into the past, to get another chance to convey her feelings to Wilfried."
Freuden,Rozemyne,family,undirected,1,0.9768878,0.9768878,0.6771270242934077,"The only known member of his family who is spared the death sentence is his younger brother Laurenz, who was instead required to give his name to a member of the archducal family and chose to serve Lady Rozemyne."
Shikikoza,Myne,service_retainer,directed,1,0.9768847,0.9768847,0.6771248755371481,"Shikikoza (シキコーザ, Shikikooza) is a medknight and former blue priest who was assigned to protect Myne with Damuel during the trombe extermination."
Christine,Bezewanst,service_retainer,directed,1,0.9768237,0.9768237,0.6770825935591338,"After Christine left, Jenni went on to serve the High Bishop Bezewanst."
Marthe,Rozemyne,family,undirected,1,0.97673553,0.97673553,0.6770214787722239,"To escape the fate of being split up with her brother Rick, the two agree to go with Rozemyne."
Strahl,Letizia,service_retainer,directed,1,0.97667706,0.97667706,0.6769809504565765,"Furthermore, since his daughter Fairseele is one of Letizia's apprentice attendants, his position helps to exchange information between Letizia's and Ferdinand's retainers."
Aurelia,Charlotte,family,undirected,1,0.9766292,0.9766292,0.6769477764325149,"Although they are cousins, the two girls only met each other at the wedding of Lamprecht and Freuden, with Aurelia and Bettina, where Charlotte and Detlinde only exchanged polite, formal greetings."
Cornelius,Trudeliede,family,undirected,1,0.97647285,0.97647285,0.6768394028708343,"Along with the rest of his family, Cornelius suffered under the feud between his father's second wife Trudeliede and third wife Rozemary."
Adolphine,Hannelore,romantic,undirected,1,0.976448,0.976448,0.6768221781633974,Earning better grades than Hannelore would reinforce their duchy's standing and give Ortwin a more advantageous position for negotiating a marriage to Hannelore in the future.
Myne,Otto,romantic,undirected,1,0.9764132,0.9764132,0.6767980566415139,"*Otto was the one who spread the rumor that Myne was Benno's Goddess of Water. *His name Otto originates as an Old High German short form (variants Audo, Odo, Udo) of Germanic names beginning in aud-, an element meaning ""wealth, prosperity"". **Coincidentally, the name is also has the same pronunciation as ""husband"" (夫, Otto) in Japanese, befitting for a man so devoted to his wife."
Cornelius,Rozemary,family,undirected,1,0.976259,0.976259,0.6766911733462716,"Along with the rest of his family, Cornelius suffered under the feud between his father's second wife Trudeliede and third wife Rozemary."
Brigitte,Georgine,romantic,undirected,1,0.97607917,0.97607917,0.6765665246887915,"When the girl is one and a half years old, Illgner is informed by Lady Florencia via letter of an impending invasion by Ahrensbach forces, led by Lady Georgine."
Wilfried,Ignaz,service_retainer,directed,1,0.97593075,0.97593075,0.6764636477842528,Ignaz - One of Wilfried's apprentice scholars at the royal academy.
Bertram,Laurenz,family,undirected,1,0.9757003,0.9757003,0.6763039120164928,He is Laurenz's half-brother.
Hildebrand,Sigiswald,family,undirected,1,0.97569656,0.97569656,0.6763013196460376,"Infobox field family/Brother: Anastasius Hildebrand Ortwin (In-Law, Former)"
Fritz,Fran,service_retainer,directed,1,0.975669,0.975669,0.6762822165097413,"Fran, remembering that Fritz had previously been an attendant, also agreed on Fritz."
Ortwin,Sigiswald,family,undirected,1,0.9756114,0.9756114,0.676242291232141,"Infobox field family/Brother: Anastasius Hildebrand Ortwin (In-Law, Former)"
Trauerqual,Eglantine,service_retainer,directed,1,0.9754887,0.9754887,0.6761572420730863,"Following his abdication and the crowning of Zent Eglantine, Lord Trauerqual is put in charge of a new duchy, made out the former duchy of Scharfer, the parts of Werkestock that were under Ahrensbach management since the civil war, as well as some areas formerly part of the Sovereignty."
Ferdinand,Myne,romantic,undirected,1,0.9751244,0.9751244,0.6759047285552083,"Thanks to his fantastic memory, he is still able to remember, where in all the chaos each document is. *Before Ferdinand settled on his actual plan to turn Myne into Rozemyne and have her adopted by Karstedt, he considered making her Eckhart's concubine and having Justus adopt her."
Benno,Otto,romantic,undirected,1,0.97508776,0.97508776,0.6758793316425126,"*Otto was the one who spread the rumor that Myne was Benno's Goddess of Water. *His name Otto originates as an Old High German short form (variants Audo, Odo, Udo) of Germanic names beginning in aud-, an element meaning ""wealth, prosperity"". **Coincidentally, the name is also has the same pronunciation as ""husband"" (夫, Otto) in Japanese, befitting for a man so devoted to his wife."
Baron Blon,Rozemyne,romantic,undirected,1,0.97490567,0.97490567,0.6757531164724044,"The giebes of Blon and the neighboring province of Glaz appear to be on good terms: Baron Blon's daughter Lagrete marries Bernadet, the son of Baron Glaz during Rozemyne's first noble Starbind Ceremony as High Bishop."
Todd,Rozemyne,service_retainer,directed,1,0.97479147,0.97479147,0.6756739590643844,"After the Italian Restaurant successfully hosted Sylvester, Ferdinand purchased Rozemyne's recipes and hired Todd for a month to teach his chefs in the temple."
Konradin,Ortwin,enemy_rival,undirected,1,0.97472113,0.97472113,0.6756252030917039,"In their games of Gewinnen, Konradin consistently lost to Ortwin of Drewanchel, albeit Ortwin strongly believes Konradin let him win."
Leberecht,Rozemyne,romantic,undirected,1,0.97469485,0.97469485,0.6756069871837987,"During Rozemyne's third year at the Royal Academy, Aub Ehrenfest is too busy with the ongoing purge of the former Veronica faction and thus delegates the reports coming from the Royal Academy to his wife."
Dregarnuhr,Hannelore,romantic,undirected,1,0.97466385,0.97466385,0.6755854996212014,"As a reward for lending Dregarnuhr her body, Hannelore is granted a wish and she uses it to have her consciousness sent back one year into the past, to get another chance to convey her feelings to Wilfried."
Detlinde,Jeremias,romantic,undirected,1,0.9746463,0.9746463,0.6755733348881826,"After hearing the facts uncovered by Rozemyne and Ferdinand, he is the one to deduce that the cloth bought from the Gilberta Company is likely to be used to disguise the stolen bible as a gift for Ferdinand and Detlinde's wedding and thus sent to Ahrensbach along with all the other gifts with minimal chance of discovery."
Lamprecht,Veronica,romantic,undirected,1,0.97462136,0.97462136,0.6755560477974994,"The relationship was considered very feasible when Veronica was in power, since her faction was very supportive of ties with Ahrensbach, but due to Lamprecht's mana capacity the girl's father was initially against their marriage."
Leise,Hugo,service_retainer,directed,1,0.9744665,0.9744665,0.675448707025118,"When Sylvester decides to visit the Italian Restaurant, Benno send Hugo and Todd to learn noble recipes from Leise to help improve the menu."
Ingo,Jorg,enemy_rival,undirected,1,0.974343,0.974343,0.6753631033483187,"He is rather jealous of Ingo, who achieved this goal at an unusually young age, and the success his carpentry workshop saw after earning the title of Gutenberg from High Bishop Rozemyne."
Hortensia,Solange,service_retainer,directed,1,0.9743205,0.9743205,0.6753475075367562,"To enable the royal family to enter the archive, they request that Rozemyne and Hannelore also take ownership of one key each, and to not overburden them, the mana supply for the shumil would be done only by Hortensia, Solange, and Hildebrand."
Fraularm,Georgine,romantic,undirected,1,0.97417045,0.97417045,0.6752435008023132,Lady Georgine promised that she will personally talk to and rebuke Fraularm.
Melchior,Wilfried,family,undirected,1,0.97414577,0.97414577,0.6752263939298969,"He is the older brother of Charlotte and Melchior, and the adoptive older brother of Rozemyne."
Todd,Ferdinand,service_retainer,directed,1,0.97403765,0.97403765,0.6751514508567348,"After the Italian Restaurant successfully hosted Sylvester, Ferdinand purchased Rozemyne's recipes and hired Todd for a month to teach his chefs in the temple."
Theodore,Alexis,service_retainer,directed,1,0.9740151,0.9740151,0.6751358203878132,"When the Giebe's son Alexis was chosen to be a guard knight for a member of the archducal family, he picked Theodore's father to give the boy extra lessons and training to be up to the task."
Hortensia,Rozemyne,service_retainer,directed,1,0.9739662,0.9739662,0.6751019254906838,"To enable the royal family to enter the archive, they request that Rozemyne and Hannelore also take ownership of one key each, and to not overburden them, the mana supply for the shumil would be done only by Hortensia, Solange, and Hildebrand."
Dregarnuhr,Wilfried,romantic,undirected,1,0.97384393,0.97384393,0.6750171743849167,"As a reward for lending Dregarnuhr her body, Hannelore is granted a wish and she uses it to have her consciousness sent back one year into the past, to get another chance to convey her feelings to Wilfried."
Charlotte,Matthias,family,undirected,1,0.97380775,0.97380775,0.6749920963199241,That doubt was reinforced when his father was called as a suspect after Charlotte's attempted kidnapping.
Ralfrieda,Waldifried,family,undirected,1,0.9737283,0.9737283,0.6749370257764286,"Infobox field family/Brother: Former First Prince (Deceased, In-Law), Waldifried (Deceased, In-Law), Former Third Prince (Deceased, In-Law), Former Fourth Prince (Deceased, In-Law)"
Damian,Lutz,friend_ally,undirected,1,0.9737212,0.9737212,0.6749321044314466,He travels with Lutz and Gil to Illgner as one who can be trusted to interact with nobles for the Plantin Company since Lutz is not yet fully trained.
Christel,Veronica,romantic,undirected,1,0.97301143,0.97301143,0.6744401293571006,They even married Christel's older sister to a man of the Veronica faction.
Damian,Gil,friend_ally,undirected,1,0.97296786,0.97296786,0.6744099289344436,He travels with Lutz and Gil to Illgner as one who can be trusted to interact with nobles for the Plantin Company since Lutz is not yet fully trained.
Erwaermen,Flutrane,romantic,undirected,1,0.97284895,0.97284895,0.6743275068032032,"He gathered Geduldh's subordinate goddesses and guided them to Flutrane, determined to save their mistress."
Shikikoza,Damuel,service_retainer,directed,1,0.9728007,0.9728007,0.6742940624517412,"Shikikoza (シキコーザ, Shikikooza) is a medknight and former blue priest who was assigned to protect Myne with Damuel during the trombe extermination."
Aub Frenbeltag,Sylvester,romantic,undirected,1,0.9727782,0.9727782,0.6742784666401785,"His second oldest sister Constanze married into the closely allied duchy of Frenbeltag and became the Archduke's first wife, while Sylvester himself married the younger sister of Aub Frenbeltag, Florencia."
Gieselfried,Veronica,family,undirected,1,0.97277606,0.97277606,0.6742769833052122,Infobox field family/Son: Sylvester Aub Frenbeltag (In-Law) Aub Ahrensbach (In-Law)
Todd,Sylvester,service_retainer,directed,1,0.97275454,0.97275454,0.6742620667778865,"After the Italian Restaurant successfully hosted Sylvester, Ferdinand purchased Rozemyne's recipes and hired Todd for a month to teach his chefs in the temple."
Hassheit,Rozemyne,romantic,undirected,1,0.9727361,0.9727361,0.6742492851438769,"After hearing about Brigitte's circumstances, Rozemyne creates a new dress that flatters her body type more than the current fashion, hoping it will help her win a new fiancé in spite of her damaged reputation."
Janrik,Roderick,family,undirected,1,0.97266227,0.97266227,0.6741981100875363,"Like his younger brother, Janrik is one of the few members of the former Veronica faction who recognized that Roderick only did as his father had told him in the Ivory Tower incident and thus didn't blame him."
Josef,Heidi,service_retainer,directed,1,0.972484,0.972484,0.6740745427396578,"When he was an apprentice, Josef was told to look after Heidi."
Myne,Veronica,family,undirected,1,0.9723912,0.9723912,0.6740102186813018,"When Bezewanst had problems getting a foreign noble into the city in his plan to get rid of Myne due to heightened security measures, Veronica helps her brother by forging a permit with the archduke's personal seal."
Hirschur,Raimund,enemy_rival,undirected,1,0.97231907,0.97231907,0.673960221975168,"Just like Hirschur and Ferdinand, Raimund is obsessed with magical research to the point of disregarding his own well-being."
Thorsten,Veronica,family,undirected,1,0.9722564,0.9722564,0.6739167824413624,"In it, his parents were sentenced for a crime they committed under Veronica's direct orders and he hopes that through Lieseleta, he can get closer to her sister Angelica, which in turn would allow him access to Lord Bonifatius, since Angelica is very close to him, which in turn might enable him to reduce the sentence of his family."
Erwaermen,Mestionora,romantic,undirected,1,0.9721849,0.9721849,0.6738672224179524,"*Mestionora was previously translated as ""Metisonora"". *Mestionora might be love with Erwaermen"
Elvira,Ottilie,friend_ally,undirected,1,0.9721214,0.9721214,0.6738232075719868,"Ottilie is good friends with Elvira, which is part of the reason why she was entrusted with Rozemyne's care."
Arno,Sylvester,enemy_rival,undirected,1,0.9719926,0.9719926,0.6737339302151306,"The High Bishop believed that both Ferdinand and the Sylvester were away, so he, along with Count Bindewald, plotted to attack and capture Myne inside the temple."
Ferdinand,Lessy,enemy_rival,undirected,1,0.9718208,0.9718208,0.6736148475295105,"Lessy's tail was too big, and Ferdinand chastises it as a waste of mana."
Kampfer,Frietack,service_retainer,directed,1,0.97180104,0.97180104,0.6736011509412226,"After Rozemyne's first Harvest Festival, she suggested to Ferdinand to employ Kampfer to help with the temple's business as well as Frietack."
Bertilde,Elvira,friend_ally,undirected,1,0.9716366,0.9716366,0.6734871698188513,"Bertilde is very interested in hair styling and as a consequence has become very good at it, to the point that both Elvira and Rozemyne compliment her on her abilities."
Fairseele,Hannelore,friend_ally,undirected,1,0.97161317,0.97161317,0.6734709293804109,"When Rozemyne went to Ahrensbach castle to rest in a room prepared by Letizia, she was attended by Fairseele, who assisted in washing her face, brushing her hair, caring her Rozemyne while she was asleep for 3 days, and arranging a meal with Hannelore and Letizia."
Frietack,Rozemyne,service_retainer,directed,1,0.9716067,0.9716067,0.6734664447181526,"After Rozemyne's first harvest festival, she suggested to Ferdinand to employ Frietack as well as Kampfer to help with the temple's business and to have successors in case he should leave the temple in the future."
Frietack,Kampfer,service_retainer,directed,1,0.9715897,0.9715897,0.6734546612160831,"After Rozemyne's first harvest festival, she suggested to Ferdinand to employ Frietack as well as Kampfer to help with the temple's business and to have successors in case he should leave the temple in the future."
Angelica,Nicola,friend_ally,undirected,1,0.9713892,0.9713892,0.6733156852063807,"Desperate to manage at least one thing that Rozemyne asked of her, she pleads with Nicola to become friends, since Rozemyne asked Angelica to become friends with her temple attendants."
Hortensia,Hannelore,service_retainer,directed,1,0.9712217,0.9712217,0.673199583053637,"To enable the royal family to enter the archive, they request that Rozemyne and Hannelore also take ownership of one key each, and to not overburden them, the mana supply for the shumil would be done only by Hortensia, Solange, and Hildebrand."
Fairseele,Rozemyne,friend_ally,undirected,1,0.9711844,0.9711844,0.6731737286638021,"When Rozemyne went to Ahrensbach castle to rest in a room prepared by Letizia, she was attended by Fairseele, who assisted in washing her face, brushing her hair, caring her Rozemyne while she was asleep for 3 days, and arranging a meal with Hannelore and Letizia."
Florencia,Oswald,friend_ally,undirected,1,0.9708473,0.9708473,0.6729400687492354,Florencia had also trusted Oswald to counteract Veronica's presence to some degree.
Henrik,Rozemyne,friend_ally,undirected,1,0.97082716,0.97082716,0.6729261087650189,As such he accompanies Rozemyne on a trip to Groschel to witness the establishment of new printing-related workshops and participate in negotiating the initial contracts.
Ferdinand,Letizia,romantic,undirected,1,0.9706873,0.9706873,0.6728291652003457,"Letiza was unknowingly tricked into poisoning Ferdinand by Lenzio and Detlinde, thus justifying her punishment of being married off into Lanzenavian nobility as a form of mercy compared to the death penalty."
Eglantine,Raublut,family,undirected,1,0.97064924,0.97064924,0.6728027840186537,"He informs the prince that in the coming semester in the Royal Academy, he is to gather information on Lady Rozemyne and that his sister-in-law Eglantine will be sent to the Royal Academy to teach the Archduke Candidate Course and a new female archlibrarian would be appointed."
Mark,Ortwin,enemy_rival,undirected,1,0.9702748,0.9702748,0.6725432419883648,He considers Dahvidh to be an easy mark in the game.
Frietack,Ferdinand,service_retainer,directed,1,0.97006613,0.97006613,0.6723986029661974,"After Rozemyne's first harvest festival, she suggested to Ferdinand to employ Frietack as well as Kampfer to help with the temple's business and to have successors in case he should leave the temple in the future."
Giebe Kirnberger,Rozemyne,romantic,undirected,1,0.96994287,0.96994287,0.6723131656447215,"At the occasion Giebe Kirnberger also has a talk with Rozemyne, telling her that he would prefer her to be the next Aub, but the girl refutes many of his points and makes it clear that she has no intention of taking the seat from her fiancé."
Todd,Myne,service_retainer,directed,1,0.9698845,0.9698845,0.6722727066437922,Todd was brought in as a third chef for Myne once Hugo and Ella had been trained enough.
Bonifatius,Thorsten,family,undirected,1,0.969667,0.969667,0.6721219471320204,"In it, his parents were sentenced for a crime they committed under Veronica's direct orders and he hopes that through Lieseleta, he can get closer to her sister Angelica, which in turn would allow him access to Lord Bonifatius, since Angelica is very close to him, which in turn might enable him to reduce the sentence of his family."
Jorg,Rozemyne,enemy_rival,undirected,1,0.9695346,0.9695346,0.6720301744453143,"He is rather jealous of Ingo, who achieved this goal at an unusually young age, and the success his carpentry workshop saw after earning the title of Gutenberg from High Bishop Rozemyne."
Myne,Shuu,friend_ally,undirected,1,0.9695218,0.9695218,0.6720213021614031,"Her closest friend was Shuu, a neighborhood boy, but she also enjoyed gathering around other friends who were passionate about their niche interests, like her."
Hortensia,Hildebrand,service_retainer,directed,1,0.9694359,0.9694359,0.671961760818593,"To enable the royal family to enter the archive, they request that Rozemyne and Hannelore also take ownership of one key each, and to not overburden them, the mana supply for the shumil would be done only by Hortensia, Solange, and Hildebrand."
Stenluke,Angelica,service_retainer,directed,1,0.96933806,0.96933806,0.6718939432984471,"Stenluke (シュティンルーク, shutinruuku) is Angelica’s sentient manablade."
Brunhilde,Eglantine,friend_ally,undirected,1,0.96919674,0.96919674,0.6717959877388904,"She is very perceptive, able to figure out Eglantine's taste preference just by knowing her preference in tea and perfume. *Fashion: Brunhilde has a very keen sense in fashion and grasp of new trends quickly, making her Rozemyne's default advisor for anything related to fashion."
Leise,Todd,service_retainer,directed,1,0.96917,0.96917,0.6717774529832822,"When Sylvester decides to visit the Italian Restaurant, Benno send Hugo and Todd to learn noble recipes from Leise to help improve the menu."
Leonore,Theodore,family,undirected,1,0.9690495,0.9690495,0.6716939287480247,"He appears fine with calling Leonore without an honorific as is common among Rozemyne's retainers, but calling his sister by her name, rather than just 'sister' seems to come hard to him."
Roderick,Wilfried,friend_ally,undirected,1,0.96887916,0.96887916,0.6715758580572881,He is a friend of Wilfried’s and participates in karuta with the other boys.
Rozemyne,Wentuchte,friend_ally,undirected,1,0.96848327,0.96848327,0.6713014480199763,"Hannelore agrees to briefly lend the goddess her body, to contact Rozemyne and shortly after, Hannelore's friend arrives in the void, into which Hannelore was called."
Philine,Roderick,friend_ally,undirected,1,0.9683233,0.9683233,0.671190565265502,"Roderick spends the next two years gathering new stories with Philine, as Rozemyne requested."
Brigitte,Bonifatius,service_retainer,directed,1,0.9682589,0.9682589,0.6711459265870741,"While Rozemyne recovers from poisoning in her jureve, Brigitte and her other guard knights train under Bonifatius to improve their skills."
Charlotte,Frietack,romantic,undirected,1,0.9680255,0.9680255,0.6709841460351313,"Since the High Priest has to deal with the fallout of Clarissa's sudden arrival, he is unable to stay at the temple and handle the handover of small chalices to Lord Wilfried and Lady Charlotte."
Marianne,Gundolf,service_retainer,directed,1,0.96801096,0.96801096,0.6709740676751259,"With Rozemyne being already involved with two other joint research projects with greater duchies, she heeds Professor Gundolf's advice and delegates this one to other apprentice scholars of her duchy."
Anastasius,Hildebrand,family,undirected,1,0.9679478,0.9679478,0.6709302884992018,"In preparation for his new duty, he was briefed by his half-brother Anastasius."
Myne,Zasha,friend_ally,undirected,1,0.96790713,0.96790713,0.6709020982033684,"Along with his other brothers, Zasha occasionally does little tasks for Myne and Lutz for some extra pocket money, like carving the wooden parts for hairpins or engraving illustrations that Wilma drew on wood."
Freida,Hannelore,friend_ally,undirected,1,0.96788836,0.96788836,0.6708890878307894,"Coincidentally, both of them are shy book lovers that Rozemyne quickly became fond of. **She is also similar to Freida in hairstyle and was someone with slightly higher status than Myne/Rozemyne when they first met, but she achieved something Freida couldn't -- becoming Rozemyne's best friend. *Privately Rozemyne thinks of Hannelore as ""quiet and fluffy"", but also a capable archduke candidate. *Hannelore is the third person that Rozemyne described as an angel internally, after Tuuli and Charlotte."
Jenni,Christine,service_retainer,directed,1,0.9678067,0.9678067,0.6708324854320248,Jenni used to be one of Sister Christine's attendants.
Hasse's Mayor,Nora,friend_ally,undirected,1,0.9677494,0.9677494,0.6707927680985787,"Four orphans decide to go with her: Marthe, Rick, Thore, and Nora."
Dregarnuhr,Rozemyne,friend_ally,undirected,1,0.9676555,0.9676555,0.6707276815783242,"Hannelore agrees to briefly lend the goddess her body, to contact Rozemyne and shortly after, Hannelore's friend arrives in the void, into which Hannelore was called."
Hannelore,Tuuli,friend_ally,undirected,1,0.96760726,0.96760726,0.6706942441583339,"Coincidentally, both of them are shy book lovers that Rozemyne quickly became fond of. **She is also similar to Freida in hairstyle and was someone with slightly higher status than Myne/Rozemyne when they first met, but she achieved something Freida couldn't -- becoming Rozemyne's best friend. *Privately Rozemyne thinks of Hannelore as ""quiet and fluffy"", but also a capable archduke candidate. *Hannelore is the third person that Rozemyne described as an angel internally, after Tuuli and Charlotte."
Myne,Rozemyne,friend_ally,undirected,1,0.96760154,0.96760154,0.6706902793564611,"In private, Rozemyne still shows Myne’s carefree and lively personality."
Seltier,Detlinde,service_retainer,directed,1,0.9675387,0.9675387,0.6706467219876348,"Due to how sudden the stay is and already having other guests, Giebe Gerlach is only able to accommodate Georgine and Detlinde with one attendant and knight each."
Pauline,Rozemyne,friend_ally,undirected,1,0.96749806,0.96749806,0.6706185524862168,"At one point during her classes, Pauline performs a song she learned from Rozemyne and Rosina during the tea party."
Charlotte,Hannelore,friend_ally,undirected,1,0.967486,0.967486,0.6706101931312192,"Coincidentally, both of them are shy book lovers that Rozemyne quickly became fond of. **She is also similar to Freida in hairstyle and was someone with slightly higher status than Myne/Rozemyne when they first met, but she achieved something Freida couldn't -- becoming Rozemyne's best friend. *Privately Rozemyne thinks of Hannelore as ""quiet and fluffy"", but also a capable archduke candidate. *Hannelore is the third person that Rozemyne described as an angel internally, after Tuuli and Charlotte."
Effa,Gerda,friend_ally,undirected,1,0.96740973,0.96740973,0.6705573267957579,As they do not trust Myne to stay home alone Effa takes Myne to Gerda before she goes to work.
Hannelore,Myne,friend_ally,undirected,1,0.9673725,0.9673725,0.6705315209262257,"Coincidentally, both of them are shy book lovers that Rozemyne quickly became fond of. **She is also similar to Freida in hairstyle and was someone with slightly higher status than Myne/Rozemyne when they first met, but she achieved something Freida couldn't -- becoming Rozemyne's best friend. *Privately Rozemyne thinks of Hannelore as ""quiet and fluffy"", but also a capable archduke candidate. *Hannelore is the third person that Rozemyne described as an angel internally, after Tuuli and Charlotte."
Johann,Rozemyne,friend_ally,undirected,1,0.9673432,0.9673432,0.6705112117138352,"Thankfully, Rozemyne was able to diffuse the situation by calming everyone and explaining in detail what exactly was wrong with the failed types and what consequences it would have if they had been used in a printing press, advising Johann to give similar explanations in the future."
Kampfer,Rozemyne,service_retainer,directed,1,0.9673264,0.9673264,0.6704995668412019,"After Rozemyne's first Harvest Festival, she suggested to Ferdinand to employ Kampfer to help with the temple's business as well as Frietack."
Liebeskhilfe,Rozemyne,friend_ally,undirected,1,0.96729416,0.96729416,0.6704772197761006,"Hannelore agrees to briefly lend the goddess her body, to contact Rozemyne and shortly after, Hannelore's friend arrives in the void, into which Hannelore was called."
Myne,Sieg,friend_ally,undirected,1,0.9672036,0.9672036,0.6704144483674291,"Along with his other brothers, Sieg occasionally does little tasks for Myne and Lutz for some extra pocket money, like carving the wooden parts for hairpins or engraving illustrations that Wilma drew on wood."
Dhorme,Effa,friend_ally,undirected,1,0.96714,0.96714,0.6703703642067455,"Usually Otto would have to turn down the request, since every single craftwoman of every single story is too busy, but since the request comes from a friend and due to the hardships of a traveling merchant, Dhorme's very life might depend on his ability to stay on good terms with the mayor, Otto agrees to see if he can help by contacting Effa, who is the only person Otto knows of, who has the ability to make a hairpin of sufficient quality, without being caught up in the post-summer sale time crunch, albeit only for a hefty urgency fee."
Gervasio,Solange,friend_ally,undirected,1,0.96657914,0.96657914,0.6699816056790566,"During the springs, summers and autumns he often visited the Royal Academy Library and got along very well with Professor Solange."
Trudeliede,Viscount Joisontak,romantic,undirected,1,0.9665601,0.9665601,0.6699684081567387,"That spurred a conflict between Rozemary and the second wife Trudeliede, which eventually grew to encompass the whole family, including Elvira and Karstedt."
Ferdinand,Roswitha,family,undirected,1,0.9664995,0.9664995,0.6699264034375968,"Since Ferdinand also takes over Letizia's education, the familial relationship between Roswitha and Serguis help the respective retainers of the two to interface with each other."
Liebeskhilfe,Goddess of Light,service_retainer,directed,1,0.96649605,0.96649605,0.669924012079824,"Liebeskhilfe (リーベスクヒルフェ, Riibesukuhirufe) is the Goddess of Binding and a subordinate of the Goddess of Light."
Eglantine,Hortensia,friend_ally,undirected,1,0.9663172,0.9663172,0.6698000427065808,"Hortensia shows the same kind of gentle demeanor as Eglantine, and according to Solange, is a true bookworm likely to get along very well with Rozemyne."
Pauline,Rosina,friend_ally,undirected,1,0.96628857,0.96628857,0.6697801979028013,"At one point during her classes, Pauline performs a song she learned from Rozemyne and Rosina during the tea party."
Ignaz,Gundolf,service_retainer,directed,1,0.96615,0.96615,0.6696841484979911,"With Rozemyne being already involved with two other joint research projects with greater duchies, she heeds Professor Gundolf's advice and delegates this one to other apprentice scholars of her duchy."
Angelica,Brigitte,friend_ally,undirected,1,0.965975,0.965975,0.6695628477413932,The dress is part of Brigitte's reward for helping Angelica pass her studies from the Royal Academy.
Karstedt,Rihyarda,friend_ally,undirected,1,0.96596533,0.96596533,0.6695561450081571,"She knew Sylvester, Ferdinand, and Karstedt when they were children."
Ferdinand,Lieseleta,romantic,undirected,1,0.9659196,0.9659196,0.6695244473875901,"With Ferdinand departing from Ehrenfest to marry, any chance of Ulbrick learning the mana compression himself disappears, and their families have no choice, but to cancel their engagement."
Leon,Lutz,friend_ally,undirected,1,0.9657996,0.9657996,0.6694412697259229,"When Sylvester wanted to visit the lower city's forest, Leon, Gil, and Lutz are asked to guide him to the forest with the orphans and show him around."
Cornelius,Ymir,friend_ally,undirected,1,0.965195,0.965195,0.6690221929405564,"After Ferdinand's departure from Ehrenfest, the gray priests are tasked with finding ceremonial robes to lend to Cornelius, Angelica and Damuel, who all volunteered to participate in the Dedication Ritual so Lady Rozemyne would not have to return to Ehrenfest this year and could enjoy a full, uninterrupted term at the Royal Academy."
Aub Frenbeltag,Martina,family,undirected,1,0.9651025,0.9651025,0.6689580768263546,Also the family believed that both Martina and Georgine having ties to Frenbeltag - the former through her mother and the latter through her sister who had married the new Aub Frenbeltag - would help the girl to get into the faction.
Kampfer,Ferdinand,service_retainer,directed,1,0.9648488,0.9648488,0.6687822253866466,"After Rozemyne's first Harvest Festival, she suggested to Ferdinand to employ Kampfer to help with the temple's business as well as Frietack."
Sigiswald,Wilfried,family,undirected,1,0.9648153,0.9648153,0.6687590049560979,"She also explains that her brother Wilfried, who obtained 12 divine protections - only uses about 70 % as much mana and she only 40 % compared to before the ritual and that it is very likely that even adults can re-do the ceremony for the chance to obtain additional protections and how they can incorporate prayers into their everyday life to increase the chances for getting them."
Erwaermen,Liebeskhilfe,service_retainer,directed,1,0.9647816,0.9647816,0.6687356458961129,"In the guilt and shame of his role in binding the threads that led to Geduldh's suffering, Erwaermen retired from his position as god and passed both his duties and his powers to Liebeskhilfe."
Ferdinand,Jenni,enemy_rival,undirected,1,0.9647556,0.9647556,0.6687176240694184,"She is hit by the full force of the mana clashing between Bindewald and Ferdinand, which completely obliterates her body, leaving not even dust behind."
Leise,Sylvester,friend_ally,undirected,1,0.9645129,0.9645129,0.6685493972486964,"Leise made the desserts for Sylvester's lunch, as Hugo and Todd were too busy making the main courses, and Leise had far more experience with sweets."
Rozemyne,Sidonius,family,undirected,1,0.96405923,0.96405923,0.6682349371672919,"The only known survivor of Sidonius' family is his younger son Laurenz, who is instead required to give his name to a member of the archducal family and chooses to serve Lady Rozemyne."
Adelbert,Gieselfried,family,undirected,1,0.96387756,0.96387756,0.6681090131189995,Infobox field family/Son: Sylvester Ferdinand Aub Frenbeltag (In-Law) Gieselfried (In-Law)
Myne,Nicola,friend_ally,undirected,1,0.96379226,0.96379226,0.6680498876644977,"Myne chose to take on both Monika and Nicola, as they were both capable but Myne did not feel right only choosing one."
Delia,Konrad,friend_ally,undirected,1,0.9637113,0.9637113,0.6679937704687596,"Over time, Konrad starts to smile and laugh more often, getting rather energetic and keeping his primary caretaker Delia quite busy."
Gretia,Judithe,friend_ally,undirected,1,0.9636519,0.9636519,0.6679525975262344,On her first interaction with Rozemyne she practically hides behind her class-mate Judithe.
Ferdinand,Fraularm,friend_ally,undirected,1,0.9633721,0.9633721,0.6677586549451137,"Rozemyne is also able to get Fraularm to agree to have Ferdinand involved under the not entirely wrong excuse that Hirschur and Raimund will very likely get so engrossed into their work that they'll surely fail to file proper reports sooner or later, something Fraularm has already experienced personally and thus readily accepts."
Hasse's Mayor,Marthe,friend_ally,undirected,1,0.9633178,0.9633178,0.6677210170532093,"Four orphans decide to go with her: Marthe, Rick, Thore, and Nora."
Todd,Hugo,service_retainer,directed,1,0.96321493,0.96321493,0.6676497130027451,Todd was brought in as a third chef for Myne once Hugo and Ella had been trained enough.
Angelica,Thorsten,family,undirected,1,0.9629844,0.9629844,0.6674899217832105,"In it, his parents were sentenced for a crime they committed under Veronica's direct orders and he hopes that through Lieseleta, he can get closer to her sister Angelica, which in turn would allow him access to Lord Bonifatius, since Angelica is very close to him, which in turn might enable him to reduce the sentence of his family."
Rosina,Rozemyne,service_retainer,directed,1,0.9628817,0.9628817,0.667418735567767,Infobox field occupation: Rozemyne's personal musician Myne's Attendant (Former)
Gretia,Damuel,service_retainer,directed,1,0.96286786,0.96286786,0.6674091424107881,"To everyone's surprise the burly knight invited himself in to witness someone doing the ritual and to spare Gretia, Rozemyne reluctantly offered up Damuel to do this."
Hasse's Mayor,Thore,friend_ally,undirected,1,0.9627915,0.9627915,0.6673562136920805,"Four orphans decide to go with her: Marthe, Rick, Thore, and Nora."
Sylvester,Rihyarda,service_retainer,directed,1,0.96270764,0.96270764,0.6672980863695188,*Rihyarda - Sylvester's former head-attendant during his childhood and a big part of his rearing.
Johann,Myne,friend_ally,undirected,1,0.9625933,0.9625933,0.6672188319208936,"As Myne begins to make more complicated inventions, she relies on the help of Lutz, Johann, and her other craftsmen to help refine the vague details that she remembers into effective products."
Hannelore,Sigiswald,friend_ally,undirected,1,0.9623962,0.9623962,0.6670822126116053,"Inside, the princes keep reading through the few bound books, since they are written in modern vernacular, while Hannelore and Rozemyne check over the ivory tablets."
Arno,Margaret,family,undirected,1,0.9623835,0.9623835,0.667073409642412,"After the attack in the temple, Arno told Ferdinand about Fran's traumatic history with Sister Margaret."
Charlotte,Gloria,enemy_rival,undirected,1,0.9623737,0.9623737,0.6670666168000426,"Later, she is complicit in plans for Charlotte's kidnapping and Rozemyne’s poisoning."
Sieg,Wilma,friend_ally,undirected,1,0.96235514,0.96235514,0.6670537519883715,"Along with his other brothers, Sieg occasionally does little tasks for Myne and Lutz for some extra pocket money, like carving the wooden parts for hairpins or engraving illustrations that Wilma drew on wood."
Leise,Liz,romantic,undirected,1,0.9621848,0.9621848,0.6669356812976348,"*She was one of the few people who could fight Benno head-on on equal terms or even win the argument. *She and Benno would often hide behind the store and act like adults while planning little plots. *Looking at her Japanese name リーゼ and how most names of citizens of Ehrenfest look German, her name could also have been ""Liese"", which may look a bit too close to Leise. *Benno's late fiancée, Liz, silently grappled with the Devouring, a rare ailment."
Nicola,Wilma,friend_ally,undirected,1,0.96217114,0.96217114,0.6669262129071484,Myne asked Rosina to have Wilma recommend two grey apprentice shrine maidens to help Ella.
Wilma,Zasha,friend_ally,undirected,1,0.961816,0.961816,0.6666800486174443,"Along with his other brothers, Zasha occasionally does little tasks for Myne and Lutz for some extra pocket money, like carving the wooden parts for hairpins or engraving illustrations that Wilma drew on wood."
Fraularm,Rauffen,service_retainer,directed,1,0.9617853,0.9617853,0.6666587689990011,"The professors chosen for this task are Rauffen, due to being the one who called upon the knight's order, Hirschur on account of being the supervisor of the attacked duchy's dormitory, Gundolf who volunteered and Fraularm."
Fran,Nicola,friend_ally,undirected,1,0.9617762,0.9617762,0.666652461359658,"When Myne found out that she had to stay in the temple over winter, she had Fran ask her chefs if any were willing to stay as well."
Hasse's Mayor,Rick,friend_ally,undirected,1,0.96174765,0.96174765,0.6666326720076531,"Four orphans decide to go with her: Marthe, Rick, Thore, and Nora."
Margaret,Myne,service_retainer,directed,1,0.96174145,0.96174145,0.6666283744951336,Margaret (マルグリット Maruguritto) was a Blue Shrine Maiden and the last orphanage director before Myne.
Count Bindewald,Georgine,friend_ally,undirected,1,0.9615302,0.9615302,0.6664819471532403,"Even his laughter sounds like toad croaking to her. *Nobles (especially high-ranked ones) are usually good-looking because they tend to marry and have children with other good-looking nobles, but Count Bindewald is a notable exception. *Count Bindewald is the one who delivered Georgine's letters to Veronica faction members in Ehrenfest."
Rozemyne,Solange,friend_ally,undirected,1,0.96148294,0.96148294,0.6664491890174871,She is having trouble powering all the protective tools in the library and is very happy when Rozemyne reactivates Schwartz and Weiss.
Christine,Eglantine,friend_ally,undirected,1,0.96106845,0.96106845,0.6661618864426168,"While studying there, she became well acquainted with Eglantine of Klassenberg over their shared appreciation for the arts, and the two attended many tea parties together."
Bertram,Freuden,romantic,undirected,1,0.960961,0.960961,0.6660874077780655,His first wife and older son Freuden are also among the lives claimed by the purge.
Karstedt,Ferdinand,service_retainer,directed,1,0.96079963,0.96079963,0.6659755546175387,"After Myne's memory searching, Ferdinand visits Karstedt's estate to return the magic tool."
Konrad,Veronica,enemy_rival,undirected,1,0.96074414,0.96074414,0.6659370918804893,"In the winter of Rozemyne's third term at the Royal Academy, Aub Ehrenfest enacts a purge of the former Veronica faction."
Rozemyne,Viktor,friend_ally,undirected,1,0.96033114,0.96033114,0.6656508220949181,"As the person most familiar with the paper-making efforts in Illgner, Viktor accompanied Giebe Illgner along with their respective wives to meet with Rozemyne and Ferdinand."
Lestilaut,Rozemyne,enemy_rival,undirected,1,0.9601573,0.9601573,0.6655303253890495,"Rozemyne considers him to be a ""musclehead."" He demonstrated a tendency to act without thinking things through, when escalating a dispute over the mastership of Schwartz and Weiss into full-on combat within the halls of the Royal Academy."
Ingo,Rozemyne,friend_ally,undirected,1,0.9599629,0.9599629,0.6653955775771486,"He is very determined in accomplishing his goals, willing to push past all obstacles to negotiate with Rozemyne directly just to protect his workshop."
Bertilde,Sylvester,family,undirected,1,0.9599427,0.9599427,0.6653815760041014,"She's the second daughter of Count Groschel, and Brunhilde's younger sister; whom she will serve upon becoming Sylvester's future second wife."
Hugo,Rozemyne,service_retainer,directed,1,0.9599354,0.9599354,0.6653765160296833,"Hugo (フーゴ, Fuugo) is Rozemyne’s personal chef whom she trained at the temple."
Elvira,Ferdinand,friend_ally,undirected,1,0.95983934,0.95983934,0.6653099323115187,"When Veronica held power in Ehrenfest, Elvira loyally supported those who faced persecution, including Ferdinand and Florencia."
Leise,Benno,service_retainer,directed,1,0.95966154,0.95966154,0.6651866907428152,"When Sylvester decides to visit the Italian Restaurant, Benno send Hugo and Todd to learn noble recipes from Leise to help improve the menu."
Eglantine,Rozemyne,family,undirected,1,0.95954806,0.95954806,0.6651080324007652,"*Eglantine seems to have a weakness for direct compliments, as Rozemyne's earnest admiration and Anastasius's effusive praise both leave her flustered. *Eglantine is said to resemble her mother a lot in appearance, who was also wooed enthusiastically by a prince. *Eglantine's name is derived from Églantine, which is Briar rose in French. *Eglantine regularly came in as first-in-class during her Royal Academy education."
Strahl,Fairseele,service_retainer,directed,1,0.95950514,0.95950514,0.6650782825237755,"Furthermore, since his daughter Fairseele is one of Letizia's apprentice attendants, his position helps to exchange information between Letizia's and Ferdinand's retainers."
Gustav,Milda,romantic,undirected,1,0.9594403,0.9594403,0.6650333388605881,"However, after her parent's death, the master of the Ehrenfest Merchant's Guild, Gustav started pressuring the family to have Milda marry one of his sons."
Dregarnuhr,Ortwin,romantic,undirected,1,0.9591277,0.9591277,0.664816661051945,Ortwin was at the Gazebo when the goodness of Dregarnuhr descended into Hannelore body.
Eglantine,Letizia,friend_ally,undirected,1,0.95910174,0.95910174,0.6647986669511378,Eglantine tries her best to calm Letizia's nerves throughout the meeting and commends her for bringing along Lieseleta and others a part of Rozemyne's retinue.
Ralph,Wilma,friend_ally,undirected,1,0.9590817,0.9590817,0.6647847762816393,"Along with his other brothers, Ralph occasionally does little tasks for Myne and Lutz for some extra pocket money, like carving the wooden parts for hairsticks or engraving illustrations that Wilma drew on wood."
Ferdinand,Viktor,friend_ally,undirected,1,0.9585911,0.9585911,0.6644447182748566,"As the person most familiar with the paper-making efforts in Illgner, Viktor accompanied Giebe Illgner along with their respective wives to meet with Rozemyne and Ferdinand."
Dirk,Kamil,friend_ally,undirected,1,0.9583083,0.9583083,0.6642486962521942,"Dirk's name was intended to sound like Delia's. *Dirk received Myne's ""final"" blessing. *Dirk received the same toys as Kamil as presents from Rozemyne."
Lasfam,Myne,friend_ally,undirected,1,0.9582902,0.9582902,0.664236150288226,"When Justus and Eckhart are assigned to gather information about Myne in the lower city of Ehrenfest, Lasfam helps Justus change from his noble clothing into merchant attire."
Laugo,Georgine,service_retainer,directed,1,0.9581359,0.9581359,0.6641291976782657,"Georgine and her attendant disguise themselves as Laugo's servants and follow his ""commands"" until they are in private again."
Dahvidh,Wilfried,friend_ally,undirected,1,0.9580779,0.9580779,0.6640889951417932,Dahvidh (ダーヴィット) is an archduke candidate from Lindenthal and a classmate of Wilfried and Rozemyne.
Angelica,Bonifatius,friend_ally,undirected,1,0.9579622,0.9579622,0.6640087980130024,"His training regimen is notoriously brutal, but those who could survive his training like Angelica and Cornelius turn out to be excellent. *Strength: Bonifatius is extremely strong physically even without using enhancement magic."
Count Bindewald,Veronica,friend_ally,undirected,1,0.9578924,0.9578924,0.6639604163397993,"Even his laughter sounds like toad croaking to her. *Nobles (especially high-ranked ones) are usually good-looking because they tend to marry and have children with other good-looking nobles, but Count Bindewald is a notable exception. *Count Bindewald is the one who delivered Georgine's letters to Veronica faction members in Ehrenfest."
Heisshitze,Werdekraf,enemy_rival,undirected,1,0.9578304,0.9578304,0.6639174412146046,"Ferdinand turns out to be very reluctant to participate, seeing no personal gain for himself in the endeavour, but is eventually convinced to join when his old student-days rival Heisshitze wagers several valuable materials for the chance to win back his old cape from Ferdinand, which he lost to him during their shared time at the Royal Academy."
Hensfen,Hildebrand,romantic,undirected,1,0.9574241,0.9574241,0.6636358155151431,He introduced himself to then-Prince Hildebrand at the Fellowship Gathering in Rozemyne's second year.
Gloria,Veronica,friend_ally,undirected,1,0.9571716,0.9571716,0.6634607958520518,"As a member of the Veronica faction, Gloria is sympathetic to Georgine and is involved in plans to bring her back to Ehrenfest."
Dirk,Myne,friend_ally,undirected,1,0.9570904,0.9570904,0.6634045123009903,*Delia chose Dirk's name from Myne's suggestion.
Gretia,Laurenz,friend_ally,undirected,1,0.95673114,0.95673114,0.6631554922449023,"As such she has a hard time dealing with Laurenz' joking and teasing, despite them being done in good nature and fun."
Angelica,Lessy,friend_ally,undirected,1,0.9567137,0.9567137,0.6631434037580733,"She is also one of the very few people who find Lessy cute. **After her retirement, Angelica and Judithe took her place in part 4. *Hirschur is the first person to create a drivable highbeast based on Lessy."
Lily,Wilma,friend_ally,undirected,1,0.956405,0.956405,0.6629294292234345,"In the summer, the mother and child are moved back to the Ehrenfest orphanage via carriage, where Wilma helps Lily to take care of the baby like she did with Dirk."
Judithe,Lessy,friend_ally,undirected,1,0.9561796,0.9561796,0.6627731938489363,"She is also one of the very few people who find Lessy cute. **After her retirement, Angelica and Judithe took her place in part 4. *Hirschur is the first person to create a drivable highbeast based on Lessy."
Damuel,Hassheit,friend_ally,undirected,1,0.95611227,0.95611227,0.6627265242492691,"However, Damuel and his friends intervene to cut off Hassheit's insults."
Dimo,Ingo,service_retainer,directed,1,0.95608604,0.95608604,0.662708342998723,"For this reason Dimo is chosen to represent the workshop, in place of his foreman Ingo in the province of Kirnberger."
Dahvidh,Rozemyne,friend_ally,undirected,1,0.9559305,0.9559305,0.6626005308862588,Dahvidh (ダーヴィット) is an archduke candidate from Lindenthal and a classmate of Wilfried and Rozemyne.
Anastasius,Hortensia,romantic,undirected,1,0.955919,0.955919,0.6625925596936824,"Ultimately, it is Princess Eglantine, who hosts the bookworm tea party in her and Prince Anastasius' royal villa."
Count Leisegang,Wilfried,family,undirected,1,0.95586747,0.95586747,0.6625568418194682,"Count Leisegang accepts this and is heartened by Wilfried's assurances that he will not repeat his forebearer's mistakes, but is very concerned about how his grandfather will take this, when getting the information directly from Rozemyne herself, rather than through messengers ."
Hartmut,Kampfer,friend_ally,undirected,1,0.95574486,0.95574486,0.6624718550436597,"Thankfully Hartmut is able to accelerate the release of Frietack, resulting him being returned to the Temple in early spring, much to the delight of Kampfer, who was suffering under the intense workload."
Brunhilde,Judithe,romantic,undirected,1,0.95564395,0.95564395,0.6624019095616693,"As she will be staying in Ehrenfest, Bertilde suggested that she could serve Brunhilde, Sylvester's future second wife."
Damuel,Ymir,friend_ally,undirected,1,0.95537704,0.95537704,0.6622169016477061,"After Ferdinand's departure from Ehrenfest, the gray priests are tasked with finding ceremonial robes to lend to Cornelius, Angelica and Damuel, who all volunteered to participate in the Dedication Ritual so Lady Rozemyne would not have to return to Ehrenfest this year and could enjoy a full, uninterrupted term at the Royal Academy."
Elias,Hirschur,service_retainer,directed,1,0.95536435,0.95536435,0.6622081056099848,"When Roderick repeatedly fails at dyeing a feystone in his mana, Elias advises him to request a different stone from Professor Hirschur, since different stones and traces of mana left by previous users of the stone can make it more difficult to dye them."
Delia,Lily,friend_ally,undirected,1,0.95522606,0.95522606,0.6621122502863851,"Due to being one of the very few shrine maidens with any experience dealing with little children on account of being part of raising her own child and Dirk respectively, Lily and Delia play a big part in caring for the new arrivals."
Alexis,Oswald,service_retainer,directed,1,0.9550538,0.9550538,0.6619928487530619,"As they discuss the matter, Alexis realizes that Wilfried's perspective is heavily influenced by his upbringing under Veronica and his attachment to his former head attendant Oswald, who was forced to resign during the purge."
Adelbert,Bezewanst,family,undirected,1,0.9549953,0.9549953,0.6619522996429991,Infobox field family/Brother: Bonifatius Bezewanst (In-Law)
Liebeskhilfe,Wentuchte,romantic,undirected,1,0.954936,0.954936,0.6619111960151919,"Dregarnuhr appears to have some reservations, but Liebeskhilfe pushes Hannelore into Wentuchte's tapestry, before the other goddess can react."
Ewigeliebe,Myne,romantic,undirected,1,0.9545879,0.9545879,0.661669911481639,"*His name is most likely derived from the German words ""ewige"" and ""liebe"" which translate to ""eternal love"". *When Myne adapted her playing cards to Yurgenschmidt, Ewigeliebe, represented by the sword, was used in place of the Jack."
Lieseleta,Schwartz and Weiss,friend_ally,undirected,1,0.9544341,0.9544341,0.6615633054452689,Lieseleta is very fond of Schwartz and Weiss and eagerly throws herself into her studies to make sure she finishes her courses for the year early so that nothing can get in the way of her participating in Lady Rozemyne measuring the two shumils for their new clothing.
Konradin,Wilfried,friend_ally,undirected,1,0.95415163,0.95415163,0.6613675121611762,"Konradin (コンラーディン, Konrādin) is an archduke candidate from Gaussbuttel and a classmate of Wilfried and Rozemyne."
Elvira,Hassheit,romantic,undirected,1,0.95397115,0.95397115,0.6612424129580287,"The dress proves a resounding success, and, combined with Brigitte's newfound political backing from Rozemyne and Elvira, serves to draw the attention of many eligible young noblemen at the Starbind Ceremony."
Leise,Rozemyne,friend_ally,undirected,1,0.95378023,0.95378023,0.6611100772983162,"Both Rozemyne and the High Priest Ferdinand were pleased with all the dishes, and Rozemyne praised the assembled cooking staff, including Leise."
Gundolf,Ortwin,friend_ally,undirected,1,0.95358336,0.95358336,0.6609736174128793,"The third person to finish memorizing the prayers is Ortwin, whom Gundolf accompanies into the chapel."
Frietack,Hartmut,service_retainer,directed,1,0.9533207,0.9533207,0.6607915553744335,"But thanks to Hartmut bringing his influence to bear, he is quickly returned to the temple, where his administrative abilities are highly valued."
Danilo,Zack,friend_ally,undirected,1,0.9532266,0.9532266,0.6607263302247428,"While he is not as skilled as Johann's disciple Danilo in smithing, his open personality make Zack believe him to be the ideal choice to mediate between his more introverted and uncommunicative colleague and the local smiths."
Schwartz and Weiss,Mestionora,service_retainer,directed,1,0.9530828,0.9530828,0.6606266556601782,"She formed them in the image of the golden shumil who vets Zent Candidates trying to obtain the Book of Mestionora. |- |Unnamed Werkestock Archnoble |Primary |One of the three former Werkestock archnoble librarians was the primary master of the magic tools, until they were executed during the purge."
Florencia,Leberecht,friend_ally,undirected,1,0.9523675,0.9523675,0.6601308474819237,"When Florencia faints from the stress of the task, Leberecht and his fellow scholars assist Aub Ehrenfest in handling the letters while their lady recovers."
Eckhart,Myne,friend_ally,undirected,1,0.95234555,0.95234555,0.6601156329013104,"On one occasion, he and Justus were tasked with investigating Myne's background in the lower city of Ehrenfest."
Dirk,Lily,friend_ally,undirected,1,0.9522955,0.9522955,0.6600809408849233,"In the summer, the mother and child are moved back to the Ehrenfest orphanage via carriage, where Wilma helps Lily to take care of the baby like she did with Dirk."
Fran,Zahm,friend_ally,undirected,1,0.9519692,0.9519692,0.6598547669599066,"Fran is happy to have him around, as he worked with mostly shrine maidens and was happy to have a fellow grey priest."
Alexis,Leonore,friend_ally,undirected,1,0.95175385,0.95175385,0.6597054977145731,"After Rozemyne returns to Ehrenfest, Alexis is one of the apprentice knights training with Leonore in preparation for the Interduchy Tournament."
Hartmut,Kazmiar,friend_ally,undirected,1,0.9516842,0.9516842,0.6596572200134471,"According to Dirk, he's a kind person, which reminds him of Hartmut, in the way he assists the commoner children of the orphanage equally to children of former nobles and doesn't get upset, even when the former noble children raise their voices in a way that would be exceptionally inappropriate for regular orphans."
Otto,Myne,service_retainer,directed,1,0.95095414,0.95095414,0.6591511809828074,"He previously served under Gunther as a soldier at the city gate, where he taught Myne how to read and write."
Ignaz,Charlotte,service_retainer,directed,1,0.95003206,0.95003206,0.6585120438305567,Due to the high profile of the project Wilfried and Charlotte decide to put Ignaz and Marianne - their respective head scholars - in charge of overseeing this.
