head,tail,relation,edge_direction,evidence_count,mean_confidence,max_confidence,edge_score,evidence
Justus,Rihyarda,family,undirected,5,0.9859277946330472,0.997226178632606,1.7665454620088956,"Infobox field family/Mother: Rihyarda | Infobox field family/Son: Justus | He bears a strong resemblance to his mother, Rihyarda, and his sister, Gudrun."
Gieselfried,Letizia,family,undirected,5,0.980870745851883,0.9969314421518756,1.7574844469688964,"Infobox field family/Father: Drewanchel Archducal Family Member (Biological) Gieselfried (Adoptive, Deceased) | Infobox field family/Mother: Daughter of Gieselfried (Biological) Gieselfried's First Wife (Adoptive, Deceased) | Infobox field family/Relatives: Letizia (Granddaughter, Biological) Benedikta (Granddaughter) Aurelia (Niece) Martina (Niece) Lamprecht (Nephew, In-Law)"
Rihyarda,Traugott,family,undirected,5,0.9796145184280431,0.9871577820304306,1.7552335895867273,"Traugott is the son of Karstedt's younger brother and Gudrun, Rihyarda's daughter. | Infobox field family/Offspring: Traugott (Grandson) | Infobox field family/Grandmother: Rihyarda"
Detlinde,Letizia,family,undirected,4,0.9912104486106139,0.9937988185320058,1.5952916751947346,"Infobox field family/Sister: Detlinde (Adoptive Half-Sister) Alstede (Adoptive Half-Sister) | Infobox field family/Sister: Alstede Letizia (Half-Sister, Adoptive) | Infobox field family/Aunt: Detlinde Alstede"
Elvira,Previous Count Leisegang,family,undirected,4,0.987765106910878,0.9933698117686616,1.5897466116418895,"Infobox field family/Relatives: Previous Count Leisegang (Great-Grandfather) Count Groschel (Cousin) Traugott (Nephew) | Infobox field family/Offspring: Karstedt (Grandson) Count Leisegang (Grandson) Leberecht (Grandson) Claudio (Grandson) Elvira (Granddaughter) Eckhart (Great-Grandson) Lamprecht (Great-Grandson) Cornelius (Great-Grandson) Rozemyne (Great-Granddaughter) Traugott (Great-Grandson) Nikolaus (Great-Grandson) Oliswalt (Great-Grandson) Leberecht's Middle Son (Great-Grandson) Hartmut (Great-Grandson) Leonore (Great-Granddaughter) Brunhilde (Great-Granddaughter) Bertilde (Great-Granddaughter) | Infobox field family/Relatives: Elvira (Granddaughter, In-Law) Trudeliede (Granddaughter, In-Law) Rozemary (Granddaughter-In-Law, Deceased) Heidemarie (Great-Granddaughter, In-Law, Deceased) Aurelia (Great-Granddaughter, In-Law)"
Blasius,Letizia,family,undirected,4,0.9856533649407055,0.9946739043391494,1.5863478940538156,"Infobox field family/Uncle: Wolfram (Deceased) Blasius | Infobox field family/Relatives: Aurelia (Cousin) Martina (Cousin) Letizia (Niece) | Infobox field family/Sister: Alstede (Half-Sister) Detlinde (Half-Sister) Letizia (Half-Sister, Adoptive) Several other unnamed women"
Hartmut,Leberecht,family,undirected,4,0.984416256945133,0.9995272807181964,1.5843568455439658,"Infobox field family/Father: Leberecht | He is the father of three sons, of whom Hartmut is the youngest and Oliswalt the oldest. | Infobox field family/Son: Oliswalt Unnamed Son Hartmut"
Eglantine,Hildebrand,family,undirected,4,0.9842982374234286,0.9951067326526788,1.5841669004513272,"Infobox field family/Relatives: Anastasius (Cousin) Sigiswald (Cousin) Hildebrand (Cousin) Nahelache's Son (Nephew) | Infobox field family/Relatives: Eglantine (Cousin) Lestilaut (Cousin) Hannelore (Cousin) Reginald (Cousin) Kenntrips (Cousin) Rasantark (Cousin) Raufereg (Cousin) Lungtase (Cousin) Nahelache's Son (Half-Nephew) Stephareine (Half-Niece) | Infobox field family/Sister: Trauerqual's Daughter (Deceased) Eglantine (Half-Sister, In-Law) Nahelache (Half-Sister, In-Law) Adolphine (Half-Sister, In-Law, Former)"
Gudrun,Traugott,family,undirected,4,0.9840158289285007,0.9982688990628968,1.583712381512797,"Infobox field family/Mother: Gudrun | Infobox field family/Son: Traugott | Traugott is the son of Karstedt's younger brother and Gudrun, Rihyarda's daughter."
Eglantine,Sigiswald,family,undirected,4,0.9819264413774391,0.9951067326526788,1.5803496419743506,Infobox field family/Relatives: Anastasius (Cousin) Sigiswald (Cousin) Hildebrand (Cousin) Nahelache's Son (Nephew) | Infobox field family/Relatives: Eglantine (Cousin) Stephareine | Infobox field family/Sister: Trauerqual's Daughter (Deceased) Eglantine (In-Law)
Deid,Lutz,family,undirected,4,0.9813134939430463,0.9974297904937348,1.5793631411351097,Infobox field family/Father: Deid | He is the father of Lutz. | Infobox field family/Son: Zasha Sieg Ralph Lutz
Aub Klassenberg,Eglantine,family,undirected,4,0.9792992827925366,0.998042350060704,1.5761213933458318,Infobox field family/Sister: Eglantine's Mother (Deceased) Eglantine (Adoptive) | Infobox field family/Relatives: Eglantine (Niece) | Infobox field family/Uncle: Aub Klassenberg Zent Trauerqual Waldifried (Deceased)
Georgine,Veronica,family,undirected,4,0.9792910216115147,0.99456929288561,1.5761080974878936,"Infobox field family/Mother: Veronica | She is the mother of Georgine, Constanze and Sylvester. | Infobox field family/Daughter: Georgine (Deceased) Constanze Florencia (In-Law)"
Aeussewahl,Heileind,family,undirected,4,0.9790425604610404,0.9949111692359304,1.5757082146925534,Infobox field family/Son: Heileind Tollkuehnheit Unnamed Son | Infobox field family/Father: Aeussewahl | He was the son of Aeussewahl and the brother of Tollkuehnheit.
Bertram,Sidonius,family,undirected,4,0.9782688700883251,0.9933748041645832,1.57446300807422,Infobox field family/Father: Sidonius (Deceased) | Infobox field family/Mother: Sidonius's Second or Third Wife (Deceased) | Bertram is the son of Sidonius and his second or third wife.
Charlotte,Florencia,family,undirected,4,0.9765347723090153,0.996450887976039,1.5716720853643311,"Infobox field family/Mother: Florencia | She is the mother of Wilfried, Charlotte, Melchior, and Henriette. | Charlotte (シャルロッテ Sharurotte) is the daughter of Sylvester and Florencia and an archduke candidate of Ehrenfest."
Aeussewahl,Tollkuehnheit,family,undirected,4,0.9756771353468638,0.9949111692359304,1.5702917719223397,Infobox field family/Son: Heileind Tollkuehnheit Unnamed Son | Infobox field family/Father: Aeussewahl | He was the father Heileind and Tollkuehnheit.
Alexis,Giebe Kirnberger,family,undirected,4,0.9730217718168492,0.998760310496359,1.5660181291858393,"Infobox field family/Father: Giebe Kirnberger | He is also the father of Alexis. | When visiting the archduke's castle before his winter debut, he was introduced as Giebe Kirnberger's son, and spent his time with his father and his father's first wife rather than his own mother."
Adolphine,Sigiswald,romantic,undirected,4,0.9714596086740961,0.994918725935554,1.5635039245984852,"Infobox field family/Spouse: Nahelache (First Wife, Former Second Wife) Adolphine (First Wife, Former) Rozemyne (Engaged, Cancelled) | After graduating from the Royal Academy, she married Prince Sigiswald as his first wife. | Shortly before Adolphine and Prince Sigiswald are due to be married at the Archduke Conference, the prince informs her that his second wife Nahelache has recently given birth."
Gudrun,Justus,family,undirected,4,0.9706760619604783,0.9913430466283648,1.5622428548114256,"He bears a strong resemblance to his mother, Rihyarda, and his sister, Gudrun. | Infobox field family/Sister: Gudrun | She is Justus's sister and Traugott's mother."
Effa,Tuuli,family,undirected,4,0.970392069081462,0.9984956560191444,1.5617857859050754,"Infobox field family/Mother: Effa | Infobox field family/Daughter: Tuuli Myne | Tuuli (トゥーリ, Tuuri) is the oldest daughter of Gunther and Effa, as well as the older sister of Myne and Kamil."
Angelica,Lieseleta,family,undirected,4,0.9690569525413265,0.989013483594204,1.5596369987278635,Infobox field family/Sister: Lieseleta | Infobox field family/Sister: Angelica | She is the younger sister of Angelica.
Eckhart,Lamprecht,family,undirected,4,0.9665053816391541,0.979574505427073,1.5555304037816435,"Lamprecht is the second son of Karstedt and Elvira, and a brother of Eckhart, Cornelius, and Rozemyne. | He is also the oldest child of Karstedt and Elvira and the older brother of Lamprecht, Cornelius, and Rozemyne. | Infobox field family/Brother: Lamprecht Cornelius Nikolaus (Half-Brother)"
Roswitha,Sergius,family,undirected,3,0.9946265347958473,0.9992192022186296,1.3788451566076998,Infobox field family/Mother: Roswitha (Deceased) | She is the mother of Sergius. | Infobox field family/Son: Sergius
Detlinde,Georgine,family,undirected,3,0.9908568050549972,0.9989791107547537,1.3736192015250133,"Infobox field family/Mother: Georgine (Deceased) | Infobox field family/Daughter: Detlinde Alstede | She is the mother of Detlinde, Sylvester's older sister and a former archduke candidate of Ehrenfest."
Barthold,Grausam,family,undirected,3,0.9907104413424146,0.9996688006772456,1.3734162983355875,Infobox field family/Mother: Grausam's Sister (Deceased) | Infobox field family/Uncle: Grausam (Deceased) | Infobox field family/Relatives: Barthold (Nephew) Cassandra (Niece)
Cassandra,Grausam,family,undirected,3,0.9907095661114994,0.9996661749845006,1.373415085007905,Infobox field family/Mother: Grausam's Sister | Infobox field family/Uncle: Grausam (Deceased) | Infobox field family/Relatives: Barthold (Nephew) Cassandra (Niece)
Bonifatius,Karstedt,family,undirected,3,0.989775346740113,0.9958825173061436,1.3721199819613032,"Infobox field family/Son: Karstedt | Bonifatius (ボニファティウス, Bonifatiusu) is Rozemyne's noble grandfather and the father of Karstedt. | Infobox field family/Father: Bonifatius"
Cornelius,Karstedt,family,undirected,3,0.9880758742529027,0.99766767733824,1.369764012835405,"Infobox field family/Father: Karstedt | Infobox field family/Son: Eckhart Lamprecht Cornelius Nikolaus | As one of Rozemyne's older brothers, he is the third son of Karstedt and Elvira, the younger brother of Eckhart and Lamprecht."
Karstedt,Lamprecht,family,undirected,3,0.9879202058575208,0.99766767733824,1.3695482106166825,"Infobox field family/Father: Karstedt | Infobox field family/Son: Eckhart Lamprecht Cornelius Nikolaus | Lamprecht is the second son of Karstedt and Elvira, and a brother of Eckhart, Cornelius, and Rozemyne."
Eckhart,Karstedt,family,undirected,3,0.9878157590902296,0.99766767733824,1.3694034166521496,"Infobox field family/Father: Karstedt | Infobox field family/Son: Eckhart Lamprecht Cornelius Nikolaus | He is also the oldest child of Karstedt and Elvira and the older brother of Lamprecht, Cornelius, and Rozemyne."
Constanze,Veronica,family,undirected,3,0.9875507709980181,0.99456929288561,1.3690360651541529,"Infobox field family/Mother: Veronica | She is the mother of Georgine, Constanze and Sylvester. | Infobox field family/Daughter: Georgine (Deceased) Constanze Florencia (In-Law)"
Claudio,Elvira,family,undirected,3,0.9875168621699979,0.9921090293463536,1.3689890575370762,Infobox field family/Sister: Elvira | He is the older brother of Elvira. | He and his sister Elvira share a strong family resemblence.
Bonifatius,Rozemyne,family,undirected,3,0.9868674625284038,0.990217055003214,1.3680887984758212,"Infobox field family/Grandfather: Bonifatius (Baptismal) Adelbert (Adoptive, Deceased) | Bonifatius (ボニファティウス, Bonifatiusu) is Rozemyne's noble grandfather and the father of Karstedt. | Infobox field family/Offspring: Eckhart (Grandson) Lamprecht (Grandson) Cornelius (Grandson) Rozemyne (Granddaughter) Traugott (Grandson) Nikolaus (Grandson) Siegrecht (Great-Grandson, Lamprecht's Son)"
Constanze,Rudiger,family,undirected,3,0.985489722505358,0.99804056128913,1.3661788452507835,Infobox field family/Mother: Constanze | Infobox field family/Son: Rudiger | She is also the mother of Rudiger.
Albsenti,Neigunheit,family,undirected,3,0.9849524416351959,0.997412146021738,1.3654340158101401,Infobox field family/Mother: Albsenti | Infobox field family/Son: Neigunheit | She was the mother of Neigunheit.
Karstedt,Traugott,family,undirected,3,0.984852197929032,0.994144626003847,1.3652950485255475,"Infobox field family/Uncle: Karstedt, Justus | Traugott is the son of Karstedt's younger brother and Gudrun, Rihyarda's daughter. | Infobox field family/Relatives: Sylvester (Cousin) Ferdinand (Cousin) Georgine (Cousin) Constanze (Cousin) Traugott (Nephew)"
Gabriele,Georgine,family,undirected,3,0.9842295465020551,0.9940570364324598,1.364431870363386,"Infobox field family/Relatives: Gieselfried (Nephew) Brother of Gieselfried (Nephew) Georgine(Niece, In-Law) Adelbert (Nephew, In-Law, Deceased) Bonifatius (Nephew, In-Law) Irmhilde (Niece, In-Law, Deceased) Unnamed Woman (Adelbert's half-sister) (Niece, In-Law, Deceased) | Infobox field family/Grandmother: Gabriele | Infobox field family/Offspring: Constanze (Granddaughter) Georgine (Granddaughter) Sylvester (Grandson) Wilfried (Great-Grandson) Rozemyne (Great-Granddaugther, through Adoption) Charlotte (Great-Granddaughter) Melchior (Great-Grandson) Henrietta (Great-Granddaughter) Detlinde (Great-Granddaughter) Rudiger (Great-Grandson) Alstede (Great-Granddaughter) Wolfram (Great-Grandson, Deceased)"
Hannelore,Hildebrand,family,undirected,3,0.9841097338367572,0.9923735498415958,1.364265774741093,"Infobox field family/Relatives: Eglantine (Cousin) Lestilaut (Cousin) Hannelore (Cousin) Reginald (Cousin) Kenntrips (Cousin) Rasantark (Cousin) Raufereg (Cousin) Lungtase (Cousin) Nahelache's Son (Half-Nephew) Stephareine (Half-Niece) | Infobox field family/Relatives: Hildebrand (Cousin) Rasantark (Cousin) Kenntrips (Cousin) Codenest (Cousin) Reginald (Cousin) | As relatives of Trauerqual's third wife Magdalena, Hannelore and her brother Lestilaut occasionally visited her and her son Prince Hildebrand at their royal villa in the Sovereignty, but didn't form a particularly close relationship with the prince."
Nahelache,Trauerqual,family,undirected,3,0.9838266637323333,0.9963295162442136,1.3638733562515284,Infobox field family/Offspring: Nahelache's Child (Grandson) Stephareine (Granddaughter) | Infobox field family/Father: Trauerqual (In-Law) | Infobox field family/Daughter: Unnamed Daughter (Deceased) Nahelache (In-Law) Eglantine (In-Law) Adolphine (in-Law)
Florencia,Wilfried,family,undirected,3,0.98222624685634,0.996450887976039,1.3616547073608978,"Infobox field family/Mother: Florencia | She is the mother of Wilfried, Charlotte, Melchior, and Henriette. | Infobox field family/Son: Wilfried Melchior"
Florencia,Melchior,family,undirected,3,0.98222624685634,0.996450887976039,1.3616547073608978,"Infobox field family/Mother: Florencia | She is the mother of Wilfried, Charlotte, Melchior, and Henriette. | Infobox field family/Son: Wilfried Melchior"
Brunhilde,Count Groschel,family,undirected,3,0.9821367159471799,0.998990888754251,1.361530591166383,"Infobox field family/Father: Count Groschel | Infobox field family/Daughter: Brunhilde Bertilde | *The first time Brunhilde appears on page is in Part 3 Volume 3, as ""Count Groschel's daughter with crimson red hair"" during the first study material sales conducted by Rozemyne. *As Rozemyne is the baptized daughter of Elvira, Brunhilde is a distant ""blood"" relative of Rozemyne and several of her other fellow retainers, including Hartmut, Leonore, Cornelius, and Traugott, all of whom are descendants of important Liesegang faction members."
Cornelius,Elvira,family,undirected,3,0.9816913723597079,0.9847520351851814,1.36091321386231,"Infobox field family/Son: Eckhart Lamprecht Cornelius | She is the first wife of Karstedt and the mother of Eckhart, Lamprecht, and Cornelius. | As one of Rozemyne's older brothers, he is the third son of Karstedt and Elvira, the younger brother of Eckhart and Lamprecht."
Elvira,Lamprecht,family,undirected,3,0.9815357039643263,0.9847520351851814,1.3606974116435877,"Infobox field family/Son: Eckhart Lamprecht Cornelius | She is the first wife of Karstedt and the mother of Eckhart, Lamprecht, and Cornelius. | Lamprecht is the second son of Karstedt and Elvira, and a brother of Eckhart, Cornelius, and Rozemyne."
Eckhart,Elvira,family,undirected,3,0.981431257197035,0.9847520351851814,1.3605526176790546,"Infobox field family/Son: Eckhart Lamprecht Cornelius | She is the first wife of Karstedt and the mother of Eckhart, Lamprecht, and Cornelius. | He is also the oldest child of Karstedt and Elvira and the older brother of Lamprecht, Cornelius, and Rozemyne."
Myne,Tuuli,family,undirected,3,0.9808197747310384,0.9969109175565728,1.35970492298452,"Infobox field family/Sister: Tuuli (Older Sister) | Infobox field family/Sister: Myne (Legally Deceased) | Tuuli (トゥーリ, Tuuri) is the oldest daughter of Gunther and Effa, as well as the older sister of Myne and Kamil."
Marthe,Rick,family,undirected,3,0.9804832985251984,0.9956830607970384,1.359238467917713,"Infobox field family/Sister: Marthe | He is the older brother of Marthe. | To escape the fate of being split up with his sister Marthe, the two agree to go with Rozemyne."
Detlinde,Rudiger,family,undirected,3,0.9800718477287885,0.988840935145612,1.3586680759987715,"Infobox field family/Relatives: Wilfried (Cousin) Charlotte (Cousin) Melchior (Cousin) Henrietta (Cousin) Detlinde (Cousin) Rozemyne (Adoptive Cousin) Bonifatius (Great Uncle) Bezewanst (Great Uncle, Deceased) | Infobox field family/Relatives: Wilfried (Cousin) Charlotte (Cousin) Melchior (Cousin) Henriette (Cousin) Rudiger (Cousin) Rozemyne (Cousin, Adoptive) Aurelia (Cousin) Martina (Cousin) Letizia (Niece) Benedikta (Niece) Bezewanst (Granduncle, Deceased) | Because her mother is the older sister of Sylvester, Detlinde is also a cousin to Wilfried and his siblings (as well as Rudiger from Frenbeltag)."
Detlinde,Wilfried,family,undirected,3,0.9798869974096039,0.9887722620814468,1.3584118190436347,"Infobox field family/Relatives: Wilfried (Cousin) Charlotte (Cousin) Melchior (Cousin) Henriette (Cousin) Rudiger (Cousin) Rozemyne (Cousin, Adoptive) Aurelia (Cousin) Martina (Cousin) Letizia (Niece) Benedikta (Niece) Bezewanst (Granduncle, Deceased) | Infobox field family/Relatives: Bonifatius (Granduncle) Bezewanst (Granduncle) Detlinde (Cousin) Alstede (Cousin) Rudiger (Cousin) Fifth Aub Ehrenfest (Great-Grandfather) | Because her mother is the older sister of Sylvester, Detlinde is also a cousin to Wilfried and his siblings (as well as Rudiger from Frenbeltag)."
Bertilde,Brunhilde,family,undirected,3,0.9796503257085307,0.9953567722970154,1.3580837223990003,Infobox field family/Sister: Brunhilde | Infobox field family/Sister: Bertilde | Bertilde looks a lot like her older sister Brunhilde.
Adolphine,Ortwin,family,undirected,3,0.9792092637768987,0.9937853042279594,1.3574722807302742,"Infobox field family/Sister: Adolphine | He is the younger brother of Adolphine. | Infobox field family/Brother: Ortwin Anastasius (In-Law) (Former) Hildebrand (Half-Brother, In-Law) (Former)"
Karla,Lutz,family,undirected,3,0.9783434986598358,0.9890468301457512,1.3562720754304356,"Infobox field family/Mother: Karla | Infobox field family/Son: Zasha Sieg Ralph Lutz | His father Deid was a carpenter, and his mother Karla was a textile worker."
Hannelore,Magdalena,family,undirected,3,0.9772716359897866,0.9863622149289106,1.3547861582550516,"Infobox field family/Relatives: Lestilaut (Nephew) Hannelore (Niece) Raufereg (Nephew) Lungtase (Niece) Kenntrips (Nephew) Rasantark (Nephew) Codenest (Nephew) | Infobox field family/Aunt: Magdalena | As relatives of Trauerqual's third wife Magdalena, Hannelore and her brother Lestilaut occasionally visited her and her son Prince Hildebrand at their royal villa in the Sovereignty, but didn't form a particularly close relationship with the prince."
Charlotte,Sylvester,family,undirected,3,0.9749826839623289,0.995082517869775,1.351612996966513,Infobox field family/Father: Sylvester | Charlotte (シャルロッテ Sharurotte) is the daughter of Sylvester and Florencia and an archduke candidate of Ehrenfest. | Infobox field family/Daughter: Rozemyne (adoptive) Charlotte Henriette
Eglantine,Trauerqual,family,undirected,3,0.9747744782020114,0.9849179955557188,1.351324362495032,Infobox field family/Father: Former Third Prince (Deceased) Previous Aub Klassenberg (Adoptive) Trauerqual (In-Law) | Infobox field family/Daughter: Unnamed Daughter (Deceased) Nahelache (In-Law) Eglantine (In-Law) Adolphine (in-Law) | Infobox field family/Uncle: Aub Klassenberg Zent Trauerqual Waldifried (Deceased)
Effa,Myne,family,undirected,3,0.9743717159328781,0.9959370328764814,1.3507660154324608,"Infobox field family/Mother: Effa Urano Motosu’s Mother (Former) | Infobox field family/Daughter: Tuuli Myne | The two would later raise three children: her oldest daughter, Tuuli, her second daughter, Myne, and her youngest son Kamil."
Gunther,Tuuli,family,undirected,3,0.9737430280328169,0.991857139976804,1.3498944689417016,"Infobox field family/Father: Gunther | Infobox field family/Daughter: Tuuli Myne | Tuuli (トゥーリ, Tuuri) is the oldest daughter of Gunther and Effa, as well as the older sister of Myne and Kamil."
Cornelius,Eckhart,family,undirected,3,0.9721054389676823,0.980041510613218,1.347624288454874,"As one of Rozemyne's older brothers, he is the third son of Karstedt and Elvira, the younger brother of Eckhart and Lamprecht. | He is also the oldest child of Karstedt and Elvira and the older brother of Lamprecht, Cornelius, and Rozemyne. | Infobox field family/Brother: Lamprecht Cornelius Nikolaus (Half-Brother)"
Brigitte,Helfried,family,undirected,3,0.9703428655749172,0.9889873456413204,1.3451808428994236,"Infobox field family/Sister: Brigitte | She is the younger sister of Helfried. | Helfried has red hair, green eyes, and facial features that closely resemble Brigitte, his sister."
Cornelius,Lamprecht,family,undirected,3,0.9699294102933352,0.980041510613218,1.3446076721739915,"As one of Rozemyne's older brothers, he is the third son of Karstedt and Elvira, the younger brother of Eckhart and Lamprecht. | Lamprecht is the second son of Karstedt and Elvira, and a brother of Eckhart, Cornelius, and Rozemyne. | Infobox field family/Brother: Eckhart Cornelius Nikolaus (Half-Brother)"
Hartmut,Ottilie,family,undirected,3,0.9699264766709604,0.9889656841720018,1.3446036053098356,"Infobox field family/Son: Oliswalt Unnamed Son Hartmut | Infobox field family/Mother: Ottilie | Hartmut's mother is Ottilie, and his father is Leberecht."
Eglantine,Ralfrieda,family,undirected,3,0.9690283584692944,0.9921368712733268,1.3433585491112467,"Infobox field family/Mother: Unnamed Klassenberg Archduke Candidate (Deceased) Ralfrieda | Infobox field family/Daughter: Adolphine (In-Law, Former), Nahelache (In-Law), Eglantine (In-Law) | Infobox field family/Aunt: Ralfrieda Magdalena"
Detlinde,Sylvester,family,undirected,3,0.9684807840951288,0.9900755707502948,1.3425994498440472,"Infobox field family/Relatives: Karstedt (Cousin) Detlinde (Niece) Alstede (Niece) Wolfram (Nephew, Deceased) Rudiger (Nephew) | Because her mother is the older sister of Sylvester, Detlinde is also a cousin to Wilfried and his siblings (as well as Rudiger from Frenbeltag). | Infobox field family/Uncle: Sylvester Ferdinand"
Kashick,Konrad,family,undirected,3,0.966739765667321,0.986403667947294,1.3401858858149716,"Infobox field family/Father: Kashick (Former) | Infobox field family/Son: Konrad (Former) Unnamed Child | Konrad was born in the city of Ehrenfest as the laynoble son of Kashick and his wife Theresia, and is the younger brother of Philine."
Adelbert,Bonifatius,family,undirected,3,0.9535875700728056,0.9541822063901134,1.3219530712259489,"His brother was the previous Aub Ehrenfest, Lord Adelbert. | Imhilde, Bonifatius and Adelbert's half-sister from another mother, presumably the Fifth Aub Ehrenfest's second or third wife, was engaged with her half-brother Adelberg to become his second wife. | Infobox field family/Brother: Adelbert (Deceased)"
Nikolaus,Trudeliede,family,undirected,2,0.9984156399127493,0.9984859429883236,1.0968716912065808,Infobox field family/Mother: Trudeliede | Infobox field family/Son: Nikolaus
Kenntrips,Werdekraf's Elder Brother,family,undirected,2,0.9979126758715,0.9984583875645724,1.0963191287301062,Infobox field family/Father: Werdekraf's Elder Brother | Infobox field family/Son: Reginald Kenntrips Rasantark
Lestilaut,Sieglinde,family,undirected,2,0.9975095967027938,0.9984681359454188,1.0958763010020596,Infobox field family/Son: Lestilaut | Infobox field family/Mother: Sieglinde
Otto,Renate,family,undirected,2,0.9971855673374905,0.99787516076367,1.095520318359448,Infobox field family/Father: Otto | Infobox field family/Daughter: Renate
Ewigeliebe,Mestionora,family,undirected,2,0.9971099958925772,0.9989605975340516,1.0954372946413937,Infobox field family/Father: Ewigeliebe | Infobox field family/Daughter: Mestionora
Hannelore,Lungtase,family,undirected,2,0.9961784625798327,0.9973895344649985,1.0944139006967089,Infobox field family/Sister: Hannelore (Half-sister) | Infobox field family/Sister: Lungtase (Half-Sister)
Corinna,Renate,family,undirected,2,0.9958074090477311,0.9964959739113112,1.0940062567265885,Infobox field family/Daughter: Renate | Infobox field family/Mother: Corinna
Lamprecht,Siegrecht,family,undirected,2,0.9953275585336381,0.9997100581593245,1.0934790870550821,Infobox field family/Father: Lamprecht | Infobox field family/Son: Siegrecht
Hannelore,Sieglinde,family,undirected,2,0.9952118659351823,0.9965510574601688,1.0933519857447107,Infobox field family/Mother: Sieglinde | Infobox field family/Daughter: Hannelore
Kashick,Philine,family,undirected,2,0.9949335107666405,0.9988341055934078,1.0930461813359365,Infobox field family/Daughter: Philine (Former) | Infobox field family/Father: Kashick
Heidemarie,Siegrecht,family,undirected,2,0.994916706009445,0.9990196755303036,1.0930277194231734,"Infobox field family/Relatives: Siegrecht (Nephew) | Infobox field family/Aunt: Rozemyne Heidemarie (In-Law, Deceased)"
Aurelia,Siegrecht,family,undirected,2,0.9946921642342216,0.9984392695604916,1.0927810350695935,Infobox field family/Mother: Aurelia | Infobox field family/Son: Siegrecht
Eglantine,Nahelache,family,undirected,2,0.9944507257194404,0.9951067326526788,1.0925157877502971,"Infobox field family/Relatives: Anastasius (Cousin) Sigiswald (Cousin) Hildebrand (Cousin) Nahelache's Son (Nephew) | Infobox field family/Sister: Unnamed Older Sister (Deceased) Trauerqual's Daughter (In-Law) Nahelache (In-Law) Adolphine (In-Law, Former)"
Fairseele,Strahl,family,undirected,2,0.9943732542686938,0.9974868389769102,1.092430676662486,Infobox field family/Father: Strahl}} | Infobox field family/Daughter: Fairseele
Deid,Gunther,family,undirected,2,0.9943347993903212,0.9996312879971748,1.0923884296605466,Infobox field family/Relatives: Deid's Mother (Grand-Cousin) | Infobox field family/Relatives: Fey (Nephew) Gunther's Father (Grand-Cousin)
Lamprecht,Traugott,family,undirected,2,0.9943009233645435,0.9968960215431284,1.0923512130423358,"Infobox field family/Relatives: Traugott (Cousin) Previous Count Leisegang (Great-Grandfather, Deceased) | Infobox field family/Relatives: Lamprecht (Cousin) Eckhart (Cousin) Cornelius (Cousin) Rozemyne (Cousin) Nikolaus (Cousin) Previous Count Leisegang (Great-Grandfather, Deceased)"
Eckhart,Traugott,family,undirected,2,0.9942497677594522,0.996793710332946,1.0922950128659483,"Infobox field family/Relatives: Traugott (Cousin) Previous Count Leisegang (Great-Grandfather, Deceased) Siegrecht (Nephew) | Infobox field family/Relatives: Lamprecht (Cousin) Eckhart (Cousin) Cornelius (Cousin) Rozemyne (Cousin) Nikolaus (Cousin) Previous Count Leisegang (Great-Grandfather, Deceased)"
Cornelius,Traugott,family,undirected,2,0.9942497677594522,0.996793710332946,1.0922950128659483,"Infobox field family/Relatives: Traugott (Cousin) Previous Count Leisegang (Great-Grandfather, Deceased) Siegrecht (Nephew) | Infobox field family/Relatives: Lamprecht (Cousin) Eckhart (Cousin) Cornelius (Cousin) Rozemyne (Cousin) Nikolaus (Cousin) Previous Count Leisegang (Great-Grandfather, Deceased)"
Nikolaus,Traugott,family,undirected,2,0.9942497677594522,0.996793710332946,1.0922950128659483,"Infobox field family/Relatives: Traugott (Cousin) Previous Count Leisegang (Great-Grandfather, Deceased) Siegrecht (Nephew) | Infobox field family/Relatives: Lamprecht (Cousin) Eckhart (Cousin) Cornelius (Cousin) Rozemyne (Cousin) Nikolaus (Cousin) Previous Count Leisegang (Great-Grandfather, Deceased)"
Gabriele,Gieselfried,family,undirected,2,0.9940999133532666,0.9941427902740736,1.0921303809738019,"Infobox field family/Aunt: Gabriele (Deceased) | Infobox field family/Relatives: Gieselfried (Nephew) Brother of Gieselfried (Nephew) Georgine(Niece, In-Law) Adelbert (Nephew, In-Law, Deceased) Bonifatius (Nephew, In-Law) Irmhilde (Niece, In-Law, Deceased) Unnamed Woman (Adelbert's half-sister) (Niece, In-Law, Deceased)"
Eckhart,Siegrecht,family,undirected,2,0.9940026193775106,0.996793710332946,1.092023492616423,"Infobox field family/Relatives: Traugott (Cousin) Previous Count Leisegang (Great-Grandfather, Deceased) Siegrecht (Nephew) | Infobox field family/Uncle: Eckhart Cornelius Nikolaus"
Nikolaus,Siegrecht,family,undirected,2,0.9940026193775106,0.996793710332946,1.092023492616423,"Infobox field family/Relatives: Traugott (Cousin) Previous Count Leisegang (Great-Grandfather, Deceased) Siegrecht (Nephew) | Infobox field family/Uncle: Eckhart Cornelius Nikolaus"
Cornelius,Siegrecht,family,undirected,2,0.9940026193775106,0.996793710332946,1.092023492616423,"Infobox field family/Relatives: Traugott (Cousin) Previous Count Leisegang (Great-Grandfather, Deceased) Siegrecht (Nephew) | Infobox field family/Uncle: Eckhart Cornelius Nikolaus"
Bezewanst,Irmhilde,family,undirected,2,0.9935898949040134,0.9942388194051416,1.0915700684380047,"Infobox field family/Sister: Veronica Irmhilde (Half-Sister, Deceased) Unnamed Woman (Half-Sister, In-Law, Deceased) | Infobox field family/Sister: Veronica (Half-Sister, In-Law) Bezewanst (Half-Brother, In-Law, Deceased)"
Rozemyne,Traugott,family,undirected,2,0.9935476582758898,0.9953894913658212,1.0915236667593162,"Infobox field family/Relatives: Detlinde (Cousin, Adoptive) Rudiger (Cousin, Adoptive) Traugott (Cousin, Baptismal) Previous Count Leisegang (Great-Grandfather, Baptismal, Deceased) Siegrecht (Nephew, Baptismal) Deid's Mother (Distant Cousin,Biological) | Infobox field family/Relatives: Lamprecht (Cousin) Eckhart (Cousin) Cornelius (Cousin) Rozemyne (Cousin) Nikolaus (Cousin) Previous Count Leisegang (Great-Grandfather, Deceased)"
Hildebrand,Magdalena,family,undirected,2,0.9934821995081144,0.997843443185658,1.0914517529526373,Infobox field family/Mother: Magdalena | Infobox field family/Son: Hildebrand
Elvira,Siegrecht,family,undirected,2,0.9934654353063783,0.9952186986147658,1.0914333355946002,Infobox field family/Offspring: Siegrecht (Grandson) | Infobox field family/Relatives: Karstedt (Grandfather) Elvira (Grandmother) Bonifatius (Great-Grandfather)
Karstedt,Siegrecht,family,undirected,2,0.9934654353063783,0.9952186986147658,1.0914333355946002,Infobox field family/Offspring: Siegrecht (Grandson) | Infobox field family/Relatives: Karstedt (Grandfather) Elvira (Grandmother) Bonifatius (Great-Grandfather)
Jeremias,Viscount Dahldolf,family,undirected,2,0.9934526557722474,0.9951363058450288,1.0914192958413607,Infobox field family/Son: Shikza (Deceased) Jeremias | Infobox field family/Father: Viscount Dahldolf
Gloria,Jeremias,family,undirected,2,0.9933167552709278,0.9951363058450288,1.0912699938805748,"Infobox field family/Son: Shikza (Deceased) Jeremias (Stepson) | Infobox field family/Mother: Previous Viscountess Dahldolf (Deceased) Gloria (Stepmother, Deceased)"
Deid,Fey,family,undirected,2,0.9931941945443382,0.9973500783052088,1.0911353471602352,Infobox field family/Uncle: Deid | Infobox field family/Relatives: Fey (Nephew) Gunther's Father (Grand-Cousin)
Hartmut,Previous Count Leisegang,family,undirected,2,0.9931336644615301,0.9978766498286848,1.0910688480674282,"Infobox field family/Relatives: Previous Count Leisegang (Great-Grandfather, Deceased) | Infobox field family/Offspring: Karstedt (Grandson) Count Leisegang (Grandson) Leberecht (Grandson) Claudio (Grandson) Elvira (Granddaughter) Eckhart (Great-Grandson) Lamprecht (Great-Grandson) Cornelius (Great-Grandson) Rozemyne (Great-Granddaughter) Traugott (Great-Grandson) Nikolaus (Great-Grandson) Oliswalt (Great-Grandson) Leberecht's Middle Son (Great-Grandson) Hartmut (Great-Grandson) Leonore (Great-Granddaughter) Brunhilde (Great-Granddaughter) Bertilde (Great-Granddaughter)"
Rozemyne,Siegrecht,family,undirected,2,0.993101613927204,0.9953894913658212,1.0910336369565592,"Infobox field family/Relatives: Detlinde (Cousin, Adoptive) Rudiger (Cousin, Adoptive) Traugott (Cousin, Baptismal) Previous Count Leisegang (Great-Grandfather, Baptismal, Deceased) Siegrecht (Nephew, Baptismal) Deid's Mother (Distant Cousin,Biological) | Infobox field family/Aunt: Rozemyne Heidemarie (In-Law, Deceased)"
Irmhilde,Veronica,family,undirected,2,0.9930822394048542,0.9932235084068232,1.0910123518682187,"Infobox field family/Sister: Irmhilde (In-Law, Deceased) Unnamed Woman (Half-Sister, In-Law, Deceased) | Infobox field family/Sister: Veronica (Half-Sister, In-Law) Bezewanst (Half-Brother, In-Law, Deceased)"
Hildebrand,Lungtase,family,undirected,2,0.9930426951587967,0.9937118404759976,1.0909689080735538,Infobox field family/Relatives: Hildebrand (Cousin) Kenntrips (Cousin) Rasantark (Cousin) | Infobox field family/Relatives: Eglantine (Cousin) Lestilaut (Cousin) Hannelore (Cousin) Reginald (Cousin) Kenntrips (Cousin) Rasantark (Cousin) Raufereg (Cousin) Lungtase (Cousin) Nahelache's Son (Half-Nephew) Stephareine (Half-Niece)
Anastasius,Eglantine,family,undirected,2,0.992823438724016,0.9951067326526788,1.090728030259934,Infobox field family/Relatives: Anastasius (Cousin) Sigiswald (Cousin) Hildebrand (Cousin) Nahelache's Son (Nephew) | Infobox field family/Relatives: Eglantine (Cousin) Nahelache's Son (Nephew)
Lamprecht,Previous Count Leisegang,family,undirected,2,0.9926433503187517,0.9968960215431284,1.0905301829248641,"Infobox field family/Relatives: Traugott (Cousin) Previous Count Leisegang (Great-Grandfather, Deceased) | Infobox field family/Offspring: Karstedt (Grandson) Count Leisegang (Grandson) Leberecht (Grandson) Claudio (Grandson) Elvira (Granddaughter) Eckhart (Great-Grandson) Lamprecht (Great-Grandson) Cornelius (Great-Grandson) Rozemyne (Great-Granddaughter) Traugott (Great-Grandson) Nikolaus (Great-Grandson) Oliswalt (Great-Grandson) Leberecht's Middle Son (Great-Grandson) Hartmut (Great-Grandson) Leonore (Great-Granddaughter) Brunhilde (Great-Granddaughter) Bertilde (Great-Granddaughter)"
Cornelius,Previous Count Leisegang,family,undirected,2,0.9925921947136606,0.996793710332946,1.0904739827484766,"Infobox field family/Relatives: Traugott (Cousin) Previous Count Leisegang (Great-Grandfather, Deceased) Siegrecht (Nephew) | Infobox field family/Offspring: Karstedt (Grandson) Count Leisegang (Grandson) Leberecht (Grandson) Claudio (Grandson) Elvira (Granddaughter) Eckhart (Great-Grandson) Lamprecht (Great-Grandson) Cornelius (Great-Grandson) Rozemyne (Great-Granddaughter) Traugott (Great-Grandson) Nikolaus (Great-Grandson) Oliswalt (Great-Grandson) Leberecht's Middle Son (Great-Grandson) Hartmut (Great-Grandson) Leonore (Great-Granddaughter) Brunhilde (Great-Granddaughter) Bertilde (Great-Granddaughter)"
Nikolaus,Previous Count Leisegang,family,undirected,2,0.9925921947136606,0.996793710332946,1.0904739827484766,"Infobox field family/Relatives: Traugott (Cousin) Previous Count Leisegang (Great-Grandfather, Deceased) Siegrecht (Nephew) | Infobox field family/Offspring: Karstedt (Grandson) Count Leisegang (Grandson) Leberecht (Grandson) Claudio (Grandson) Elvira (Granddaughter) Eckhart (Great-Grandson) Lamprecht (Great-Grandson) Cornelius (Great-Grandson) Rozemyne (Great-Granddaughter) Traugott (Great-Grandson) Nikolaus (Great-Grandson) Oliswalt (Great-Grandson) Leberecht's Middle Son (Great-Grandson) Hartmut (Great-Grandson) Leonore (Great-Granddaughter) Brunhilde (Great-Granddaughter) Bertilde (Great-Granddaughter)"
Eckhart,Previous Count Leisegang,family,undirected,2,0.9925921947136606,0.996793710332946,1.0904739827484766,"Infobox field family/Relatives: Traugott (Cousin) Previous Count Leisegang (Great-Grandfather, Deceased) Siegrecht (Nephew) | Infobox field family/Offspring: Karstedt (Grandson) Count Leisegang (Grandson) Leberecht (Grandson) Claudio (Grandson) Elvira (Granddaughter) Eckhart (Great-Grandson) Lamprecht (Great-Grandson) Cornelius (Great-Grandson) Rozemyne (Great-Granddaughter) Traugott (Great-Grandson) Nikolaus (Great-Grandson) Oliswalt (Great-Grandson) Leberecht's Middle Son (Great-Grandson) Hartmut (Great-Grandson) Leonore (Great-Granddaughter) Brunhilde (Great-Granddaughter) Bertilde (Great-Granddaughter)"
Leonore,Previous Count Leisegang,family,undirected,2,0.9924569520367338,0.9965232249790924,1.0903254034816525,"Infobox field family/Relatives: Previous Count Leisegang (Great-Grandfather, Deceased) Hartmut (Cousin) | Infobox field family/Offspring: Karstedt (Grandson) Count Leisegang (Grandson) Leberecht (Grandson) Claudio (Grandson) Elvira (Granddaughter) Eckhart (Great-Grandson) Lamprecht (Great-Grandson) Cornelius (Great-Grandson) Rozemyne (Great-Granddaughter) Traugott (Great-Grandson) Nikolaus (Great-Grandson) Oliswalt (Great-Grandson) Leberecht's Middle Son (Great-Grandson) Hartmut (Great-Grandson) Leonore (Great-Granddaughter) Brunhilde (Great-Granddaughter) Bertilde (Great-Granddaughter)"
Jonsara,Philine,family,undirected,2,0.9924137279801926,0.9990791991776772,1.0902779170019703,"Infobox field family/Daughter: Philine (Step-Daughter, Former) | Infobox field family/Mother: Theresia (Deceased) Jonsara (Step-Mother)"
Count Leisegang,Hartmut,family,undirected,2,0.992124226920738,0.994706803211696,1.0899598675804711,Infobox field family/Relatives: Leonore (Niece) Oliswalt (Nephew) Hartmut (Nephew) | Infobox field family/Uncle: Unnamed Archscholar Count Leisegang
Rozemyne,Rudiger,family,undirected,2,0.9921152132557166,0.9953894913658212,1.0899499650573126,"Infobox field family/Relatives: Detlinde (Cousin, Adoptive) Rudiger (Cousin, Adoptive) Traugott (Cousin, Baptismal) Previous Count Leisegang (Great-Grandfather, Baptismal, Deceased) Siegrecht (Nephew, Baptismal) Deid's Mother (Distant Cousin,Biological) | Infobox field family/Relatives: Wilfried (Cousin) Charlotte (Cousin) Melchior (Cousin) Henrietta (Cousin) Detlinde (Cousin) Rozemyne (Adoptive Cousin) Bonifatius (Great Uncle) Bezewanst (Great Uncle, Deceased)"
Hildebrand,Lestilaut,family,undirected,2,0.9921106092763065,0.9923735498415958,1.089944907068956,Infobox field family/Relatives: Eglantine (Cousin) Lestilaut (Cousin) Hannelore (Cousin) Reginald (Cousin) Kenntrips (Cousin) Rasantark (Cousin) Raufereg (Cousin) Lungtase (Cousin) Nahelache's Son (Half-Nephew) Stephareine (Half-Niece) | Infobox field family/Relatives: Hildebrand (Cousin) Rasantark (Cousin) Kenntrips (Cousin) Codenest (Cousin) Reginald (Cousin)
Karstedt,Nikolaus,family,undirected,2,0.9920930560727449,0.99766767733824,1.0899256229038177,Infobox field family/Father: Karstedt | Infobox field family/Son: Eckhart Lamprecht Cornelius Nikolaus
Clarissa,Hartmut,romantic,undirected,2,0.9920926737022947,0.9943658878851452,1.0899252028269422,Infobox field family/Spouse: Clarissa (Married) | Infobox field family/Spouse: Hartmut (Married)
Detlinde,Rozemyne,family,undirected,2,0.992080876723634,0.9953894913658212,1.0899122425212164,"Infobox field family/Relatives: Detlinde (Cousin, Adoptive) Rudiger (Cousin, Adoptive) Traugott (Cousin, Baptismal) Previous Count Leisegang (Great-Grandfather, Baptismal, Deceased) Siegrecht (Nephew, Baptismal) Deid's Mother (Distant Cousin,Biological) | Infobox field family/Relatives: Wilfried (Cousin) Charlotte (Cousin) Melchior (Cousin) Henriette (Cousin) Rudiger (Cousin) Rozemyne (Cousin, Adoptive) Aurelia (Cousin) Martina (Cousin) Letizia (Niece) Benedikta (Niece) Bezewanst (Granduncle, Deceased)"
Kenntrips,Lungtase,family,undirected,2,0.9920537119654282,0.9937118404759976,1.089882398984033,Infobox field family/Relatives: Hildebrand (Cousin) Kenntrips (Cousin) Rasantark (Cousin) | Infobox field family/Relatives: Lestilaut (Cousin) Hannelore (Cousin) Lungtase (Cousin) Raufereg (Cousin) Codenest (Cousin)
Justus,Traugott,family,undirected,2,0.991985218091394,0.994144626003847,1.0898071507723204,"Infobox field family/Uncle: Karstedt, Justus | Infobox field family/Relatives: Traugott (Nephew)"
Georgine,Rozemyne,family,undirected,2,0.9919023916779177,0.9940496724123348,1.0897161566566491,"Infobox field family/Aunt: Georgine (Adoptive) Constanze(Adoptive) Gudrun (Baptismal) | Infobox field family/Relatives: Karstedt (Cousin) Wilfried (Nephew) Rozemyne (Niece, Adoptive) Charlotte (Niece) Melchior (Nephew) Henrietta (Niece) Rudiger (Nephew) Aurelia (Niece) Martina (Niece) Benedikta (Granddaughter)"
Previous Count Leisegang,Rozemyne,family,undirected,2,0.9918900852300983,0.9953894913658212,1.0897026366418447,"Infobox field family/Relatives: Detlinde (Cousin, Adoptive) Rudiger (Cousin, Adoptive) Traugott (Cousin, Baptismal) Previous Count Leisegang (Great-Grandfather, Baptismal, Deceased) Siegrecht (Nephew, Baptismal) Deid's Mother (Distant Cousin,Biological) | Infobox field family/Offspring: Karstedt (Grandson) Count Leisegang (Grandson) Leberecht (Grandson) Claudio (Grandson) Elvira (Granddaughter) Eckhart (Great-Grandson) Lamprecht (Great-Grandson) Cornelius (Great-Grandson) Rozemyne (Great-Granddaughter) Traugott (Great-Grandson) Nikolaus (Great-Grandson) Oliswalt (Great-Grandson) Leberecht's Middle Son (Great-Grandson) Hartmut (Great-Grandson) Leonore (Great-Granddaughter) Brunhilde (Great-Granddaughter) Bertilde (Great-Granddaughter)"
Gabriele,Veronica,family,undirected,2,0.9918758732353932,0.992765776298122,1.0896870231698152,Infobox field family/Daughter: Veronica | Infobox field family/Mother: Gabriele (Deceased)
Hannelore,Rasantark,family,undirected,2,0.9916712991284508,0.9918476687110171,1.089462275541985,Infobox field family/Relatives: Hildebrand (Cousin) Rasantark (Cousin) Kenntrips (Cousin) Codenest (Cousin) Reginald (Cousin) | Infobox field family/Relatives: Lestilaut (Cousin) Hannelore (Cousin) Raufereg (Cousin) Codenest
Lestilaut,Rasantark,family,undirected,2,0.9916712991284508,0.9918476687110171,1.089462275541985,Infobox field family/Relatives: Hildebrand (Cousin) Rasantark (Cousin) Kenntrips (Cousin) Codenest (Cousin) Reginald (Cousin) | Infobox field family/Relatives: Lestilaut (Cousin) Hannelore (Cousin) Raufereg (Cousin) Codenest
Bertilde,Rozemyne,service_retainer,directed,2,0.9916489286096634,0.9930105191271468,1.0894376990151413,"Bertilde (ベルティルデ, Berutirude) is an archnoble apprentice attendant and served Rozemyne as a retainer. | Infobox field occupation: Apprentice Attendant Brunhilde's Retainer Rozemyne's Retainer (Former)"
Hildebrand,Raufereg,family,undirected,2,0.9916198292528631,0.9923735498415958,1.0894057301041682,Infobox field family/Relatives: Eglantine (Cousin) Lestilaut (Cousin) Hannelore (Cousin) Reginald (Cousin) Kenntrips (Cousin) Rasantark (Cousin) Raufereg (Cousin) Lungtase (Cousin) Nahelache's Son (Half-Nephew) Stephareine (Half-Niece) | Infobox field family/Relatives: Hildebrand (Cousin) Kenntrips (Cousin) Rasantark (Cousin) Reginald (Cousin) Codenest (Cousin)
Codenest,Hannelore,family,undirected,2,0.9915654874256398,0.9918476687110171,1.089346029504992,Infobox field family/Relatives: Hildebrand (Cousin) Rasantark (Cousin) Kenntrips (Cousin) Codenest (Cousin) Reginald (Cousin) | Infobox field family/Relatives: Lestilaut (Cousin) Hannelore (Cousin) Lungtase (Cousin) Raufereg (Cousin) Kenntrips (Cousin) Rasantark (Cousin) Reginald (Cousin)
Codenest,Lestilaut,family,undirected,2,0.9915654874256398,0.9918476687110171,1.089346029504992,Infobox field family/Relatives: Hildebrand (Cousin) Rasantark (Cousin) Kenntrips (Cousin) Codenest (Cousin) Reginald (Cousin) | Infobox field family/Relatives: Lestilaut (Cousin) Hannelore (Cousin) Lungtase (Cousin) Raufereg (Cousin) Kenntrips (Cousin) Rasantark (Cousin) Reginald (Cousin)
Codenest,Rasantark,family,undirected,2,0.9913891178430734,0.9914949295458844,1.0891522677142373,Infobox field family/Relatives: Lestilaut (Cousin) Hannelore (Cousin) Raufereg (Cousin) Codenest | Infobox field family/Relatives: Lestilaut (Cousin) Hannelore (Cousin) Lungtase (Cousin) Raufereg (Cousin) Kenntrips (Cousin) Rasantark (Cousin) Reginald (Cousin)
Lieseleta,Rozemyne,service_retainer,directed,2,0.991353413549168,0.99449291041515,1.0891130425381945,"Infobox field occupation: Aub Alexandria's Head Attendant Rozemyne's Retainer Attendant | Lieseleta (リーゼレータ, Riizereeta) is an adult mednoble attendant who serves as one of Rozemyne's retainers."
Bonifatius,Constanze,family,undirected,2,0.9913450454709198,0.9953003806922132,1.0891038492645986,"Infobox field family/Uncle: Bonifatius Bezewanst (Deceased) | Infobox field family/Relatives: Heidemarie (Granddaughter-in-Law, Deceased) Sylvester (Nephew) Georgine (Niece) Constanze (Niece) Aurelia (Granddaughter-in-Law)"
Bonifatius,Sylvester,family,undirected,2,0.9913450454709198,0.9953003806922132,1.0891038492645986,"Infobox field family/Uncle: Bonifatius Bezewanst (Deceased) | Infobox field family/Relatives: Heidemarie (Granddaughter-in-Law, Deceased) Sylvester (Nephew) Georgine (Niece) Constanze (Niece) Aurelia (Granddaughter-in-Law)"
Sylvester,Veronica,family,undirected,2,0.9913360732116192,0.99456929288561,1.0890939922302738,"Infobox field family/Mother: Veronica | She is the mother of Georgine, Constanze and Sylvester."
Adelbert,Elvira,family,undirected,2,0.9913162884956561,0.9933233437901792,1.089072256498189,"Infobox field family/Uncle: Adelbert (In-Law, Deceased) Bezewanst (Cousin) | Infobox field family/Relatives: Karstedt (Nephew) Elvira (Niece, In-Law) Trudeliede (Niece, In-Law) Rozemary (Niece, In-Law, Deceased) Veronica (Cousin) Fourth Aub Ehrenfest (Grandfather)"
Hildebrand,Nahelache,family,undirected,2,0.991224157882943,0.9923735498415958,1.0889710406748998,"Infobox field family/Relatives: Eglantine (Cousin) Lestilaut (Cousin) Hannelore (Cousin) Reginald (Cousin) Kenntrips (Cousin) Rasantark (Cousin) Raufereg (Cousin) Lungtase (Cousin) Nahelache's Son (Half-Nephew) Stephareine (Half-Niece) | Infobox field family/Sister: Trauerqual's Daughter (Deceased) Eglantine (Half-Sister, In-Law) Nahelache (Half-Sister, In-Law) Adolphine (Half-Sister, In-Law, Former)"
Rasantark,Raufereg,family,undirected,2,0.9911805191050074,0.9914949295458844,1.0889230985771972,Infobox field family/Relatives: Lestilaut (Cousin) Hannelore (Cousin) Raufereg (Cousin) Codenest | Infobox field family/Relatives: Hildebrand (Cousin) Kenntrips (Cousin) Rasantark (Cousin) Reginald (Cousin) Codenest (Cousin)
Kenntrips,Lestilaut,family,undirected,2,0.991121626082938,0.9918476687110171,1.088858397979435,Infobox field family/Relatives: Hildebrand (Cousin) Rasantark (Cousin) Kenntrips (Cousin) Codenest (Cousin) Reginald (Cousin) | Infobox field family/Relatives: Lestilaut (Cousin) Hannelore (Cousin) Lungtase (Cousin) Raufereg (Cousin) Codenest (Cousin)
Hannelore,Kenntrips,family,undirected,2,0.991121626082938,0.9918476687110171,1.088858397979435,Infobox field family/Relatives: Hildebrand (Cousin) Rasantark (Cousin) Kenntrips (Cousin) Codenest (Cousin) Reginald (Cousin) | Infobox field family/Relatives: Lestilaut (Cousin) Hannelore (Cousin) Lungtase (Cousin) Raufereg (Cousin) Codenest (Cousin)
Codenest,Raufereg,family,undirected,2,0.9910747074021964,0.9912833061402624,1.0888068525402042,Infobox field family/Relatives: Lestilaut (Cousin) Hannelore (Cousin) Lungtase (Cousin) Raufereg (Cousin) Kenntrips (Cousin) Rasantark (Cousin) Reginald (Cousin) | Infobox field family/Relatives: Hildebrand (Cousin) Kenntrips (Cousin) Rasantark (Cousin) Reginald (Cousin) Codenest (Cousin)
Codenest,Kenntrips,family,undirected,2,0.9908394447975606,0.9912833061402624,1.0885483901516873,Infobox field family/Relatives: Lestilaut (Cousin) Hannelore (Cousin) Lungtase (Cousin) Raufereg (Cousin) Kenntrips (Cousin) Rasantark (Cousin) Reginald (Cousin) | Infobox field family/Relatives: Lestilaut (Cousin) Hannelore (Cousin) Lungtase (Cousin) Raufereg (Cousin) Codenest (Cousin)
Cordula,Hannelore,service_retainer,directed,2,0.9907295775254821,0.9990212059690152,1.0884276886164594,"Infobox field occupation: Hannelore's Head Attendant Sieglinde's Retainer (Former) | Cordula (コルドゥラ, Corudoura) is an archattendant from Dunkelfelger who serves as Lady Hannelore's head attendant."
Kenntrips,Raufereg,family,undirected,2,0.9906308460594946,0.9908661086641304,1.0883192210146473,Infobox field family/Relatives: Hildebrand (Cousin) Kenntrips (Cousin) Rasantark (Cousin) Reginald (Cousin) Codenest (Cousin) | Infobox field family/Relatives: Lestilaut (Cousin) Hannelore (Cousin) Lungtase (Cousin) Raufereg (Cousin) Codenest (Cousin)
Sargerecht,Melchior,service_retainer,directed,2,0.990535995932492,0.997129120919496,1.0882150174995404,Infobox field occupation: Melchior's Head Attendant Melchior's Tutor (Former) Florencia's Retainer (Former) Attendant | Sargerecht is an adult Ehrenfest archattendant who serves as Melchior's head attendant.
Hildebrand,Reginald,family,undirected,2,0.990280007023985,0.9923735498415958,1.087933784938892,Infobox field family/Relatives: Eglantine (Cousin) Lestilaut (Cousin) Hannelore (Cousin) Reginald (Cousin) Kenntrips (Cousin) Rasantark (Cousin) Raufereg (Cousin) Lungtase (Cousin) Nahelache's Son (Half-Nephew) Stephareine (Half-Niece) | Infobox field family/Relatives: Lestilaut (Cousin) Hannelore (Cousin) Hildebrand (Cousin) Raufereg (Cousin) Lungtase (Cousin)
Gudrun,Rihyarda,family,undirected,2,0.9902102458712502,0.9979082961628324,1.0878571444792258,"Infobox field family/Daughter: Gudrun | At some point, Rihyarda started a family and had two children: her son, Justus, and her daughter, Gudrun."
Previous Count Leisegang,Traugott,family,undirected,2,0.9900482521401668,0.9917058251859584,1.0876791761755704,"Infobox field family/Relatives: Lamprecht (Cousin) Eckhart (Cousin) Cornelius (Cousin) Rozemyne (Cousin) Nikolaus (Cousin) Previous Count Leisegang (Great-Grandfather, Deceased) | Infobox field family/Offspring: Karstedt (Grandson) Count Leisegang (Grandson) Leberecht (Grandson) Claudio (Grandson) Elvira (Granddaughter) Eckhart (Great-Grandson) Lamprecht (Great-Grandson) Cornelius (Great-Grandson) Rozemyne (Great-Granddaughter) Traugott (Great-Grandson) Nikolaus (Great-Grandson) Oliswalt (Great-Grandson) Leberecht's Middle Son (Great-Grandson) Hartmut (Great-Grandson) Leonore (Great-Granddaughter) Brunhilde (Great-Granddaughter) Bertilde (Great-Granddaughter)"
Hannelore,Reginald,family,undirected,2,0.9900170664586957,0.9918476687110171,1.087644915202676,Infobox field family/Relatives: Hildebrand (Cousin) Rasantark (Cousin) Kenntrips (Cousin) Codenest (Cousin) Reginald (Cousin) | Infobox field family/Relatives: Lestilaut (Cousin) Hannelore (Cousin) Hildebrand (Cousin) Raufereg (Cousin) Lungtase (Cousin)
Lestilaut,Reginald,family,undirected,2,0.9900170664586957,0.9918476687110171,1.087644915202676,Infobox field family/Relatives: Hildebrand (Cousin) Rasantark (Cousin) Kenntrips (Cousin) Codenest (Cousin) Reginald (Cousin) | Infobox field family/Relatives: Lestilaut (Cousin) Hannelore (Cousin) Hildebrand (Cousin) Raufereg (Cousin) Lungtase (Cousin)
Bezewanst,Sylvester,family,undirected,2,0.98996102209355,0.9953003806922132,1.087583344174416,Infobox field family/Uncle: Bonifatius Bezewanst (Deceased) | Infobox field family/Relatives: Sylvester (Nephew) Georgine (Niece) Florencia (Niece-in-law) Ferdinand (Nephew-in-law) Wilfried (Great nephew) Rozemyne (Great niece through adoption) Charlotte (Great niece) Melchior (Great nephew) Detlinde (Great niece) Elvira (Cousin)
Bezewanst,Gabriele,family,undirected,2,0.9899039269741539,0.9938138981305216,1.0875206187746247,Infobox field family/Son: Bezewanst (Deceased) Unnamed Son | Infobox field family/Mother: Gabriele
Claudio,Cornelius,family,undirected,2,0.9898943147947019,0.990608996496561,1.0875100587161577,"Infobox field family/Relatives: Previous Count Leisegang (Grandfather, Deceased) Count Groschel (Cousin) Eckhart (Nephew) Lamprecht (Nephew) Cornelius (Nephew) Rozemyne (Niece) | Infobox field family/Uncle: Claudio"
Grausam,Matthias,family,undirected,2,0.9898277468320507,0.9989523633509548,1.0874369263343575,Infobox field family/Father: Grausam (Deceased) | Infobox field family/Son: Unnamed Eldest Son (Deceased) Janrik (Deceased) Matthias
Grausam,Janrik,family,undirected,2,0.9898277468320507,0.9989523633509548,1.0874369263343575,Infobox field family/Father: Grausam (Deceased) | Infobox field family/Son: Unnamed Eldest Son (Deceased) Janrik (Deceased) Matthias
Aurelia,Karstedt,family,undirected,2,0.9897603974811471,0.9995545909146932,1.087362935509821,"Infobox field family/Father: Gieselfried's Younger Brother (Deceased) Karstedt (In-Law) | Infobox field family/Daughter: Heidemarie (In-Law, Deceased) Rozemyne Aurelia (In-Law)"
Raufereg,Reginald,family,undirected,2,0.9895262864352523,0.9908661086641304,1.0871057382378881,Infobox field family/Relatives: Hildebrand (Cousin) Kenntrips (Cousin) Rasantark (Cousin) Reginald (Cousin) Codenest (Cousin) | Infobox field family/Relatives: Lestilaut (Cousin) Hannelore (Cousin) Hildebrand (Cousin) Raufereg (Cousin) Lungtase (Cousin)
Claudio,Previous Count Leisegang,family,undirected,2,0.989499837795468,0.990608996496561,1.0870766814372026,"Infobox field family/Relatives: Previous Count Leisegang (Grandfather, Deceased) Count Groschel (Cousin) Eckhart (Nephew) Lamprecht (Nephew) Cornelius (Nephew) Rozemyne (Niece) | Infobox field family/Offspring: Karstedt (Grandson) Count Leisegang (Grandson) Leberecht (Grandson) Claudio (Grandson) Elvira (Granddaughter) Eckhart (Great-Grandson) Lamprecht (Great-Grandson) Cornelius (Great-Grandson) Rozemyne (Great-Granddaughter) Traugott (Great-Grandson) Nikolaus (Great-Grandson) Oliswalt (Great-Grandson) Leberecht's Middle Son (Great-Grandson) Hartmut (Great-Grandson) Leonore (Great-Granddaughter) Brunhilde (Great-Granddaughter) Bertilde (Great-Granddaughter)"
Georgine,Melchior,family,undirected,2,0.9894948372216263,0.9897551109435008,1.0870711877453296,"Infobox field family/Relatives: Karstedt (Cousin) Wilfried (Nephew) Rozemyne (Niece, Adoptive) Charlotte (Niece) Melchior (Nephew) Henrietta (Niece) Rudiger (Nephew) Aurelia (Niece) Martina (Niece) Benedikta (Granddaughter) | Infobox field family/Aunt: Constanze Georgine (Deceased)"
Charlotte,Rudiger,family,undirected,2,0.9894866786496161,0.9901324221536204,1.0870622246378612,"Infobox field family/Relatives: Bonifatius (Granduncle) Bezewanst (Granduncle, Deceased) Detlinde (Cousin) Rudiger (Cousin) | Infobox field family/Relatives: Wilfried (Cousin) Charlotte (Cousin) Melchior (Cousin) Henrietta (Cousin) Detlinde (Cousin) Rozemyne (Adoptive Cousin) Bonifatius (Great Uncle) Bezewanst (Great Uncle, Deceased)"
Melchior,Rudiger,family,undirected,2,0.9894866786496161,0.9901324221536204,1.0870622246378612,"Infobox field family/Relatives: Bonifatius (Granduncle) Bezewanst (Granduncle, Deceased) Detlinde (Cousin) Rudiger (Cousin) | Infobox field family/Relatives: Wilfried (Cousin) Charlotte (Cousin) Melchior (Cousin) Henrietta (Cousin) Detlinde (Cousin) Rozemyne (Adoptive Cousin) Bonifatius (Great Uncle) Bezewanst (Great Uncle, Deceased)"
Detlinde,Melchior,family,undirected,2,0.9894523421175336,0.9901324221536204,1.0870245021017653,"Infobox field family/Relatives: Bonifatius (Granduncle) Bezewanst (Granduncle, Deceased) Detlinde (Cousin) Rudiger (Cousin) | Infobox field family/Relatives: Wilfried (Cousin) Charlotte (Cousin) Melchior (Cousin) Henriette (Cousin) Rudiger (Cousin) Rozemyne (Cousin, Adoptive) Aurelia (Cousin) Martina (Cousin) Letizia (Niece) Benedikta (Niece) Bezewanst (Granduncle, Deceased)"
Charlotte,Detlinde,family,undirected,2,0.9894523421175336,0.9901324221536204,1.0870245021017653,"Infobox field family/Relatives: Bonifatius (Granduncle) Bezewanst (Granduncle, Deceased) Detlinde (Cousin) Rudiger (Cousin) | Infobox field family/Relatives: Wilfried (Cousin) Charlotte (Cousin) Melchior (Cousin) Henriette (Cousin) Rudiger (Cousin) Rozemyne (Cousin, Adoptive) Aurelia (Cousin) Martina (Cousin) Letizia (Niece) Benedikta (Niece) Bezewanst (Granduncle, Deceased)"
Georgine,Martina,family,undirected,2,0.9894257178782773,0.9897551109435008,1.0869952523853417,"Infobox field family/Relatives: Karstedt (Cousin) Wilfried (Nephew) Rozemyne (Niece, Adoptive) Charlotte (Niece) Melchior (Nephew) Henrietta (Niece) Rudiger (Nephew) Aurelia (Niece) Martina (Niece) Benedikta (Granddaughter) | Infobox field family/Aunt: Georgine (Deceased)"
Aurelia,Georgine,family,undirected,2,0.9894257178782773,0.9897551109435008,1.0869952523853417,"Infobox field family/Relatives: Karstedt (Cousin) Wilfried (Nephew) Rozemyne (Niece, Adoptive) Charlotte (Niece) Melchior (Nephew) Henrietta (Niece) Rudiger (Nephew) Aurelia (Niece) Martina (Niece) Benedikta (Granddaughter) | Infobox field family/Aunt: Georgine (Deceased)"
Hildebrand,Trauerqual,family,undirected,2,0.9892354610773162,0.9955312596720018,1.0867862339258032,Infobox field family/Father: Trauerqual | Infobox field family/Son: Sigiswald Anastasius Hildebrand
Roswitha,Letizia,service_retainer,directed,2,0.989007414843171,0.9958986026333684,1.0865356995305868,Infobox field occupation: Attendant Letizia's Retainer Letizia's Head Attendant | Roswitha was an Ahrensbach archattendant who served as Lady Letizia's head attendant.
Aub Frenbeltag,Rudiger,family,undirected,2,0.9889781467038882,0.99205602014049,1.0865035451931042,Infobox field family/Father: Aub Frenbeltag}} | Infobox field family/Son: Rudiger
Bertilde,Previous Count Leisegang,family,undirected,2,0.9889737131694474,0.9895567472445196,1.0864986744576852,"Infobox field family/Relatives: Previous Count Leisegang (Great-Great-Grandfather, Deceased) First Count Groschel (Great-Grandfather) Bezewanst (Granduncle) Veronica (Grandaunt) | Infobox field family/Offspring: Karstedt (Grandson) Count Leisegang (Grandson) Leberecht (Grandson) Claudio (Grandson) Elvira (Granddaughter) Eckhart (Great-Grandson) Lamprecht (Great-Grandson) Cornelius (Great-Grandson) Rozemyne (Great-Granddaughter) Traugott (Great-Grandson) Nikolaus (Great-Grandson) Oliswalt (Great-Grandson) Leberecht's Middle Son (Great-Grandson) Hartmut (Great-Grandson) Leonore (Great-Granddaughter) Brunhilde (Great-Granddaughter) Bertilde (Great-Granddaughter)"
Bezewanst,Elvira,family,undirected,2,0.988972503642533,0.9933233437901792,1.0864973456565536,"Infobox field family/Uncle: Adelbert (In-Law, Deceased) Bezewanst (Cousin) | Infobox field family/Relatives: Sylvester (Nephew) Georgine (Niece) Florencia (Niece-in-law) Ferdinand (Nephew-in-law) Wilfried (Great nephew) Rozemyne (Great niece through adoption) Charlotte (Great niece) Melchior (Great nephew) Detlinde (Great niece) Elvira (Cousin)"
Previous Count Leisegang,Trudeliede,family,undirected,2,0.9889541473218906,0.9905988012149904,1.0864771791771213,"Infobox field family/Grandfather: Previous Count Leisegang (In-Law, Deceased) | Infobox field family/Relatives: Elvira (Granddaughter, In-Law) Trudeliede (Granddaughter, In-Law) Rozemary (Granddaughter-In-Law, Deceased) Heidemarie (Great-Granddaughter, In-Law, Deceased) Aurelia (Great-Granddaughter, In-Law)"
Anastasius,Nahelache,family,undirected,2,0.9888328351431708,0.9905401447953532,1.0863439041268146,"Infobox field family/Relatives: Eglantine (Cousin) Nahelache's Son (Nephew) | Infobox field family/Sister: Trauerqual's Daughter (Deceased) Nahelache (In-Law) Adolphine (In-Law, Former)"
Bertilde,Count Groschel,family,undirected,2,0.9887543344930143,0.998990888754251,1.0862576623478841,Infobox field family/Father: Count Groschel | Infobox field family/Daughter: Brunhilde Bertilde
Jonsara,Konrad,family,undirected,2,0.9887347981910325,0.9920509942056566,1.0862361995264518,"Infobox field family/Son: Konrad (Step-Son, Former) Unnamed Son | Infobox field family/Mother: Theresia (Deceased) Jonsara (Step-Mother, Former)"
Nahelache,Sigiswald,romantic,undirected,2,0.9886228572131408,0.994918725935554,1.0861132197925345,"Infobox field family/Spouse: Nahelache (First Wife, Former Second Wife) Adolphine (First Wife, Former) Rozemyne (Engaged, Cancelled) | She was the first woman Prince Sigiswald married, but from the very beginning, there was the understanding that, due to political concerns and for the stability of the country, she would become the second wife once Sigiswald found a suitable woman to be his first wife."
Constanze,Rozemyne,family,undirected,2,0.9885977569152271,0.9940496724123348,1.0860856442967972,"Infobox field family/Aunt: Georgine (Adoptive) Constanze(Adoptive) Gudrun (Baptismal) | Infobox field family/Relatives: Karstedt (Cousin) Wilfried (Nephew) Melchior (Nephew) Charlotte (Niece) Henriette (Niece) Detlinde (Niece) Rozemyne (Niece, through adoption) Detlinde (Niece) Alstede (Niece) Wolfram (Nephew, Deceased)"
Rudiger,Wilfried,family,undirected,2,0.9885636596668352,0.988840935145612,1.0860481846407042,"Infobox field family/Relatives: Wilfried (Cousin) Charlotte (Cousin) Melchior (Cousin) Henrietta (Cousin) Detlinde (Cousin) Rozemyne (Adoptive Cousin) Bonifatius (Great Uncle) Bezewanst (Great Uncle, Deceased) | Infobox field family/Relatives: Bonifatius (Granduncle) Bezewanst (Granduncle) Detlinde (Cousin) Alstede (Cousin) Rudiger (Cousin) Fifth Aub Ehrenfest (Great-Grandfather)"
Adelbert,Trudeliede,family,undirected,2,0.9885163561896859,0.989309233201133,1.0859962164594112,"Infobox field family/Relatives: Karstedt (Nephew) Elvira (Niece, In-Law) Trudeliede (Niece, In-Law) Rozemary (Niece, In-Law, Deceased) Veronica (Cousin) Fourth Aub Ehrenfest (Grandfather) | Infobox field family/Uncle: Adelbert (In-Law, Deceased)"
Adelbert,Rozemary,family,undirected,2,0.9885163561896859,0.989309233201133,1.0859962164594112,"Infobox field family/Relatives: Karstedt (Nephew) Elvira (Niece, In-Law) Trudeliede (Niece, In-Law) Rozemary (Niece, In-Law, Deceased) Veronica (Cousin) Fourth Aub Ehrenfest (Grandfather) | Infobox field family/Uncle: Adelbert (In-Law, Deceased)"
Flutrane,Schutzaria,family,undirected,2,0.9885154297450645,0.9934795570895736,1.0859951986559653,Infobox field family/Sister: Schutzaria Geduldh | Infobox field family/Sister: Flutrane Geduldh
Codenest,Werdekraf,family,undirected,2,0.9884493756289625,0.9910088485885882,1.0859226307922987,Infobox field family/Father: Aub Dunkelfelger's Younger Brother | Infobox field family/Relatives: Hildebrand (Nephew) Kenntrips (Nephew) Rasantark (Nephew) Codenest (Nephew)
Fey,Karla,family,undirected,2,0.9882386979987284,0.9913303857857588,1.085691177758776,"Infobox field family/Aunt: Karla | Infobox field family/Relatives: Fey (Nephew) Gunther's Father (Grand-Cousin, In-Law)"
Bezewanst,Florencia,family,undirected,2,0.9881398587700986,0.9916580540453104,1.0855825917676007,"Infobox field family/Uncle: Bezewanst (In-Law, Deceased) | Infobox field family/Relatives: Sylvester (Nephew) Georgine (Niece) Florencia (Niece-in-law) Ferdinand (Nephew-in-law) Wilfried (Great nephew) Rozemyne (Great niece through adoption) Charlotte (Great niece) Melchior (Great nephew) Detlinde (Great niece) Elvira (Cousin)"
Rasantark,Werdekraf,family,undirected,2,0.9880186135242202,0.9901473243791036,1.0854493902505362,Infobox field family/Father: Aub Dunkelfelger's elder brother | Infobox field family/Relatives: Hildebrand (Nephew) Kenntrips (Nephew) Rasantark (Nephew) Codenest (Nephew)
Brunhilde,Previous Count Leisegang,family,undirected,2,0.9879726865050926,0.9883906790943752,1.0853989342629407,"Infobox field family/Offspring: Karstedt (Grandson) Count Leisegang (Grandson) Leberecht (Grandson) Claudio (Grandson) Elvira (Granddaughter) Eckhart (Great-Grandson) Lamprecht (Great-Grandson) Cornelius (Great-Grandson) Rozemyne (Great-Granddaughter) Traugott (Great-Grandson) Nikolaus (Great-Grandson) Oliswalt (Great-Grandson) Leberecht's Middle Son (Great-Grandson) Hartmut (Great-Grandson) Leonore (Great-Granddaughter) Brunhilde (Great-Granddaughter) Bertilde (Great-Granddaughter) | Infobox field family/Relatives: Previous Count Leisegang (Great-Great-Grandfather, Deceased) First Count Groschel (Great-Grandfather) Bezewanst (Granduncle, Disowned) Veronica (Grandaunt)"
Adelbert,Karstedt,family,undirected,2,0.9877661779143587,0.989309233201133,1.085172061387445,"Infobox field family/Relatives: Karstedt (Nephew) Elvira (Niece, In-Law) Trudeliede (Niece, In-Law) Rozemary (Niece, In-Law, Deceased) Veronica (Cousin) Fourth Aub Ehrenfest (Grandfather) | Infobox field family/Uncle: Adelbert"
Detlinde,Martina,family,undirected,2,0.9877109189212436,0.9887722620814468,1.0851113531785492,"Infobox field family/Relatives: Wilfried (Cousin) Charlotte (Cousin) Melchior (Cousin) Henriette (Cousin) Rudiger (Cousin) Rozemyne (Cousin, Adoptive) Aurelia (Cousin) Martina (Cousin) Letizia (Niece) Benedikta (Niece) Bezewanst (Granduncle, Deceased) | Infobox field family/Relatives: Detlinde (Cousin) Wolfram (Cousin, Deceased) Alstede (Cousin) Blasius (Cousin) Letizia (Cousin, Adoptive) Siegrecht (Nephew)"
Leidenschaft,Mestionora,family,undirected,2,0.9875118261953245,0.9918101497440852,1.0848926274632702,Infobox field family/Uncle: Leidenschaft | Infobox field family/Relatives: Mestionora (Niece)
Aurelia,Blasius,family,undirected,2,0.9874876077468683,0.990818595506371,1.0848660207781837,"Infobox field family/Relatives: Aurelia (Cousin) Martina (Cousin) Letizia (Niece) | Infobox field family/Relatives: Detlinde (Cousin) Wolfram (Cousin, Deceased) Alstede (Cousin) Blasius (Cousin) Letizia (Cousin, Adoptive)"
Brunhilde,Sylvester,romantic,undirected,2,0.9874866401044655,0.9958810283655763,1.084864957714349,"Infobox field family/Spouse: Florencia Brunhilde (Engaged, Second Wife) | Infobox field family/Spouse: Sylvester (Engaged)"
Bezewanst,Melchior,family,undirected,2,0.9873770428242536,0.9901324221536204,1.0847445527955035,"Infobox field family/Relatives: Bonifatius (Granduncle) Bezewanst (Granduncle, Deceased) Detlinde (Cousin) Rudiger (Cousin) | Infobox field family/Relatives: Sylvester (Nephew) Georgine (Niece) Florencia (Niece-in-law) Ferdinand (Nephew-in-law) Wilfried (Great nephew) Rozemyne (Great niece through adoption) Charlotte (Great niece) Melchior (Great nephew) Detlinde (Great niece) Elvira (Cousin)"
Bezewanst,Charlotte,family,undirected,2,0.9873770428242536,0.9901324221536204,1.0847445527955035,"Infobox field family/Relatives: Bonifatius (Granduncle) Bezewanst (Granduncle, Deceased) Detlinde (Cousin) Rudiger (Cousin) | Infobox field family/Relatives: Sylvester (Nephew) Georgine (Niece) Florencia (Niece-in-law) Ferdinand (Nephew-in-law) Wilfried (Great nephew) Rozemyne (Great niece through adoption) Charlotte (Great niece) Melchior (Great nephew) Detlinde (Great niece) Elvira (Cousin)"
Bonifatius,Siegrecht,family,undirected,2,0.9870453437997636,0.9917121719979908,1.0843801441710597,"Infobox field family/Relatives: Karstedt (Grandfather) Elvira (Grandmother) Bonifatius (Great-Grandfather) | Infobox field family/Offspring: Eckhart (Grandson) Lamprecht (Grandson) Cornelius (Grandson) Rozemyne (Granddaughter) Traugott (Grandson) Nikolaus (Grandson) Siegrecht (Great-Grandson, Lamprecht's Son)"
Sigiswald,Waldifried,family,undirected,2,0.9867755751432885,0.9955582440839836,1.0840837730099586,"Infobox field family/Uncle: Waldifried (Deceased) | Infobox field family/Relatives: Sigiswald (Nephew) Anastasius (Nephew) Hildebrand (Nephew) Nahelache (Niece, In-Law) Eglantine (Niece)"
Bezewanst,Detlinde,family,undirected,2,0.9866969627881668,0.9887722620814468,1.0839974085105806,"Infobox field family/Relatives: Wilfried (Cousin) Charlotte (Cousin) Melchior (Cousin) Henriette (Cousin) Rudiger (Cousin) Rozemyne (Cousin, Adoptive) Aurelia (Cousin) Martina (Cousin) Letizia (Niece) Benedikta (Niece) Bezewanst (Granduncle, Deceased) | Infobox field family/Relatives: Sylvester (Nephew) Georgine (Niece) Florencia (Niece-in-law) Ferdinand (Nephew-in-law) Wilfried (Great nephew) Rozemyne (Great niece through adoption) Charlotte (Great niece) Melchior (Great nephew) Detlinde (Great niece) Elvira (Cousin)"
Nora,Thore,family,undirected,2,0.9864751168927888,0.9959810729149696,1.0837536858837278,Infobox field family/Sister: Nora | He is the younger brother of Nora.
Aurelia,Detlinde,family,undirected,2,0.9864644410344061,0.9887722620814468,1.0837419572545166,"Infobox field family/Relatives: Wilfried (Cousin) Charlotte (Cousin) Melchior (Cousin) Henriette (Cousin) Rudiger (Cousin) Rozemyne (Cousin, Adoptive) Aurelia (Cousin) Martina (Cousin) Letizia (Niece) Benedikta (Niece) Bezewanst (Granduncle, Deceased) | Infobox field family/Relatives: Detlinde (Cousin) Wolfram (Cousin, Deceased) Alstede (Cousin) Blasius (Cousin) Letizia (Cousin, Adoptive)"
Bezewanst,Wilfried,family,undirected,2,0.9864540238414725,0.9882863841880584,1.0837305127983463,Infobox field family/Relatives: Bonifatius (Granduncle) Bezewanst (Granduncle) Detlinde (Cousin) Alstede (Cousin) Rudiger (Cousin) Fifth Aub Ehrenfest (Great-Grandfather) | Infobox field family/Relatives: Sylvester (Nephew) Georgine (Niece) Florencia (Niece-in-law) Ferdinand (Nephew-in-law) Wilfried (Great nephew) Rozemyne (Great niece through adoption) Charlotte (Great niece) Melchior (Great nephew) Detlinde (Great niece) Elvira (Cousin)
Isidore,Wilfried,service_retainer,directed,2,0.9863925083372151,0.9961346802781968,1.0836629311094255,"Infobox field occupation: Apprentice Attendant Wilfried's Retainer | When Wilfried enters the Royal Academy, Isidore serves as his apprentice attendant."
Flutrane,Mestionora,family,undirected,2,0.9862083626278041,0.9892032226090444,1.083460626370161,Infobox field family/Aunt: Flutrane Schutzaria | Infobox field family/Relatives: Mestionora (Niece)
Mestionora,Schutzaria,family,undirected,2,0.9862083626278041,0.9892032226090444,1.083460626370161,Infobox field family/Aunt: Flutrane Schutzaria | Infobox field family/Relatives: Mestionora (Niece)
Deid,Zasha,family,undirected,2,0.986205408284616,0.9974297904937348,1.0834573806924297,Infobox field family/Father: Deid | Infobox field family/Son: Zasha Sieg Ralph Lutz
Deid,Ralph,family,undirected,2,0.986205408284616,0.9974297904937348,1.0834573806924297,Infobox field family/Father: Deid | Infobox field family/Son: Zasha Sieg Ralph Lutz
Deid,Sieg,family,undirected,2,0.986205408284616,0.9974297904937348,1.0834573806924297,Infobox field family/Father: Deid | Infobox field family/Son: Zasha Sieg Ralph Lutz
Constanze,Melchior,family,undirected,2,0.9861902024589356,0.9892345634997518,1.0834406753854777,"Infobox field family/Aunt: Constanze Georgine (Deceased) | Infobox field family/Relatives: Karstedt (Cousin) Wilfried (Nephew) Melchior (Nephew) Charlotte (Niece) Henriette (Niece) Detlinde (Niece) Rozemyne (Niece, through adoption) Detlinde (Niece) Alstede (Niece) Wolfram (Nephew, Deceased)"
Leberecht,Ottilie,romantic,undirected,2,0.9861859684854068,0.9897375130628878,1.0834360238901293,He is married to Ottilie. | Infobox field family/Spouse: Ottilie
Rozemyne,Wilfried,family,undirected,2,0.9861636099465394,0.9924837995882672,1.0834114605245728,"Infobox field family/Sister: Rozemyne (adoptive) Charlotte Henriette | He is the older brother of Charlotte and Melchior, and the adoptive older brother of Rozemyne."
Charlotte,Wilfried,family,undirected,2,0.9861636099465394,0.9924837995882672,1.0834114605245728,"Infobox field family/Sister: Rozemyne (adoptive) Charlotte Henriette | He is the older brother of Charlotte and Melchior, and the adoptive older brother of Rozemyne."
Sigiswald,Trauerqual,family,undirected,2,0.9860814023496332,0.9892231422166358,1.0833211462483896,"Infobox field family/Father: Trauerqual Aub Drewanchel (In-Law, Former) | Infobox field family/Son: Sigiswald Anastasius Hildebrand"
Heidemarie,Karstedt,family,undirected,2,0.9859659928871081,0.9919657817266152,1.083194355994631,"Infobox field family/Father: Karstedt (In-Law) | Infobox field family/Daughter: Heidemarie (In-Law, Deceased) Rozemyne Aurelia (In-Law)"
Charlotte,Veronica,family,undirected,2,0.9859373132495822,0.9861880016861888,1.0831628481924107,"Infobox field family/Grandmother: Veronica | Infobox field family/Offspring: Wilfried (Grandson) Rozemyne (Granddaughter, Adoptive) Charlotte (Granddaughter) Melchior (Grandson) Henriette (Granddaughter) Wolfram (Grandson, Deceased) Detlinde (Granddaughter) Rudiger (Grandson) Alstede (Granddaughter) Benedikta (Great-Granddaugher)"
Melchior,Veronica,family,undirected,2,0.9859373132495822,0.9861880016861888,1.0831628481924107,"Infobox field family/Grandmother: Veronica | Infobox field family/Offspring: Wilfried (Grandson) Rozemyne (Granddaughter, Adoptive) Charlotte (Granddaughter) Melchior (Grandson) Henriette (Granddaughter) Wolfram (Grandson, Deceased) Detlinde (Granddaughter) Rudiger (Grandson) Alstede (Granddaughter) Benedikta (Great-Granddaugher)"
Detlinde,Veronica,family,undirected,2,0.9859373132495822,0.9861880016861888,1.0831628481924107,"Infobox field family/Grandmother: Veronica | Infobox field family/Offspring: Wilfried (Grandson) Rozemyne (Granddaughter, Adoptive) Charlotte (Granddaughter) Melchior (Grandson) Henriette (Granddaughter) Wolfram (Grandson, Deceased) Detlinde (Granddaughter) Rudiger (Grandson) Alstede (Granddaughter) Benedikta (Great-Granddaugher)"
Rudiger,Veronica,family,undirected,2,0.9859373132495822,0.9861880016861888,1.0831628481924107,"Infobox field family/Grandmother: Veronica | Infobox field family/Offspring: Wilfried (Grandson) Rozemyne (Granddaughter, Adoptive) Charlotte (Granddaughter) Melchior (Grandson) Henriette (Granddaughter) Wolfram (Grandson, Deceased) Detlinde (Granddaughter) Rudiger (Grandson) Alstede (Granddaughter) Benedikta (Great-Granddaugher)"
Veronica,Wilfried,family,undirected,2,0.9859373132495822,0.9861880016861888,1.0831628481924107,"Infobox field family/Grandmother: Veronica | Infobox field family/Offspring: Wilfried (Grandson) Rozemyne (Granddaughter, Adoptive) Charlotte (Granddaughter) Melchior (Grandson) Henriette (Granddaughter) Wolfram (Grandson, Deceased) Detlinde (Granddaughter) Rudiger (Grandson) Alstede (Granddaughter) Benedikta (Great-Granddaugher)"
Elvira,Traugott,family,undirected,2,0.9854281874137756,0.9933698117686616,1.082603516292715,Infobox field family/Relatives: Previous Count Leisegang (Great-Grandfather) Count Groschel (Cousin) Traugott (Nephew) | Infobox field family/Aunt: Elvira Trudeliede Rozemary (Deceased)
Arthur,Hildebrand,service_retainer,directed,2,0.9853246697826434,0.9946503407974356,1.0824897905510593,Infobox field occupation: Hildebrand's Retainer | Arthur was an archattendant who served as then-Prince Hildebrand's Head attendant.
Irmhilde,Sylvester,family,undirected,2,0.9851490342837326,0.9933025149083552,1.0822968352336295,Infobox field family/Relatives: Georgine (Niece) Constanze (Niece) Sylvester (Nephew) | Infobox field family/Aunt: Irmhilde (Deceased) Unnamed Woman (Deceased)
Constanze,Irmhilde,family,undirected,2,0.9851490342837326,0.9933025149083552,1.0822968352336295,Infobox field family/Relatives: Georgine (Niece) Constanze (Niece) Sylvester (Nephew) | Infobox field family/Aunt: Irmhilde (Deceased) Unnamed Woman (Deceased)
Georgine,Irmhilde,family,undirected,2,0.9851490342837326,0.9933025149083552,1.0822968352336295,Infobox field family/Relatives: Georgine (Niece) Constanze (Niece) Sylvester (Nephew) | Infobox field family/Aunt: Irmhilde (Deceased) Unnamed Woman (Deceased)
Leberecht,Previous Count Leisegang,family,undirected,2,0.9850948669951042,0.9883906790943752,1.0822373263846985,Infobox field family/Offspring: Karstedt (Grandson) Count Leisegang (Grandson) Leberecht (Grandson) Claudio (Grandson) Elvira (Granddaughter) Eckhart (Great-Grandson) Lamprecht (Great-Grandson) Cornelius (Great-Grandson) Rozemyne (Great-Granddaughter) Traugott (Great-Grandson) Nikolaus (Great-Grandson) Oliswalt (Great-Grandson) Leberecht's Middle Son (Great-Grandson) Hartmut (Great-Grandson) Leonore (Great-Granddaughter) Brunhilde (Great-Granddaughter) Bertilde (Great-Granddaughter) | Infobox field family/Grandfather: Previous Count Leisegang (Deceased)
Karstedt,Previous Count Leisegang,family,undirected,2,0.9850948669951042,0.9883906790943752,1.0822373263846985,Infobox field family/Offspring: Karstedt (Grandson) Count Leisegang (Grandson) Leberecht (Grandson) Claudio (Grandson) Elvira (Granddaughter) Eckhart (Great-Grandson) Lamprecht (Great-Grandson) Cornelius (Great-Grandson) Rozemyne (Great-Granddaughter) Traugott (Great-Grandson) Nikolaus (Great-Grandson) Oliswalt (Great-Grandson) Leberecht's Middle Son (Great-Grandson) Hartmut (Great-Grandson) Leonore (Great-Granddaughter) Brunhilde (Great-Granddaughter) Bertilde (Great-Granddaughter) | Infobox field family/Grandfather: Previous Count Leisegang (Deceased)
Count Leisegang,Previous Count Leisegang,family,undirected,2,0.9850948669951042,0.9883906790943752,1.0822373263846985,Infobox field family/Offspring: Karstedt (Grandson) Count Leisegang (Grandson) Leberecht (Grandson) Claudio (Grandson) Elvira (Granddaughter) Eckhart (Great-Grandson) Lamprecht (Great-Grandson) Cornelius (Great-Grandson) Rozemyne (Great-Granddaughter) Traugott (Great-Grandson) Nikolaus (Great-Grandson) Oliswalt (Great-Grandson) Leberecht's Middle Son (Great-Grandson) Hartmut (Great-Grandson) Leonore (Great-Granddaughter) Brunhilde (Great-Granddaughter) Bertilde (Great-Granddaughter) | Infobox field family/Grandfather: Previous Count Leisegang (Deceased)
Lamprecht,Rozemyne,family,undirected,2,0.9850713461952723,0.9905681869634716,1.0822114861449639,"Infobox field family/Sister: Rozemyne Heidemarie (In-law, Deceased) | Lamprecht is the second son of Karstedt and Elvira, and a brother of Eckhart, Cornelius, and Rozemyne."
Ferdinand,Valamarlene,family,undirected,2,0.9849213507080067,0.9872070251732316,1.0820466992594093,"Infobox field family/Relatives: Ferdinand (Nephew) Unnamed boy (Nephew, Deceased) | Infobox field family/Aunt: Irmhilde (Deceased) Valamarlene (Deceased)"
Gretia,Rozemyne,service_retainer,directed,2,0.9849019956144454,0.992666969932654,1.0820254355157743,"Infobox field occupation: Royal Academy Student Apprentice Attendant Rozemyne's Retainer | Gretia (グレーティア, Gurētia) is an apprentice medattendant who serves as one of Rozemyne's name-sworn retainers."
Adelbert,Florencia,family,undirected,2,0.9848864292343191,0.9981059473746986,1.0820083340992777,"Infobox field family/Father: Previous Aub Frenbeltag (Deceased) Adelbert (In-Law, Deceased) | Infobox field family/Daughter: Constanze Georgine Florencia (In-Law)"
Blasius,Gieselfried,family,undirected,2,0.9848354444628331,0.9982739994007264,1.0819523216027882,Infobox field family/Father: Gieselfried (Deceased) | Infobox field family/Son: Wolfram (Deceased) Blasius Unnamed Son (with Second Wife)
Charlotte,Georgine,family,undirected,2,0.9846822514536875,0.9897551109435008,1.0817840218804027,"Infobox field family/Relatives: Karstedt (Cousin) Wilfried (Nephew) Rozemyne (Niece, Adoptive) Charlotte (Niece) Melchior (Nephew) Henrietta (Niece) Rudiger (Nephew) Aurelia (Niece) Martina (Niece) Benedikta (Granddaughter) | Infobox field family/Aunt: Georgine Constanze"
Georgine,Wilfried,family,undirected,2,0.9846822514536875,0.9897551109435008,1.0817840218804027,"Infobox field family/Relatives: Karstedt (Cousin) Wilfried (Nephew) Rozemyne (Niece, Adoptive) Charlotte (Niece) Melchior (Nephew) Henrietta (Niece) Rudiger (Nephew) Aurelia (Niece) Martina (Niece) Benedikta (Granddaughter) | Infobox field family/Aunt: Georgine Constanze"
Adolphine,Eglantine,family,undirected,2,0.9845808655839059,0.993794718786202,1.0816726381179633,"Infobox field family/Sister: Unnamed Older Sister (Deceased) Trauerqual's Daughter (In-Law) Nahelache (In-Law) Adolphine (In-Law, Former) | Infobox field family/Sister: Eglantine (In-Law) (Former)"
Adelbert,Rozemyne,family,undirected,2,0.9844660826415252,0.990217055003214,1.0815465361669345,"Infobox field family/Grandfather: Bonifatius (Baptismal) Adelbert (Adoptive, Deceased) | Infobox field family/Offspring: Wilfried (Grandson) Rozemyne (Granddaughter, through Adoption) Charlotte (Granddaughter) Melchior (Grandson) Henriette (Granddaughter) Rudiger (Grandson) Detlinde (Granddaughter) Alstede (Granddaughter) Benedikta (Great-Granddaugher)"
Adelbert,Gabriele,family,undirected,2,0.9841921333636051,0.9940570364324598,1.0812455721237397,"Infobox field family/Relatives: Gieselfried (Nephew) Brother of Gieselfried (Nephew) Georgine(Niece, In-Law) Adelbert (Nephew, In-Law, Deceased) Bonifatius (Nephew, In-Law) Irmhilde (Niece, In-Law, Deceased) Unnamed Woman (Adelbert's half-sister) (Niece, In-Law, Deceased) | Infobox field family/Aunt: Gabriele (In-Law)"
Count Leisegang,Leonore,family,undirected,2,0.9841798399452608,0.994706803211696,1.0812320664232768,Infobox field family/Relatives: Leonore (Niece) Oliswalt (Nephew) Hartmut (Nephew) | Infobox field family/Uncle: Count Leisegang Leberecht
Adelbert,Constanze,family,undirected,2,0.9841393180358048,0.9966117249776698,1.0811875485555882,Infobox field family/Father: Adelbert (Deceased) | Infobox field family/Daughter: Constanze Georgine Florencia (In-Law)
Adelbert,Georgine,family,undirected,2,0.9841393180358048,0.9966117249776698,1.0811875485555882,Infobox field family/Father: Adelbert (Deceased) | Infobox field family/Daughter: Constanze Georgine Florencia (In-Law)
Fey,Zasha,family,undirected,2,0.9841140808834301,0.9955305243529778,1.0811598227098584,Infobox field family/Relatives: Fey (Counsin) Gunther's Father (Distant Cousin) | Infobox field family/Relatives: Zasha (Cousin) Sieg (Cousin) Ralph (Cousin) Lutz (Cousin)
Rozemary,Traugott,family,undirected,2,0.9836561866189152,0.9898258101789408,1.0806567744439517,Infobox field family/Relatives: Traugott (Nephew) | Infobox field family/Aunt: Elvira Trudeliede Rozemary (Deceased)
Anastasius,Trauerqual,family,undirected,2,0.9835476859757658,0.9841557094689012,1.0805375743040595,Infobox field family/Father: Trauerqual Previous Aub Klassenberg (In-Law) | Infobox field family/Son: Sigiswald Anastasius Hildebrand
Blasius,Georgine,family,undirected,2,0.9833715467366542,0.9946993127895716,1.0803440655714547,"Infobox field family/Son: Wolfram (Deceased) Blasius (In-Law) | Infobox field family/Mother: Gieselfried's Second Wife (Deceased) Georgine (In-Law, Deceased)"
Rozemyne,Tuuli,family,undirected,2,0.9832082015979056,0.9896539012519918,1.0801646125947313,"Infobox field family/Sister: Myne (Legally Deceased) | Infobox field family/Sister: Charlotte (Adoptive) Henriette (Adoptive) Heidemarie (Baptismal, In-Law, Deceased) Tuuli (Biological) Aurelia (In-Law)"
Georgine,Sylvester,family,undirected,2,0.983172902368912,0.9850874197293832,1.0801258324279783,"Infobox field family/Sister: Georgine Constanze | She is the mother of Detlinde, Sylvester's older sister and a former archduke candidate of Ehrenfest."
Charlotte,Rozemyne,family,undirected,2,0.9831393303579348,0.9895161587720503,1.0800889498041635,"Infobox field family/Sister: Rozemyne (Adoptive) Henriette | Infobox field family/Sister: Charlotte (Adoptive) Henriette (Adoptive) Heidemarie (Baptismal, In-Law, Deceased) Tuuli (Biological) Aurelia (In-Law)"
Cornelius,Rozemyne,family,undirected,2,0.983097505383835,0.986153500154452,1.0800430003736443,"Infobox field family/Sister: Rozemyne Heidemarie (In-law, Deceased) Aurelia (In-Law) | As one of Rozemyne's older brothers, he is the third son of Karstedt and Elvira, the younger brother of Eckhart and Lamprecht."
Brunhilde,Rozemyne,service_retainer,directed,2,0.983001259856037,0.9922560073670886,1.079937263854076,"Brunhilde (ブリュンヒルデ, Buryunhirude) was an archnoble attendant who served as Rozemyne's retainer. | Infobox field occupation: Sylvester's Second Wife (Future) Rozemyne's Retainer (Former) Attendant"
Gabriele,Sylvester,family,undirected,2,0.9829831793170585,0.9872475637912962,1.0799174003517686,"Infobox field family/Grandmother: Gabriele (Deceased) | Infobox field family/Offspring: Constanze (Granddaughter) Georgine (Granddaughter) Sylvester (Grandson) Wilfried (Great-Grandson) Rozemyne (Great-Granddaugther, through Adoption) Charlotte (Great-Granddaughter) Melchior (Great-Grandson) Henrietta (Great-Granddaughter) Detlinde (Great-Granddaughter) Rudiger (Great-Grandson) Alstede (Great-Granddaughter) Wolfram (Great-Grandson, Deceased)"
Constanze,Gabriele,family,undirected,2,0.9829831793170585,0.9872475637912962,1.0799174003517686,"Infobox field family/Grandmother: Gabriele (Deceased) | Infobox field family/Offspring: Constanze (Granddaughter) Georgine (Granddaughter) Sylvester (Grandson) Wilfried (Great-Grandson) Rozemyne (Great-Granddaugther, through Adoption) Charlotte (Great-Granddaughter) Melchior (Great-Grandson) Henrietta (Great-Granddaughter) Detlinde (Great-Granddaughter) Rudiger (Great-Grandson) Alstede (Great-Granddaughter) Wolfram (Great-Grandson, Deceased)"
Adolphine,Trauerqual,family,undirected,2,0.9828213368828749,0.991854046389861,1.0797395982647464,Infobox field family/Father: Aub Drewanchel Trauerqual (In-Law) (Former) | Infobox field family/Daughter: Unnamed Daughter (Deceased) Nahelache (In-Law) Eglantine (In-Law) Adolphine (in-Law)
Georgine,Rudiger,family,undirected,2,0.9827846766520694,0.9897551109435008,1.079699322884678,"Infobox field family/Relatives: Karstedt (Cousin) Wilfried (Nephew) Rozemyne (Niece, Adoptive) Charlotte (Niece) Melchior (Nephew) Henrietta (Niece) Rudiger (Nephew) Aurelia (Niece) Martina (Niece) Benedikta (Granddaughter) | Infobox field family/Aunt: Florencia Georgine (Deceased)"
Bezewanst,Ferdinand,family,undirected,2,0.9827479738800068,0.9846216634948868,1.079659000768262,Infobox field family/Relatives: Sylvester (Nephew) Georgine (Niece) Florencia (Niece-in-law) Ferdinand (Nephew-in-law) Wilfried (Great nephew) Rozemyne (Great niece through adoption) Charlotte (Great niece) Melchior (Great nephew) Detlinde (Great niece) Elvira (Cousin) | Infobox field family/Uncle: Bezewanst (In-Law) (Deceased) Bonifatius Gervasio
Melchior,Sylvester,family,undirected,2,0.9827438516099727,0.995082517869775,1.0796544719917454,Infobox field family/Father: Sylvester | Infobox field family/Son: Wilfried Melchior
Sylvester,Wilfried,family,undirected,2,0.9827438516099727,0.995082517869775,1.0796544719917454,Infobox field family/Father: Sylvester | Infobox field family/Son: Wilfried Melchior
Bonifatius,Georgine,family,undirected,2,0.9825612157162745,0.9873897102496264,1.0794538259545767,"Infobox field family/Relatives: Heidemarie (Granddaughter-in-Law, Deceased) Sylvester (Nephew) Georgine (Niece) Constanze (Niece) Aurelia (Granddaughter-in-Law) | Infobox field family/Uncle: Bezewanst Bonifatius"
Adelbert,Rudiger,family,undirected,2,0.9822340328158785,0.9857529553519208,1.0790943787995595,"Infobox field family/Grandfather: Adelbert (Deceased) | Infobox field family/Offspring: Wilfried (Grandson) Rozemyne (Granddaughter, through Adoption) Charlotte (Granddaughter) Melchior (Grandson) Henriette (Granddaughter) Rudiger (Grandson) Detlinde (Granddaughter) Alstede (Granddaughter) Benedikta (Great-Granddaugher)"
Adelbert,Wilfried,family,undirected,2,0.9822340328158785,0.9857529553519208,1.0790943787995595,"Infobox field family/Grandfather: Adelbert (Deceased) | Infobox field family/Offspring: Wilfried (Grandson) Rozemyne (Granddaughter, through Adoption) Charlotte (Granddaughter) Melchior (Grandson) Henriette (Granddaughter) Rudiger (Grandson) Detlinde (Granddaughter) Alstede (Granddaughter) Benedikta (Great-Granddaugher)"
Adelbert,Detlinde,family,undirected,2,0.9822340328158785,0.9857529553519208,1.0790943787995595,"Infobox field family/Grandfather: Adelbert (Deceased) | Infobox field family/Offspring: Wilfried (Grandson) Rozemyne (Granddaughter, through Adoption) Charlotte (Granddaughter) Melchior (Grandson) Henriette (Granddaughter) Rudiger (Grandson) Detlinde (Granddaughter) Alstede (Granddaughter) Benedikta (Great-Granddaugher)"
Adelbert,Melchior,family,undirected,2,0.9822340328158785,0.9857529553519208,1.0790943787995595,"Infobox field family/Grandfather: Adelbert (Deceased) | Infobox field family/Offspring: Wilfried (Grandson) Rozemyne (Granddaughter, through Adoption) Charlotte (Granddaughter) Melchior (Grandson) Henriette (Granddaughter) Rudiger (Grandson) Detlinde (Granddaughter) Alstede (Granddaughter) Benedikta (Great-Granddaugher)"
Adelbert,Charlotte,family,undirected,2,0.9822340328158785,0.9857529553519208,1.0790943787995595,"Infobox field family/Grandfather: Adelbert (Deceased) | Infobox field family/Offspring: Wilfried (Grandson) Rozemyne (Granddaughter, through Adoption) Charlotte (Granddaughter) Melchior (Grandson) Henriette (Granddaughter) Rudiger (Grandson) Detlinde (Granddaughter) Alstede (Granddaughter) Benedikta (Great-Granddaugher)"
Karla,Sieg,family,undirected,2,0.9820139281106242,0.9890468301457512,1.0788525690655735,Infobox field family/Mother: Karla | Infobox field family/Son: Zasha Sieg Ralph Lutz
Karla,Ralph,family,undirected,2,0.9820139281106242,0.9890468301457512,1.0788525690655735,Infobox field family/Mother: Karla | Infobox field family/Son: Zasha Sieg Ralph Lutz
Karla,Zasha,family,undirected,2,0.9820139281106242,0.9890468301457512,1.0788525690655735,Infobox field family/Mother: Karla | Infobox field family/Son: Zasha Sieg Ralph Lutz
Lestilaut,Magdalena,family,undirected,2,0.9818534625058507,0.9863622149289106,1.0786762795802607,Infobox field family/Relatives: Lestilaut (Nephew) Hannelore (Niece) Raufereg (Nephew) Lungtase (Niece) Kenntrips (Nephew) Rasantark (Nephew) Codenest (Nephew) | Infobox field family/Aunt: Magdalena
Magdalena,Raufereg,family,undirected,2,0.9818534625058507,0.9863622149289106,1.0786762795802607,Infobox field family/Relatives: Lestilaut (Nephew) Hannelore (Niece) Raufereg (Nephew) Lungtase (Niece) Kenntrips (Nephew) Rasantark (Nephew) Codenest (Nephew) | Infobox field family/Aunt: Magdalena
Lungtase,Magdalena,family,undirected,2,0.9818534625058507,0.9863622149289106,1.0786762795802607,Infobox field family/Relatives: Lestilaut (Nephew) Hannelore (Niece) Raufereg (Nephew) Lungtase (Niece) Kenntrips (Nephew) Rasantark (Nephew) Codenest (Nephew) | Infobox field family/Aunt: Magdalena
Fey,Sieg,family,undirected,2,0.9818377222972658,0.9909778071806492,1.0786589871936831,Infobox field family/Relatives: Fey (Cousin) Gunther's Father (Distant Cousin) | Infobox field family/Relatives: Zasha (Cousin) Sieg (Cousin) Ralph (Cousin) Lutz (Cousin)
Fey,Lutz,family,undirected,2,0.9818377222972658,0.9909778071806492,1.0786589871936831,Infobox field family/Relatives: Fey (Cousin) Gunther's Father (Distant Cousin) | Infobox field family/Relatives: Zasha (Cousin) Sieg (Cousin) Ralph (Cousin) Lutz (Cousin)
Fey,Ralph,family,undirected,2,0.9818377222972658,0.9909778071806492,1.0786589871936831,Infobox field family/Relatives: Fey (Cousin) Gunther's Father (Distant Cousin) | Infobox field family/Relatives: Zasha (Cousin) Sieg (Cousin) Ralph (Cousin) Lutz (Cousin)
Karstedt,Sylvester,family,undirected,2,0.9816648782515567,0.9900755707502948,1.0784690986010441,"Infobox field family/Relatives: Karstedt (Cousin) Detlinde (Niece) Alstede (Niece) Wolfram (Nephew, Deceased) Rudiger (Nephew) | Infobox field family/Relatives: Sylvester (Cousin) Ferdinand (Cousin) Georgine (Cousin) Constanze (Cousin) Traugott (Nephew)"
Georgine,Karstedt,family,undirected,2,0.9815046483481595,0.9897551109435008,1.07829306806016,"Infobox field family/Relatives: Karstedt (Cousin) Wilfried (Nephew) Rozemyne (Niece, Adoptive) Charlotte (Niece) Melchior (Nephew) Henrietta (Niece) Rudiger (Nephew) Aurelia (Niece) Martina (Niece) Benedikta (Granddaughter) | Infobox field family/Relatives: Sylvester (Cousin) Ferdinand (Cousin) Georgine (Cousin) Constanze (Cousin) Traugott (Nephew)"
Adelbert,Irmhilde,family,undirected,2,0.9814833761414916,0.9909754104391436,1.0782696981525073,"Infobox field family/Sister: Irmhilde (Half-Sister, Deceased) Unnamed Woman (Half-Sister, Deceased) | Infobox field family/Brother: Adelbert (Half-Brother, Deceased) Bonifatius (Half-Brother)"
Reginald,Werdekraf,family,undirected,2,0.9814296182352547,0.9901473243791036,1.0782106390561024,Infobox field family/Father: Aub Dunkelfelger's Elder Brother | Infobox field family/Uncle: Aub Dunkelfelger
Constanze,Wilfried,family,undirected,2,0.9813776166909969,0.9831458414181194,1.078153509520551,"Infobox field family/Relatives: Karstedt (Cousin) Wilfried (Nephew) Melchior (Nephew) Charlotte (Niece) Henriette (Niece) Detlinde (Niece) Rozemyne (Niece, through adoption) Detlinde (Niece) Alstede (Niece) Wolfram (Nephew, Deceased) | Infobox field family/Aunt: Georgine Constanze"
Charlotte,Constanze,family,undirected,2,0.9813776166909969,0.9831458414181194,1.078153509520551,"Infobox field family/Relatives: Karstedt (Cousin) Wilfried (Nephew) Melchior (Nephew) Charlotte (Niece) Henriette (Niece) Detlinde (Niece) Rozemyne (Niece, through adoption) Detlinde (Niece) Alstede (Niece) Wolfram (Nephew, Deceased) | Infobox field family/Aunt: Georgine Constanze"
Aurelia,Martina,family,undirected,2,0.9812524475488982,0.9969194716402496,1.0780159971628793,Infobox field family/Sister: Aurelia | Infobox field family/Sister: Martina Rozemyne (In-Law) 2 half-sisters from father's second wife (Deceased)
Bezewanst,Georgine,family,undirected,2,0.9811771923389048,0.9846216634948868,1.0779333208643944,Infobox field family/Relatives: Sylvester (Nephew) Georgine (Niece) Florencia (Niece-in-law) Ferdinand (Nephew-in-law) Wilfried (Great nephew) Rozemyne (Great niece through adoption) Charlotte (Great niece) Melchior (Great nephew) Detlinde (Great niece) Elvira (Cousin) | Infobox field family/Uncle: Bezewanst Bonifatius
Nahelache,Waldifried,family,undirected,2,0.9808617439144673,0.9837305816263412,1.0775867653488664,"Infobox field family/Uncle: Waldifried (Deceased, In-Law) | Infobox field family/Relatives: Sigiswald (Nephew) Anastasius (Nephew) Hildebrand (Nephew) Nahelache (Niece, In-Law) Eglantine (Niece)"
Sergius,Ferdinand,service_retainer,directed,2,0.980680350758474,0.9958234872326424,1.0773874845986118,"Infobox field occupation: Attendant Ferdinand's Retainer | Sergius (ゼルギウス, Zerugiusu) was an Ahrensbach archattendant who was assigned to be Lord Ferdinand's attendant."
Gunther,Myne,family,undirected,2,0.9806029101229341,0.9877283815087724,1.0773024073647655,Infobox field family/Father: Gunther Urano Motosu’s Father (Former) | Infobox field family/Daughter: Tuuli Myne
Magdalena,Werdekraf,family,undirected,2,0.9805080927920218,0.9859706377967714,1.0771982398798463,"Infobox field family/Sister: Magdalena | Infobox field family/Brother: Werdekraf Waldifried (Deceased, In-Law) Elder Brother Younger Brother"
Milda,Renate,family,undirected,2,0.9804326549225766,0.98905663626305,1.077115362909443,Infobox field family/Aunt: Milda | Infobox field family/Relatives: Renate (Niece) Knut (Nephew) }}
Seltier,Georgine,service_retainer,directed,2,0.980431380887407,0.9907997321743832,1.0771139632387494,Infobox field occupation: Georgine's Attendant | Seltier is an Ahrensbach medattendent and served Georgine as an attendant.
Nahelache,Ralfrieda,family,undirected,2,0.9800390197510218,0.9963295162442136,1.076682910472721,"Infobox field family/Offspring: Stephareine (Granddaughter) Nahelache's Child (Grandson) | Infobox field family/Daughter: Adolphine (In-Law, Former), Nahelache (In-Law), Eglantine (In-Law)"
Ferdinand,Karstedt,family,undirected,2,0.9798803406180134,0.9865064954832083,1.0765085836272428,"Infobox field family/Relatives: Karstedt (Cousin) Wilfried (Nephew) Rozemyne (Niece, Through Adoption) Charlotte (Niece) Melchior (Nephew) Henriette (Niece) Detlinde (Niece) Rudiger (Nephew) | Infobox field family/Relatives: Sylvester (Cousin) Ferdinand (Cousin) Georgine (Cousin) Constanze (Cousin) Traugott (Nephew)"
Previous Count Leisegang,Rozemary,family,undirected,2,0.9798727577273392,0.9873094934287908,1.0765002529703644,"Infobox field family/Relatives: Elvira (Granddaughter, In-Law) Trudeliede (Granddaughter, In-Law) Rozemary (Granddaughter-In-Law, Deceased) Heidemarie (Great-Granddaughter, In-Law, Deceased) Aurelia (Great-Granddaughter, In-Law) | Infobox field family/Grandfather: Previous Count Leisegang (In-Law)"
Claudio,Rozemyne,family,undirected,2,0.979719136295568,0.990608996496561,1.0763314825776178,"Infobox field family/Relatives: Previous Count Leisegang (Grandfather, Deceased) Count Groschel (Cousin) Eckhart (Nephew) Lamprecht (Nephew) Cornelius (Nephew) Rozemyne (Niece) | Infobox field family/Grandmother: Veronica (Adoptive)|family/Uncle=Ferdinand (Adoptive) Claudio (Baptismal)"
Hildebrand,Sieglinde,family,undirected,2,0.979695965759497,0.9893536449981436,1.0763060271419551,"Infobox field family/Relatives: Hildebrand (Nephew, In-Law) | Infobox field family/Aunt: Sieglinde Reichlene"
Hildebrand,Werdekraf,family,undirected,2,0.9794668836952366,0.9858899026693368,1.0760543547710453,Infobox field family/Relatives: Hildebrand (Nephew) Kenntrips (Nephew) Rasantark (Nephew) Codenest (Nephew) | Infobox field family/Uncle: Aub Dunkelfelger Waldifried (Deceased)
Detlinde,Ferdinand,romantic,undirected,2,0.9791814242954506,0.9814091113871232,1.0757407455665244,"Infobox field family/Spouse: Ferdinand (Engaged, Cancelled) | Infobox field family/Spouse: Rozemyne (Engaged) Detlinde (Engaged, Cancelled)"
Alexis,Wilfried,service_retainer,directed,2,0.9789995051998376,0.9799332692844328,1.0755408870125407,"Alexis (アレクシス, Arekushisu) is an Ehrenfest archknight, who serves Wilfried as a guard knight. | Infobox field occupation: Knight Wilfried's Retainer Royal Academy Student (Former)"
Andrea,Hannelore,service_retainer,directed,2,0.978964623142623,0.9949330653122654,1.0755025651558308,Infobox field occupation: Apprentice Attendant Hannelore's Retainer | Andrea is an apprentice arch attendant from Dunkelfelger who serves Lady Hannelore at the Royal Academy.
Florencia,Rudiger,family,undirected,2,0.9787706276159815,0.9817270128713252,1.0752894392863157,"Infobox field family/Relatives: Rudiger (Nephew) Detlinde (Niece, In-Law) Wolfram (Nephew, In-Law, Deceased) Alstede (Niece, In-Law) Several Unnamed Nieces (In-Law) | Infobox field family/Aunt: Florencia Georgine (Deceased)"
Eglantine,Gentiane,family,undirected,2,0.9787201339755465,0.9967643171364164,1.0752339663524342,"Infobox field family/Aunt: Eglantine (Adoptive) | Infobox field family/Relatives: Eglantine (Cousin) Anastasius (Cousin, In Law) Stephareine (Cousin, once removed)"
Ferdinand,Wilfried,family,undirected,2,0.978491586577038,0.9865064954832083,1.0749828813718896,"Infobox field family/Relatives: Karstedt (Cousin) Wilfried (Nephew) Rozemyne (Niece, Through Adoption) Charlotte (Niece) Melchior (Nephew) Henriette (Niece) Detlinde (Niece) Rudiger (Nephew) | Infobox field family/Uncle: Ferdinand"
Ferdinand,Melchior,family,undirected,2,0.978491586577038,0.9865064954832083,1.0749828813718896,"Infobox field family/Relatives: Karstedt (Cousin) Wilfried (Nephew) Rozemyne (Niece, Through Adoption) Charlotte (Niece) Melchior (Nephew) Henriette (Niece) Detlinde (Niece) Rudiger (Nephew) | Infobox field family/Uncle: Ferdinand"
Constanze,Karstedt,family,undirected,2,0.9782000135854689,0.9831458414181194,1.074662555700308,"Infobox field family/Relatives: Karstedt (Cousin) Wilfried (Nephew) Melchior (Nephew) Charlotte (Niece) Henriette (Niece) Detlinde (Niece) Rozemyne (Niece, through adoption) Detlinde (Niece) Alstede (Niece) Wolfram (Nephew, Deceased) | Infobox field family/Relatives: Sylvester (Cousin) Ferdinand (Cousin) Georgine (Cousin) Constanze (Cousin) Traugott (Nephew)"
Karstedt,Rozemyne,family,undirected,2,0.9780486053943764,0.9799662040476008,1.0744962168009689,"Infobox field family/Daughter: Heidemarie (In-Law, Deceased) Rozemyne Aurelia (In-Law) | Infobox field family/Father: Karstedt (Baptismal) Sylvester (Adoptive) Gunther (Biological) Urano Motosu’s Father (Former)"
Ferdinand,Rozemyne,family,undirected,2,0.9776678857888916,0.9865064954832083,1.0740779535638465,"Infobox field family/Relatives: Karstedt (Cousin) Wilfried (Nephew) Rozemyne (Niece, Through Adoption) Charlotte (Niece) Melchior (Nephew) Henriette (Niece) Detlinde (Niece) Rudiger (Nephew) | Infobox field family/Grandmother: Veronica (Adoptive)|family/Uncle=Ferdinand (Adoptive) Claudio (Baptismal)"
Laurenz,Rozemyne,service_retainer,directed,2,0.977564111072543,0.9785335077427344,1.0739639453852128,Laurenz (ラウレンツ Raurentsu) is an apprentice medknight who serves as one of Rozemyne's name-sworn retainers. | Infobox field occupation: Apprentice Knight Royal Academy Student Rozemyne's Retainer
Bezewanst,Veronica,family,undirected,2,0.9773990378034859,0.9942388194051416,1.073782593863296,"Infobox field family/Sister: Veronica Irmhilde (Half-Sister, Deceased) Unnamed Woman (Half-Sister, In-Law, Deceased) | Although he is not a noble, he is the younger brother of Veronica and a relative of Ehrenfest's archducal family. __TOC__"
Hannelore,Lestilaut,family,undirected,2,0.9773907277544638,0.9866734725512692,1.0737734643413208,"Infobox field family/Sister: Hannelore Lungtase (Half-Sister) | As relatives of Trauerqual's third wife Magdalena, Hannelore and her brother Lestilaut occasionally visited her and her son Prince Hildebrand at their royal villa in the Sovereignty, but didn't form a particularly close relationship with the prince."
Rozemyne,Veronica,family,undirected,2,0.9772579504537753,0.9856866248129756,1.0736275935671282,"Infobox field family/Offspring: Wilfried (Grandson) Rozemyne (Granddaughter, Adoptive) Charlotte (Granddaughter) Melchior (Grandson) Henriette (Granddaughter) Wolfram (Grandson, Deceased) Detlinde (Granddaughter) Rudiger (Grandson) Alstede (Granddaughter) Benedikta (Great-Granddaugher) | Infobox field family/Grandmother: Veronica (Adoptive)|family/Uncle=Ferdinand (Adoptive) Claudio (Baptismal)"
Detlinde,Gieselfried,family,undirected,2,0.9766042500042105,0.9982739994007264,1.0729094302201285,"Infobox field family/Father: Gieselfried (Deceased) | Infobox field family/Daughter: Unnamed Daughter (with First Wife, & Letizia's Mother) Detlinde Alstede Several Unnamed Daughters Letizia (Adoptive)"
God of Darkness,Schutzaria,family,undirected,2,0.9765506592565996,0.9766108586043,1.0728505547662444,Infobox field family/Father: God of Darkness | Infobox field family/Daughter: Flutrane Schutzaria Geduldh
Flutrane,God of Darkness,family,undirected,2,0.9765506592565996,0.9766108586043,1.0728505547662444,Infobox field family/Father: God of Darkness | Infobox field family/Daughter: Flutrane Schutzaria Geduldh
Bonifatius,Traugott,family,undirected,2,0.9764380170391328,0.9823785156015364,1.0727268046419125,"Infobox field family/Offspring: Eckhart (Grandson) Lamprecht (Grandson) Cornelius (Grandson) Rozemyne (Granddaughter) Traugott (Grandson) Nikolaus (Grandson) Siegrecht (Great-Grandson, Lamprecht's Son) | He is the grandson of Bonifatius on his father’s side and the grandson of Rihyarda on his mother’s side. __TOC__"
Kazmiar,Melchior,service_retainer,directed,2,0.9763746719461297,0.9862615808554358,1.0726572129443124,Infobox field occupation: Ehrenfest's High Priest Melchior's Retainer Attendant | Kazmiar is an Ehrenfest archattendant who serves as Melchior's attendant.
Laurenz,Sidonius,family,undirected,2,0.9763564449059868,0.9933748041645832,1.0726371884940253,Infobox field family/Father: Sidonius (Deceased) | Infobox field family/Son: Freuden (Deceased) Laurenz Bertram
Freuden,Sidonius,family,undirected,2,0.9763564449059868,0.9933748041645832,1.0726371884940253,Infobox field family/Father: Sidonius (Deceased) | Infobox field family/Son: Freuden (Deceased) Laurenz Bertram
Traugott,Rozemyne,service_retainer,directed,2,0.9763222130555274,0.9821354312379617,1.072599580962447,"Infobox field occupation: Apprentice Knight Royal Academy Student Rozemyne's Retainer (Former) | He previously served as one of Rozemyne’s retainers, but later resigned."
Hartmut,Rozemyne,service_retainer,directed,2,0.9762546967153729,0.9826976921811736,1.0725254066814671,"Hartmut (ハルトムート Harutomuuto) is an archnoble scholar, who serves as Rozemyne’s retainer. | Infobox field occupation: Adult Scholar Rozemyne's Retainer Ehrenfest's High Priest (Former)"
Effa,Kamil,family,undirected,2,0.9760981661021009,0.9984956560191444,1.0723534402261738,"Infobox field family/Mother: Effa | The two would later raise three children: her oldest daughter, Tuuli, her second daughter, Myne, and her youngest son Kamil."
Florencia,Sylvester,romantic,undirected,2,0.9760484273404918,0.9958810283655763,1.072298796611447,"Infobox field family/Spouse: Florencia Brunhilde (Engaged, Second Wife) | His second oldest sister Constanze married into the closely allied duchy of Frenbeltag and became the Archduke's first wife, while Sylvester himself married the younger sister of Aub Frenbeltag, Florencia."
Constanze,Detlinde,family,undirected,2,0.9760387741313111,0.9831458414181194,1.072288191477216,"Infobox field family/Relatives: Karstedt (Cousin) Wilfried (Nephew) Melchior (Nephew) Charlotte (Niece) Henriette (Niece) Detlinde (Niece) Rozemyne (Niece, through adoption) Detlinde (Niece) Alstede (Niece) Wolfram (Nephew, Deceased) | Infobox field family/Aunt: Constanze Florencia (In-Law)"
Fran,Rozemyne,service_retainer,directed,2,0.9759455365644232,0.9851347693334536,1.0721857595404674,Infobox field occupation: Rozemyne's Head Attendant Ferdinand's Attendant (Former) Myne's Head Attendant (Former) | Fran is moved to Alexandria in order to serve as Rozemyne's head attendant as the High Bishop of Alexandria's Temple.
Eckhart,Ferdinand,service_retainer,directed,2,0.9758591532332045,0.9915708284662412,1.0720908577512545,"Infobox field occupation: Knight Ferdinand's Retainer | During his time at the Royal Academy, Eckhart grew to deeply admire Ferdinand and dedicated himself to serving him as a guard knight alongside the scholar Justus."
Eckhart,Rozemyne,family,undirected,2,0.9758412777294425,0.9792611651251988,1.0720712195031554,"He is also the oldest child of Karstedt and Elvira and the older brother of Lamprecht, Cornelius, and Rozemyne. | Infobox field family/Sister: Rozemyne Aurelia (In-Law)"
Ferdinand,Gervasio,family,undirected,2,0.9757524291962159,0.9808742842651268,1.0719736094127224,Infobox field family/Uncle: Bezewanst (In-Law) (Deceased) Bonifatius Gervasio | Infobox field family/Relatives: Ferdinand (Nephew) Leonzio (Cousin)
Judithe,Rozemyne,service_retainer,directed,2,0.9756416115634967,0.9789175385766428,1.0718518637996162,"Infobox field occupation: Rozemyne's Retainer (Former) | Judithe (ユーディット, Yuuditto) is a mednoble apprentice guard knight from Kirnberger who served as a retainer to Rozemyne."
Hildebrand,Waldifried,family,undirected,2,0.9755183854618649,0.9779929062025934,1.0717164860900787,"Infobox field family/Relatives: Sigiswald (Nephew) Anastasius (Nephew) Hildebrand (Nephew) Nahelache (Niece, In-Law) Eglantine (Niece) | Infobox field family/Uncle: Aub Dunkelfelger Waldifried (Deceased)"
Detlinde,Florencia,family,undirected,2,0.975329359857914,0.9817270128713252,1.0715088202387053,"Infobox field family/Relatives: Rudiger (Nephew) Detlinde (Niece, In-Law) Wolfram (Nephew, In-Law, Deceased) Alstede (Niece, In-Law) Several Unnamed Nieces (In-Law) | Infobox field family/Aunt: Constanze Florencia (In-Law)"
Constanze,Sylvester,family,undirected,2,0.9751804331608744,0.9850874197293832,1.071345207539227,"Infobox field family/Sister: Georgine Constanze | Constanze's face was in large parts inherited from her father's side, making her resemble Sylvester far more than her mother or sister."
Konrad,Philine,family,undirected,2,0.9751155521961051,0.9984010413830334,1.0712739285140307,"Infobox field family/Sister: Philine | Konrad was born in the city of Ehrenfest as the laynoble son of Kashick and his wife Theresia, and is the younger brother of Philine."
Codenest,Magdalena,family,undirected,2,0.9744006232061295,0.9863622149289106,1.0704884987401184,Infobox field family/Relatives: Lestilaut (Nephew) Hannelore (Niece) Raufereg (Nephew) Lungtase (Niece) Kenntrips (Nephew) Rasantark (Nephew) Codenest (Nephew) | Infobox field family/Aunt: Sieglinde Magdalena Reichlene
Constanze,Georgine,family,undirected,2,0.9742256071094191,0.98192645424105,1.0702962239055576,Infobox field family/Sister: Georgine (Deceased) Florencia (In-Law) | Infobox field family/Sister: Florencia (In-Law) Constanze
Adolphine,Hildebrand,family,undirected,2,0.9741810997324025,0.9900747659242902,1.0702473275542308,"Infobox field family/Sister: Trauerqual's Daughter (Deceased) Eglantine (Half-Sister, In-Law) Nahelache (Half-Sister, In-Law) Adolphine (Half-Sister, In-Law, Former) | Infobox field family/Brother: Ortwin Anastasius (In-Law) (Former) Hildebrand (Half-Brother, In-Law) (Former)"
Bonifatius,Irmhilde,family,undirected,2,0.9739567697766155,0.9759221977093914,1.0700008759080868,"Infobox field family/Sister: Irmhilde (Half-Sister, Deceased) Veronica (In-Law) Unnamed Younger Sister (Deceased) | Infobox field family/Brother: Adelbert (Half-Brother, Deceased) Bonifatius (Half-Brother)"
Goddess of Light,Mestionora,family,undirected,2,0.9731783046170446,0.9899069633956388,1.0691456445174823,Infobox field family/Offspring: Mestionora (Granddaughter) | Infobox field family/Grandmother: Goddess of Light
Elvira,Veronica,family,undirected,2,0.9728438576952658,0.9784592223766516,1.068778217019309,"Infobox field family/Relatives: Elvira (Niece) Claudio (Nephew) | As the daughter of Veronica’s half-sister, Elvira faced political persecution and harassment throughout her life."
Magdalena,Waldifried,family,undirected,2,0.9727661035773985,0.975045547787272,1.0686927953899252,"Infobox field family/Brother: Werdekraf Waldifried (Deceased, In-Law) Elder Brother Younger Brother | Infobox field family/Sister: Eglantine's mother (Deceased, In-Law) Magdalena (In-Law)"
Adolphine,Anastasius,family,undirected,2,0.9727064795157516,0.9871255254909884,1.0686272916630997,"Infobox field family/Sister: Trauerqual's Daughter (Deceased) Nahelache (In-Law) Adolphine (In-Law, Former) | Infobox field family/Brother: Ortwin Anastasius (In-Law) (Former) Hildebrand (Half-Brother, In-Law) (Former)"
Eglantine,Waldifried,family,undirected,2,0.9718048589385101,0.9779929062025934,1.067636760217226,"Infobox field family/Relatives: Sigiswald (Nephew) Anastasius (Nephew) Hildebrand (Nephew) Nahelache (Niece, In-Law) Eglantine (Niece) | Infobox field family/Uncle: Aub Klassenberg Zent Trauerqual Waldifried (Deceased)"
Magdalena,Werdekraf's Elder Brother,family,undirected,2,0.9717793658398481,0.9859706377967714,1.0676087531857599,Infobox field family/Sister: Magdalena | Werdekraf's Elder Brother is a member of Dunkelfelger's archducal family and the elder brother of Werdekraf and Magdalena.
Lutz,Tuuli,romantic,undirected,2,0.9714563285769284,0.977927825708118,1.0672538604790187,Infobox field family/Spouse: Tuuli (Engaged) | Infobox field family/Spouse: Lutz (Engaged)
Rudiger,Sylvester,family,undirected,2,0.97142000316304,0.9900755707502948,1.0672139529329299,"Infobox field family/Relatives: Karstedt (Cousin) Detlinde (Niece) Alstede (Niece) Wolfram (Nephew, Deceased) Rudiger (Nephew) | Infobox field family/Uncle: Sylvester Ferdinand"
Georgine,Gieselfried,romantic,undirected,2,0.9713607699684192,0.9731021456646836,1.0671488786174224,"Infobox field family/Spouse: Gieselfried Zausengas nobleman (Engaged, Former) | Infobox field family/Spouse: Georgine (First Wife, Former Thrid Wife) First Wife (Deceased) Second Wife (Deceased)"
Hildebrand,Letizia,romantic,undirected,2,0.9713192929717234,0.9716389417540938,1.0671033114791553,Infobox field family/Spouse: Hildebrand (Engagement promised) | Infobox field family/Spouse: Letizia (Engagement Promised)
Aurelia,Rozemyne,family,undirected,2,0.971173962700683,0.9767625019438192,1.066943649857475,"Infobox field family/Sister: Charlotte (Adoptive) Henriette (Adoptive) Heidemarie (Baptismal, In-Law, Deceased) Tuuli (Biological) Aurelia (In-Law) | Infobox field family/Sister: Martina Rozemyne (In-Law) 2 half-sisters from father's second wife (Deceased)"
Matthias,Rozemyne,service_retainer,directed,2,0.9710444584411696,0.9765947144023516,1.0668013748865386,"Infobox field occupation: Apprentice Knight Royal Academy Student Rozemyne's Retainer | Matthias (マティアス, Matiasu) is an adult mednoble knight who serves as one of Rozemyne's name-sworn retainers."
Charlotte,Ferdinand,family,undirected,2,0.9709750117302474,0.9865064954832083,1.0667250798765118,"Infobox field family/Relatives: Karstedt (Cousin) Wilfried (Nephew) Rozemyne (Niece, Through Adoption) Charlotte (Niece) Melchior (Nephew) Henriette (Niece) Detlinde (Niece) Rudiger (Nephew) | Infobox field family/Uncle: Ferdinand Aub Frenbeltag"
Aub Klassenberg,Gentiane,family,undirected,2,0.9706958020843801,0.9893392791042138,1.0664183367284474,Infobox field family/Father: Aub Klassenberg | Gentiane is the daughter of Aub Klassenberg and his third wife.
Damuel,Rozemyne,service_retainer,directed,2,0.9704985628200531,0.974943073751792,1.0662016472488498,"Damuel (ダームエル, Daamueru) is a layknight, who serves as Rozemyne’s retainer and lead guard knight at the temple. | Infobox field occupation: Bonifatius' Guard Knight Rozemyne's Guard Knight (Former)"
Aub Frenbeltag,Charlotte,family,undirected,2,0.9704806822529419,0.9855178365285976,1.066182003438093,"Infobox field family/Relatives: Wilfried (Nephew) Rozemyne (Niece, Adoptive) Charlotte (Niece) Melchior (Nephew) Detlinde (Niece, In-Law) Alstede (Niece, In-Law) | Infobox field family/Uncle: Ferdinand Aub Frenbeltag"
Rozemyne,Sylvester,family,undirected,2,0.9703123301976078,0.976131006741152,1.0659970498012805,Infobox field family/Father: Karstedt (Baptismal) Sylvester (Adoptive) Gunther (Biological) Urano Motosu’s Father (Former) | Infobox field family/Daughter: Rozemyne (adoptive) Charlotte Henriette
Goddess of Light,Schutzaria,family,undirected,2,0.9697262427517803,0.976490459908899,1.0653531669310603,Infobox field family/Daughter: Flutrane Schutzaria Geduldh | Infobox field family/Mother: Goddess of Light
Flutrane,Goddess of Light,family,undirected,2,0.9697262427517803,0.976490459908899,1.0653531669310603,Infobox field family/Daughter: Flutrane Schutzaria Geduldh | Infobox field family/Mother: Goddess of Light
Ferdinand,Rudiger,family,undirected,2,0.9696354655294968,0.9865064954832083,1.0652534379591285,"Infobox field family/Relatives: Karstedt (Cousin) Wilfried (Nephew) Rozemyne (Niece, Through Adoption) Charlotte (Niece) Melchior (Nephew) Henriette (Niece) Detlinde (Niece) Rudiger (Nephew) | Infobox field family/Uncle: Sylvester Ferdinand"
Corinna,Milda,family,undirected,2,0.9690029012699558,0.975832160713798,1.0645584950902245,Infobox field family/Sister: Corinna | Infobox field family/Sister: Milda (In-Law)
Angelica,Rozemyne,service_retainer,directed,2,0.9685873503666311,0.9757105095684586,1.064101965761265,Infobox field occupation: Knight Rozemyne's Retainer | Angelica (アンゲリカ Angerika) is a medknight who serves Rozemyne as a retainer.
Damuel,Philine,romantic,undirected,2,0.9684720235716082,0.9818236953836657,1.06397526632704,Infobox field family/Spouse: Damuel (Engaged)}} | Infobox field family/Spouse: Philine (Engaged)
Roderick,Rozemyne,service_retainer,directed,2,0.9675057580952562,0.9794805749876292,1.062913715200604,Infobox field occupation: Royal Academy Student Apprentice Scholar Rozemyne's Retainer | He will continue to serve as Rozemyne's retainer in Alexandria.
Werdekraf,Werdekraf's Elder Brother,family,undirected,2,0.9659217411522611,0.9742553884215972,1.0611734947215712,Infobox field family/Brother: Werdekraf Younger Brother Trauerqual (In Law) | Werdekraf's Elder Brother is a member of Dunkelfelger's archducal family and the elder brother of Werdekraf and Magdalena.
Delia,Myne,service_retainer,directed,2,0.9654030303858157,0.9731396467204748,1.0606036326992896,Infobox field occupation: Myne's Attendant (Former) | She was originally assigned to serve as Myne’s attendant and report on her activities to the High Bishop.
Leonore,Rozemyne,service_retainer,directed,2,0.9649909059064721,0.9784880337242552,1.0601508676818219,"Infobox field occupation: Knight Rozemyne's Retainer Royal Academy Student (Former) | Leonore (レオノーレ, Reonoore) is an archknight from Ehrenfest who serves as Rozemyne's guard knight."
Lutz,Sieg,family,undirected,2,0.9648566399013025,0.9711007564655736,1.0600033613985922,"He is the second of four brothers, and the older brother of Lutz. | Infobox field family/Brother: Zasha Sieg Ralph"
Magdalena,Trauerqual,romantic,undirected,2,0.9644457491286296,0.973730558487804,1.0595519517464334,"Infobox field family/Spouse: Magdalena (First Wife, Former Third Wife) Clementia (Second Wife) Ralfrieda (Third Wife , Former First Wife ) | Upon Trauerqual abdicating the throne and Ralfrieda's demotion to third wife, Magdalena becomes his first wife in their new founded duchy of Blumenfeld."
Rasantark,Lestilaut,service_retainer,directed,2,0.9623064381447859,0.9672097657426814,1.0572016784103,"Infobox field occupation: Royal Academy Student Apprentice Knight Lestilaut's Retainer | Rasantark is an Dunkelfelger apprentice archknight, currently serving his cousin Lestilaut as a guard knight and attending the Royal Academy."
Heileind,Tollkuehnheit,family,undirected,2,0.96191324722892,0.9686440974572732,1.0567697140383372,"He was the son of Aeussewahl and the brother of Tollkuehnheit. | He was a Royal Family member of the ancient past, being the son of Aeussewahl and the brother of Heileind."
Cornelius,Leonore,romantic,undirected,2,0.9617016183339998,0.9620849768210868,1.0565372159337405,Infobox field family/Spouse: Leonore (Engaged) | Infobox field family/Spouse: Cornelius (Engaged)
Elvira,Rozemyne,family,undirected,2,0.9615732104237761,0.9659566994292298,1.0563961454256066,"Infobox field family/Daughter: Rozemyne (Baptismal) Heidemarie (In-Law, Deceased) Aurelia (In-Law) | Infobox field family/Mother: Elvira (Baptismal) Florencia (Adoptive) Rozemary (Purported Biological) Effa (Biological) Urano Motosu’s Mother (Former)"
Florencia,Rozemyne,family,undirected,2,0.9608416875361929,0.9644936536540634,1.0555924853918657,Infobox field family/Daughter: Rozemyne (Adoptive) Charlotte Henriette | Infobox field family/Mother: Elvira (Baptismal) Florencia (Adoptive) Rozemary (Purported Biological) Effa (Biological) Urano Motosu’s Mother (Former)
Martina,Detlinde,service_retainer,directed,2,0.960683434112802,0.9706593908125832,1.0554186262362046,"Infobox field occupation: Prisoner Apprentice Attendant of Detlinde (Former) | Martina (マルティナ, Marutina) was an apprentice Ahrensbach archattendant serving Detlinde."
Bonifatius,Elvira,family,undirected,2,0.9591465861068962,0.9658333584676656,1.0537302261311015,"Infobox field family/Daughter: Elvira (In-Law) Trudeliede (In-Law) Rozemary (In-Law, Deceased) Gudrun (In-Law) | Infobox field family/Father: Previous Count Haldenzel Bonifatius (In-Law)"
Gudrun,Karstedt,family,undirected,2,0.958871993578059,0.9660867472395336,1.0534285554045444,"Infobox field family/Sister: Gudrun (In-Law) | Infobox field family/Brother: Justus Karstedt (In-Law, Half-Brother)"
Kamil,Tuuli,family,undirected,2,0.9569185093836226,0.9579425133826944,1.0512824336628177,"Infobox field family/Sister: Tuuli Myne (Officially Deceased) | Tuuli (トゥーリ, Tuuri) is the oldest daughter of Gunther and Effa, as well as the older sister of Myne and Kamil."
Lutz,Zasha,family,undirected,2,0.9561639832754467,0.9586125233370316,1.0504535020082548,"Infobox field family/Brother: Zasha Sieg Ralph | He is the eldest of four brothers, and the older brother of Lutz."
Harland,Anastasius,service_retainer,directed,2,0.9513018633236119,0.9514207754963172,1.0451119172801906,Infobox field occupation: Prince Anastasius' Head Guard Knight Adult Knight | Harland is a sovereign archknight who serves as Anastasius's head guard knight.
Gentiane,Hensfen,family,undirected,1,0.9993034817907408,0.9993034817907408,0.6926643909269886,Infobox field family/Sister: Gentiane (Half-Sister)
Cordula,Sieglinde,service_retainer,directed,1,0.9990212059690152,0.9990212059690152,0.6924687322370193,Infobox field occupation: Hannelore's Head Attendant Sieglinde's Retainer (Former)
Neigunheit,Rundsein,family,undirected,1,0.9988242734061074,0.9988242734061074,0.6923322289862792,Infobox field family/Father: Neigunheit
Rozemyne,Viscount Joisontak,family,undirected,1,0.998195144079399,0.998195144079399,0.6918961497672638,Infobox field family/Relatives: Rozemyne (Niece)
Deid,Effa,family,undirected,1,0.998138507601202,0.998138507601202,0.6918568923520847,"Infobox field family/Relatives: Deid's Mother (Grand-Cousin, In-Law)"
Bonifatius,Previous Count Leisegang,family,undirected,1,0.9976165913581044,0.9976165913581044,0.6914951275796931,Infobox field family/Father: Fifth Aub Ehrenfest Previous Count Leisegang (In-Law) (Deceased)
Lestilaut,Werdekraf,family,undirected,1,0.9975879241987128,0.9975879241987128,0.6914752570189862,Infobox field family/Father: Werdekraf
Hannelore,Werdekraf,family,undirected,1,0.9975879241987128,0.9975879241987128,0.6914752570189862,Infobox field family/Father: Werdekraf
Lungtase,Werdekraf,family,undirected,1,0.9975879241987128,0.9975879241987128,0.6914752570189862,Infobox field family/Father: Werdekraf
Raufereg,Werdekraf,family,undirected,1,0.9975879241987128,0.9975879241987128,0.6914752570189862,Infobox field family/Father: Werdekraf
Rasantark,Werdekraf's Elder Brother,family,undirected,1,0.9973669641784276,0.9973669641784276,0.6913220992039091,Infobox field family/Son: Reginald Kenntrips Rasantark
Reginald,Werdekraf's Elder Brother,family,undirected,1,0.9973669641784276,0.9973669641784276,0.6913220992039091,Infobox field family/Son: Reginald Kenntrips Rasantark
Gudrun,Georgine,service_retainer,directed,1,0.9973468067614262,0.9973468067614262,0.6913081271471472,Infobox field occupation: Attendant Georgine's Retainer (Former)
Gloria,Shikikoza,family,undirected,1,0.9972060517657496,0.9972060517657496,0.6912105632187442,Infobox field family/Mother: Gloria (Deceased)
Sargerecht,Florencia,service_retainer,directed,1,0.997129120919496,0.997129120919496,0.6911572388195654,Infobox field occupation: Melchior's Head Attendant Melchior's Tutor (Former) Florencia's Retainer (Former) Attendant
Rauchelstra,Schubankheit,family,undirected,1,0.9970389110103924,0.9970389110103924,0.6910947100754117,Infobox field family/Relatives: Descendant of Rauchelstra
Nikolaus,Rozemyne,family,undirected,1,0.9968918662666204,0.9968918662666204,0.6909927864258499,"Infobox field family/Sister: Rozemyne (Half-Sister) Aurelia (Half-Sister, In-Law)"
Aurelia,Nikolaus,family,undirected,1,0.9968918662666204,0.9968918662666204,0.6909927864258499,"Infobox field family/Sister: Rozemyne (Half-Sister) Aurelia (Half-Sister, In-Law)"
Adelbert,Sylvester,family,undirected,1,0.9966117249776698,0.9966117249776698,0.6907986072812554,Infobox field family/Father: Adelbert (Deceased)
Adelbert,Ferdinand,family,undirected,1,0.9966117249776698,0.9966117249776698,0.6907986072812554,Infobox field family/Father: Adelbert (Deceased)
Fatiehe,Detlinde,service_retainer,directed,1,0.9965663745167556,0.9965663745167556,0.6907671727371356,Infobox field occupation: Attendant Detlinde's Retainer
Hartmut,Leonore,family,undirected,1,0.9965232249790924,0.9965232249790924,0.6907372637567619,"Infobox field family/Relatives: Previous Count Leisegang (Great-Grandfather, Deceased) Hartmut (Cousin)"
Judithe,Theodore,family,undirected,1,0.9963086421334444,0.9963086421334444,0.6905885262623045,Infobox field family/Sister: Judithe
Ottilie,Previous Count Leisegang,family,undirected,1,0.9961164389419832,0.9961164389419832,0.6904553011620486,"Infobox field family/Relatives: Previous Count Leisegang (Grandfather, In-Law, Deceased)"
Adelbert,Aub Frenbeltag,family,undirected,1,0.9960285977457984,0.9960285977457984,0.690394414284576,"Infobox field family/Father: Former Aub Frenbeltag (Deceased) Adelbert (In-Law, Deceased)"
Sieglinde,Werdekraf,romantic,undirected,1,0.9958783840262628,0.9958783840262628,0.6902902940683985,Infobox field family/Spouse: Sieglinde (First Wife) Reichlene (Second Wife)
Gunther,Zasha,family,undirected,1,0.9955305243529778,0.9955305243529778,0.6900491761166305,Infobox field family/Relatives: Fey (Counsin) Gunther's Father (Distant Cousin)
Rozemary,Viscount Joisontak,family,undirected,1,0.9954307463054998,0.9954307463054998,0.6899800152443394,Infobox field family/Sister: Rozemary (Deceased)
Deid,Rozemyne,family,undirected,1,0.9953894913658212,0.9953894913658212,0.689951419499217,"Infobox field family/Relatives: Detlinde (Cousin, Adoptive) Rudiger (Cousin, Adoptive) Traugott (Cousin, Baptismal) Previous Count Leisegang (Great-Grandfather, Baptismal, Deceased) Siegrecht (Nephew, Baptismal) Deid's Mother (Distant Cousin,Biological)"
Reginald,Lestilaut,service_retainer,directed,1,0.995352660743399,0.995352660743399,0.6899258904571267,Infobox field occupation: Attendant Lestilaut's Retainer
Bezewanst,Constanze,family,undirected,1,0.9953003806922132,0.9953003806922132,0.6898896526870477,Infobox field family/Uncle: Bonifatius Bezewanst (Deceased)
Lungtase,Raufereg,family,undirected,1,0.995115258135722,0.995115258135722,0.6897613355089579,Infobox field family/Sister: Hannelore (Half-sister) Lungtase
Hannelore,Raufereg,family,undirected,1,0.995115258135722,0.995115258135722,0.6897613355089579,Infobox field family/Sister: Hannelore (Half-sister) Lungtase
Rozemyne,Sigiswald,romantic,undirected,1,0.994918725935554,0.994918725935554,0.6896251097685221,"Infobox field family/Spouse: Nahelache (First Wife, Former Second Wife) Adolphine (First Wife, Former) Rozemyne (Engaged, Cancelled)"
Gervasio,Valamarlene,family,undirected,1,0.9947123616550502,0.9947123616550502,0.6894820689493226,Infobox field family/Sister: Seradina Valamarlene Unnamed Sister
Damian,Freida,family,undirected,1,0.994221766837648,0.994221766837648,0.689142014534843,Infobox field family/Sister: Freida
Bonifatius,Gabriele,family,undirected,1,0.9940570364324598,0.9940570364324598,0.6890278321189344,"Infobox field family/Relatives: Gieselfried (Nephew) Brother of Gieselfried (Nephew) Georgine(Niece, In-Law) Adelbert (Nephew, In-Law, Deceased) Bonifatius (Nephew, In-Law) Irmhilde (Niece, In-Law, Deceased) Unnamed Woman (Adelbert's half-sister) (Niece, In-Law, Deceased)"
Gabriele,Irmhilde,family,undirected,1,0.9940570364324598,0.9940570364324598,0.6890278321189344,"Infobox field family/Relatives: Gieselfried (Nephew) Brother of Gieselfried (Nephew) Georgine(Niece, In-Law) Adelbert (Nephew, In-Law, Deceased) Bonifatius (Nephew, In-Law) Irmhilde (Niece, In-Law, Deceased) Unnamed Woman (Adelbert's half-sister) (Niece, In-Law, Deceased)"
Gudrun,Rozemyne,family,undirected,1,0.9940496724123348,0.9940496724123348,0.6890227277691471,Infobox field family/Aunt: Georgine (Adoptive) Constanze(Adoptive) Gudrun (Baptismal)
Ferdinand,Georgine,family,undirected,1,0.9939141196963746,0.9939141196963746,0.688928769786262,Infobox field family/Sister: Florencia (In-Law) Georgine (Half-Sister) Constanze (Half-Sister)
Ferdinand,Florencia,family,undirected,1,0.9939141196963746,0.9939141196963746,0.688928769786262,Infobox field family/Sister: Florencia (In-Law) Georgine (Half-Sister) Constanze (Half-Sister)
Constanze,Ferdinand,family,undirected,1,0.9939141196963746,0.9939141196963746,0.688928769786262,Infobox field family/Sister: Florencia (In-Law) Georgine (Half-Sister) Constanze (Half-Sister)
Lungtase,Rasantark,family,undirected,1,0.9937118404759976,0.9937118404759976,0.6887885605149718,Infobox field family/Relatives: Hildebrand (Cousin) Kenntrips (Cousin) Rasantark (Cousin)
Count Groschel,Elvira,family,undirected,1,0.9933698117686616,0.9933698117686616,0.6885514842808114,Infobox field family/Relatives: Previous Count Leisegang (Great-Grandfather) Count Groschel (Cousin) Traugott (Nephew)
Ottilie,Rozemyne,service_retainer,directed,1,0.9930635667764168,0.9930635667764168,0.6883392114278762,Infobox field occupation: Attendant Rozemyne's Retainer
Oswald,Wilfried,service_retainer,directed,1,0.992698976573657,0.992698976573657,0.6880864967567736,Infobox field occupation: Attendant Wilfried's Head Attendant (Former)
Melchior,Rozemyne,family,undirected,1,0.9924837995882672,0.9924837995882672,0.6879373474360292,Infobox field family/Sister: Rozemyne (adoptive) Charlotte Henriette
Charlotte,Melchior,family,undirected,1,0.9924837995882672,0.9924837995882672,0.6879373474360292,Infobox field family/Sister: Rozemyne (adoptive) Charlotte Henriette
Adolphine,Letizia's Brother,family,undirected,1,0.992466216868604,0.992466216868604,0.6879251600234682,"Infobox field family/Sister: Letizia Adolphine (Half Brother, Adoptive)"
Letizia,Letizia's Brother,family,undirected,1,0.992466216868604,0.992466216868604,0.6879251600234682,"Infobox field family/Sister: Letizia Adolphine (Half Brother, Adoptive)"
Detlinde,Letizia's Brother,family,undirected,1,0.9923782276495636,0.9923782276495636,0.6878641705443705,Infobox field family/Relatives: Wolfram (Cousin) Alstede (Cousin) Detlinde (Cousin) Benedikta (Cousin)
Hildebrand,Kenntrips,family,undirected,1,0.9923735498415958,0.9923735498415958,0.6878609281349665,Infobox field family/Relatives: Eglantine (Cousin) Lestilaut (Cousin) Hannelore (Cousin) Reginald (Cousin) Kenntrips (Cousin) Rasantark (Cousin) Raufereg (Cousin) Lungtase (Cousin) Nahelache's Son (Half-Nephew) Stephareine (Half-Niece)
Hildebrand,Rasantark,family,undirected,1,0.9923735498415958,0.9923735498415958,0.6878609281349665,Infobox field family/Relatives: Eglantine (Cousin) Lestilaut (Cousin) Hannelore (Cousin) Reginald (Cousin) Kenntrips (Cousin) Rasantark (Cousin) Raufereg (Cousin) Lungtase (Cousin) Nahelache's Son (Half-Nephew) Stephareine (Half-Niece)
Urano Motosu,Urano Motosu's Mother,family,undirected,1,0.9922931819169074,0.9922931819169074,0.6878052213345612,Infobox field family/Daughter: Urano Motosu
Gunther,Kamil,family,undirected,1,0.991857139976804,0.991857139976804,0.6875029800931727,Infobox field family/Father: Gunther
Shikikoza,Viscount Dahldolf,family,undirected,1,0.991769005699466,0.991769005699466,0.6874418900673251,Infobox field family/Father: Viscount Dahldolf
Codenest,Reginald,family,undirected,1,0.9912833061402624,0.9912833061402624,0.687105228787264,Infobox field family/Relatives: Lestilaut (Cousin) Hannelore (Cousin) Lungtase (Cousin) Raufereg (Cousin) Kenntrips (Cousin) Rasantark (Cousin) Reginald (Cousin)
Codenest,Lungtase,family,undirected,1,0.9912833061402624,0.9912833061402624,0.687105228787264,Infobox field family/Relatives: Lestilaut (Cousin) Hannelore (Cousin) Lungtase (Cousin) Raufereg (Cousin) Kenntrips (Cousin) Rasantark (Cousin) Reginald (Cousin)
Jenni,Bezewanst,service_retainer,directed,1,0.9911204849690765,0.9911204849690765,0.686992369751521,Infobox field occupation: Bezewanst's Attendant
Lasfam,Rozemyne,service_retainer,directed,1,0.9910895040614648,0.9910895040614648,0.6869708954227588,Infobox field occupation: Attendant Ferdinand’s Retainer (Former and Current) Rozemyne's Retainer (Former)
Lasfam,Ferdinand,service_retainer,directed,1,0.9910895040614648,0.9910895040614648,0.6869708954227588,Infobox field occupation: Attendant Ferdinand’s Retainer (Former and Current) Rozemyne's Retainer (Former)
Gunther,Ralph,family,undirected,1,0.9909778071806492,0.9909778071806492,0.6868934730447441,Infobox field family/Relatives: Fey (Cousin) Gunther's Father (Distant Cousin)
Gunther,Sieg,family,undirected,1,0.9909778071806492,0.9909778071806492,0.6868934730447441,Infobox field family/Relatives: Fey (Cousin) Gunther's Father (Distant Cousin)
Barthold,Cassandra,family,undirected,1,0.9908777774801228,0.9908777774801228,0.686824137739852,Infobox field family/Sister: Cassandra Tibertha
Blasius,Martina,family,undirected,1,0.990818595506371,0.990818595506371,0.6867831159216059,Infobox field family/Relatives: Aurelia (Cousin) Martina (Cousin) Letizia (Niece)
Claudio,Count Groschel,family,undirected,1,0.990608996496561,0.990608996496561,0.686637832958908,"Infobox field family/Relatives: Previous Count Leisegang (Grandfather, Deceased) Count Groschel (Cousin) Eckhart (Nephew) Lamprecht (Nephew) Cornelius (Nephew) Rozemyne (Niece)"
Claudio,Eckhart,family,undirected,1,0.990608996496561,0.990608996496561,0.686637832958908,"Infobox field family/Relatives: Previous Count Leisegang (Grandfather, Deceased) Count Groschel (Cousin) Eckhart (Nephew) Lamprecht (Nephew) Cornelius (Nephew) Rozemyne (Niece)"
Claudio,Lamprecht,family,undirected,1,0.990608996496561,0.990608996496561,0.686637832958908,"Infobox field family/Relatives: Previous Count Leisegang (Grandfather, Deceased) Count Groschel (Cousin) Eckhart (Nephew) Lamprecht (Nephew) Cornelius (Nephew) Rozemyne (Niece)"
Heidemarie,Lamprecht,family,undirected,1,0.9905681869634716,0.9905681869634716,0.6866095459461071,"Infobox field family/Sister: Rozemyne Heidemarie (In-law, Deceased)"
Bonifatius,Melchior,family,undirected,1,0.9901324221536204,0.9901324221536204,0.6863074967967715,"Infobox field family/Relatives: Bonifatius (Granduncle) Bezewanst (Granduncle, Deceased) Detlinde (Cousin) Rudiger (Cousin)"
Bonifatius,Charlotte,family,undirected,1,0.9901324221536204,0.9901324221536204,0.6863074967967715,"Infobox field family/Relatives: Bonifatius (Granduncle) Bezewanst (Granduncle, Deceased) Detlinde (Cousin) Rudiger (Cousin)"
God of Darkness,Mestionora,family,undirected,1,0.9899069633956388,0.9899069633956388,0.686151220694344,Infobox field family/Offspring: Mestionora (Granddaughter)
Cassandra,Matthias,family,undirected,1,0.9898414861853688,0.9898414861853688,0.6861058353506544,"Infobox field family/Relatives: Matthias (Cousin) Janrik (Cousin, Deceased)"
Barthold,Matthias,family,undirected,1,0.9898414861853688,0.9898414861853688,0.6861058353506544,"Infobox field family/Relatives: Matthias (Cousin) Janrik (Cousin, Deceased)"
Barthold,Janrik,family,undirected,1,0.9898414861853688,0.9898414861853688,0.6861058353506544,"Infobox field family/Relatives: Matthias (Cousin) Janrik (Cousin, Deceased)"
Cassandra,Janrik,family,undirected,1,0.9898414861853688,0.9898414861853688,0.6861058353506544,"Infobox field family/Relatives: Matthias (Cousin) Janrik (Cousin, Deceased)"
Bertilde,Bezewanst,family,undirected,1,0.9895567472445196,0.9895567472445196,0.6859084693566092,"Infobox field family/Relatives: Previous Count Leisegang (Great-Great-Grandfather, Deceased) First Count Groschel (Great-Grandfather) Bezewanst (Granduncle) Veronica (Grandaunt)"
Bertilde,Veronica,family,undirected,1,0.9895567472445196,0.9895567472445196,0.6859084693566092,"Infobox field family/Relatives: Previous Count Leisegang (Great-Great-Grandfather, Deceased) First Count Groschel (Great-Grandfather) Bezewanst (Granduncle) Veronica (Grandaunt)"
Albsenti,Rundsein,family,undirected,1,0.9894907864246056,0.9894907864246056,0.6858627488002584,Infobox field family/Grandmother: Albsenti
Aub Klassenberg,Hensfen,family,undirected,1,0.9893392791042138,0.9893392791042138,0.6857577319282946,Infobox field family/Father: Aub Klassenberg
Adelbert,Veronica,family,undirected,1,0.989309233201133,0.989309233201133,0.6857369056952867,"Infobox field family/Relatives: Karstedt (Nephew) Elvira (Niece, In-Law) Trudeliede (Niece, In-Law) Rozemary (Niece, In-Law, Deceased) Veronica (Cousin) Fourth Aub Ehrenfest (Grandfather)"
Bezewanst,Rudiger,family,undirected,1,0.988840935145612,0.988840935145612,0.6854123062184406,"Infobox field family/Relatives: Wilfried (Cousin) Charlotte (Cousin) Melchior (Cousin) Henrietta (Cousin) Detlinde (Cousin) Rozemyne (Adoptive Cousin) Bonifatius (Great Uncle) Bezewanst (Great Uncle, Deceased)"
Bonifatius,Rudiger,family,undirected,1,0.988840935145612,0.988840935145612,0.6854123062184406,"Infobox field family/Relatives: Wilfried (Cousin) Charlotte (Cousin) Melchior (Cousin) Henrietta (Cousin) Detlinde (Cousin) Rozemyne (Adoptive Cousin) Bonifatius (Great Uncle) Bezewanst (Great Uncle, Deceased)"
Trudeliede,Veronica,service_retainer,directed,1,0.988673793852738,0.988673793852738,0.6852964527025299,Infobox field occupation: Veronica's Attendant (Former)
Ewigeliebe,God of Darkness,romantic,undirected,1,0.9883284791154332,0.9883284791154332,0.6850570987659613,"When the God of Life Ewigeliebe fell in love with Geduldh, the God of Darkness gladly consented to the marriage, hoping the two would fill the world with new life."
Bonifatius,Wilfried,family,undirected,1,0.9882863841880584,0.9882863841880584,0.6850279207857356,Infobox field family/Relatives: Bonifatius (Granduncle) Bezewanst (Granduncle) Detlinde (Cousin) Alstede (Cousin) Rudiger (Cousin) Fifth Aub Ehrenfest (Great-Grandfather)
Lungtase,Reginald,family,undirected,1,0.9881864642063742,0.9881864642063742,0.6849586615321496,Infobox field family/Relatives: Lestilaut (Cousin) Hannelore (Cousin) Hildebrand (Cousin) Raufereg (Cousin) Lungtase (Cousin)
Ralfrieda,Sigiswald,family,undirected,1,0.9881418028231956,0.9881418028231956,0.6849277046203195,Infobox field family/Son: Sigiswald Anastasius
Anastasius,Ralfrieda,family,undirected,1,0.9881418028231956,0.9881418028231956,0.6849277046203195,Infobox field family/Son: Sigiswald Anastasius
Deid,Kamil,family,undirected,1,0.9880440406214752,0.9880440406214752,0.6848599410258316,Infobox field family/Relatives: Unnamed Younger Sibling (Deceased) Deid's Mother (Distant Cousin)
Deid,Myne,family,undirected,1,0.9880440406214752,0.9880440406214752,0.6848599410258316,Infobox field family/Relatives: Unnamed Younger Sibling (Deceased) Deid's Mother (Distant Cousin)
Deid,Tuuli,family,undirected,1,0.9880440406214752,0.9880440406214752,0.6848599410258316,Infobox field family/Relatives: Unnamed Younger Sibling (Deceased) Deid's Mother (Distant Cousin)
Wilma,Rozemyne,service_retainer,directed,1,0.987778027371179,0.987778027371179,0.6846755546913972,Infobox field occupation: Rozemyne's attendant Managing the orphanage Christine's Attendant (Former)
Wilma,Christine,service_retainer,directed,1,0.987778027371179,0.987778027371179,0.6846755546913972,Infobox field occupation: Rozemyne's attendant Managing the orphanage Christine's Attendant (Former)
Bezewanst,Brunhilde,family,undirected,1,0.98755469391581,0.98755469391581,0.6845207517364834,"Infobox field family/Relatives: Previous Count Leisegang (Great-Great-Grandfather, Deceased) First Count Groschel (Great-Grandfather) Bezewanst (Granduncle, Disowned) Veronica (Grandaunt)"
Brunhilde,Veronica,family,undirected,1,0.98755469391581,0.98755469391581,0.6845207517364834,"Infobox field family/Relatives: Previous Count Leisegang (Great-Great-Grandfather, Deceased) First Count Groschel (Great-Grandfather) Bezewanst (Granduncle, Disowned) Veronica (Grandaunt)"
Hortensia,Raublut,romantic,undirected,1,0.987491217543106,0.987491217543106,0.6844767532677115,"Infobox field family/Spouse: Hortensia (First Wife , Former)"
Bonifatius,Heidemarie,family,undirected,1,0.9873897102496264,0.9873897102496264,0.6844063937734298,"Infobox field family/Relatives: Heidemarie (Granddaughter-in-Law, Deceased) Sylvester (Nephew) Georgine (Niece) Constanze (Niece) Aurelia (Granddaughter-in-Law)"
Aurelia,Bonifatius,family,undirected,1,0.9873897102496264,0.9873897102496264,0.6844063937734298,"Infobox field family/Relatives: Heidemarie (Granddaughter-in-Law, Deceased) Sylvester (Nephew) Georgine (Niece) Constanze (Niece) Aurelia (Granddaughter-in-Law)"
Heidemarie,Previous Count Leisegang,family,undirected,1,0.9873094934287908,0.9873094934287908,0.6843507917102342,"Infobox field family/Relatives: Elvira (Granddaughter, In-Law) Trudeliede (Granddaughter, In-Law) Rozemary (Granddaughter-In-Law, Deceased) Heidemarie (Great-Granddaughter, In-Law, Deceased) Aurelia (Great-Granddaughter, In-Law)"
Aurelia,Previous Count Leisegang,family,undirected,1,0.9873094934287908,0.9873094934287908,0.6843507917102342,"Infobox field family/Relatives: Elvira (Granddaughter, In-Law) Trudeliede (Granddaughter, In-Law) Rozemary (Granddaughter-In-Law, Deceased) Heidemarie (Great-Granddaughter, In-Law, Deceased) Aurelia (Great-Granddaughter, In-Law)"
Brigitte,Viktor,romantic,undirected,1,0.9869352675095858,0.9869352675095858,0.6840913980694447,Infobox field family/Spouse: Viktor
Lestilaut,Lungtase,family,undirected,1,0.9866734725512692,0.9866734725512692,0.6839099356322028,Infobox field family/Sister: Hannelore Lungtase (Half-Sister)
Martina,Siegrecht,family,undirected,1,0.9866495757610404,0.9866495757610404,0.6838933716394313,"Infobox field family/Relatives: Detlinde (Cousin) Wolfram (Cousin, Deceased) Alstede (Cousin) Blasius (Cousin) Letizia (Cousin, Adoptive) Siegrecht (Nephew)"
Letizia,Martina,family,undirected,1,0.9866495757610404,0.9866495757610404,0.6838933716394313,"Infobox field family/Relatives: Detlinde (Cousin) Wolfram (Cousin, Deceased) Alstede (Cousin) Blasius (Cousin) Letizia (Cousin, Adoptive) Siegrecht (Nephew)"
Kenntrips,Magdalena,family,undirected,1,0.9863622149289106,0.9863622149289106,0.6836941882888372,Infobox field family/Relatives: Lestilaut (Nephew) Hannelore (Niece) Raufereg (Nephew) Lungtase (Niece) Kenntrips (Nephew) Rasantark (Nephew) Codenest (Nephew)
Magdalena,Rasantark,family,undirected,1,0.9863622149289106,0.9863622149289106,0.6836941882888372,Infobox field family/Relatives: Lestilaut (Nephew) Hannelore (Niece) Raufereg (Nephew) Lungtase (Niece) Kenntrips (Nephew) Rasantark (Nephew) Codenest (Nephew)
Aurelia,Cornelius,family,undirected,1,0.986153500154452,0.986153500154452,0.68354951823138,"Infobox field family/Sister: Rozemyne Heidemarie (In-law, Deceased) Aurelia (In-Law)"
Cornelius,Heidemarie,family,undirected,1,0.986153500154452,0.986153500154452,0.68354951823138,"Infobox field family/Sister: Rozemyne Heidemarie (In-law, Deceased) Aurelia (In-Law)"
Raimund,Ferdinand,service_retainer,directed,1,0.9861277138429864,0.9861277138429864,0.6835316445222905,Infobox field occupation: Apprentice Scholar Ferdinand's Retainer
Kenntrips,Werdekraf,family,undirected,1,0.9858899026693368,0.9858899026693368,0.6833668063777697,Infobox field family/Relatives: Hildebrand (Nephew) Kenntrips (Nephew) Rasantark (Nephew) Codenest (Nephew)
Aub Frenbeltag,Detlinde,family,undirected,1,0.9855178365285976,0.9855178365285976,0.6831089097813344,"Infobox field family/Relatives: Wilfried (Nephew) Rozemyne (Niece, Adoptive) Charlotte (Niece) Melchior (Nephew) Detlinde (Niece, In-Law) Alstede (Niece, In-Law)"
Aub Frenbeltag,Wilfried,family,undirected,1,0.9855178365285976,0.9855178365285976,0.6831089097813344,"Infobox field family/Relatives: Wilfried (Nephew) Rozemyne (Niece, Adoptive) Charlotte (Niece) Melchior (Nephew) Detlinde (Niece, In-Law) Alstede (Niece, In-Law)"
Aub Frenbeltag,Rozemyne,family,undirected,1,0.9855178365285976,0.9855178365285976,0.6831089097813344,"Infobox field family/Relatives: Wilfried (Nephew) Rozemyne (Niece, Adoptive) Charlotte (Niece) Melchior (Nephew) Detlinde (Niece, In-Law) Alstede (Niece, In-Law)"
Aub Frenbeltag,Melchior,family,undirected,1,0.9855178365285976,0.9855178365285976,0.6831089097813344,"Infobox field family/Relatives: Wilfried (Nephew) Rozemyne (Niece, Adoptive) Charlotte (Niece) Melchior (Nephew) Detlinde (Niece, In-Law) Alstede (Niece, In-Law)"
Gabriele,Grausam,family,undirected,1,0.9854964633249562,0.9854964633249562,0.6830940950054909,Infobox field family/Mother: Archattendant of Gabriele (Deceased)
Blasius,Detlinde,family,undirected,1,0.9854145189317762,0.9854145189317762,0.6830372954803955,"Infobox field family/Sister: Alstede (Half-Sister) Detlinde (Half-Sister) Letizia (Half-Sister, Adoptive) Several other unnamed women"
Gunther,Karla,family,undirected,1,0.985147010211698,0.985147010211698,0.6828518725652981,"Infobox field family/Relatives: Fey (Nephew) Gunther's Father (Grand-Cousin, In-Law)"
Fran,Myne,service_retainer,directed,1,0.9851347693334536,0.9851347693334536,0.6828433878350554,Infobox field occupation: Rozemyne's Head Attendant Ferdinand's Attendant (Former) Myne's Head Attendant (Former)
Fran,Ferdinand,service_retainer,directed,1,0.9851347693334536,0.9851347693334536,0.6828433878350554,Infobox field occupation: Rozemyne's Head Attendant Ferdinand's Attendant (Former) Myne's Head Attendant (Former)
Leberecht,Florencia,service_retainer,directed,1,0.9848999398928974,0.9848999398928974,0.6826806164704214,Infobox field occupation: Florencia's Retainer Adult Scholar
Benno,Liz,romantic,undirected,1,0.984783688637164,0.984783688637164,0.6826000372402733,Infobox field family/Spouse: Benno (Engaged)
Heidemarie,Ferdinand,service_retainer,directed,1,0.984748153361298,0.984748153361298,0.6825754060639962,Infobox field occupation: Scholar Ferdinand's Retainer
Bezewanst,Rozemyne,family,undirected,1,0.9846216634948868,0.9846216634948868,0.682487729969724,Infobox field family/Relatives: Sylvester (Nephew) Georgine (Niece) Florencia (Niece-in-law) Ferdinand (Nephew-in-law) Wilfried (Great nephew) Rozemyne (Great niece through adoption) Charlotte (Great niece) Melchior (Great nephew) Detlinde (Great niece) Elvira (Cousin)
Aurelia,Letizia,family,undirected,1,0.9841566199873656,0.9841566199873656,0.682165386373648,"Infobox field family/Relatives: Detlinde (Cousin) Wolfram (Cousin, Deceased) Alstede (Cousin) Blasius (Cousin) Letizia (Cousin, Adoptive)"
Corinna,Otto,romantic,undirected,1,0.983054849276642,0.983054849276642,0.6814016971118864,She married Otto after his passionate persuasion and eventually fell in love with him.
Eckhart,Gudrun,family,undirected,1,0.9829978566785228,0.9829978566785228,0.6813621928531872,Infobox field family/Aunt: Gudrun
Gudrun,Lamprecht,family,undirected,1,0.9829978566785228,0.9829978566785228,0.6813621928531872,Infobox field family/Aunt: Gudrun
Cornelius,Gudrun,family,undirected,1,0.9829978566785228,0.9829978566785228,0.6813621928531872,Infobox field family/Aunt: Gudrun
Gudrun,Nikolaus,family,undirected,1,0.9829978566785228,0.9829978566785228,0.6813621928531872,Infobox field family/Aunt: Gudrun
Gieselfried,Martina,family,undirected,1,0.9829044269035137,0.9829044269035137,0.6812974322680593,"Infobox field family/Relatives: Letizia (Granddaughter, Biological) Benedikta (Granddaughter) Aurelia (Niece) Martina (Niece) Lamprecht (Nephew, In-Law)"
Gieselfried,Lamprecht,family,undirected,1,0.9829044269035137,0.9829044269035137,0.6812974322680593,"Infobox field family/Relatives: Letizia (Granddaughter, Biological) Benedikta (Granddaughter) Aurelia (Niece) Martina (Niece) Lamprecht (Nephew, In-Law)"
Aurelia,Gieselfried,family,undirected,1,0.9829044269035137,0.9829044269035137,0.6812974322680593,"Infobox field family/Relatives: Letizia (Granddaughter, Biological) Benedikta (Granddaughter) Aurelia (Niece) Martina (Niece) Lamprecht (Nephew, In-Law)"
Ferdinand,Irmhilde,family,undirected,1,0.9826356762427818,0.9826356762427818,0.6811111485052994,Infobox field family/Aunt: Irmhilde (Deceased) Valamarlene (Deceased)
Bonifatius,Eckhart,family,undirected,1,0.9823785156015364,0.9823785156015364,0.6809328983318692,"Infobox field family/Offspring: Eckhart (Grandson) Lamprecht (Grandson) Cornelius (Grandson) Rozemyne (Granddaughter) Traugott (Grandson) Nikolaus (Grandson) Siegrecht (Great-Grandson, Lamprecht's Son)"
Bonifatius,Lamprecht,family,undirected,1,0.9823785156015364,0.9823785156015364,0.6809328983318692,"Infobox field family/Offspring: Eckhart (Grandson) Lamprecht (Grandson) Cornelius (Grandson) Rozemyne (Granddaughter) Traugott (Grandson) Nikolaus (Grandson) Siegrecht (Great-Grandson, Lamprecht's Son)"
Bonifatius,Nikolaus,family,undirected,1,0.9823785156015364,0.9823785156015364,0.6809328983318692,"Infobox field family/Offspring: Eckhart (Grandson) Lamprecht (Grandson) Cornelius (Grandson) Rozemyne (Granddaughter) Traugott (Grandson) Nikolaus (Grandson) Siegrecht (Great-Grandson, Lamprecht's Son)"
Bonifatius,Cornelius,family,undirected,1,0.9823785156015364,0.9823785156015364,0.6809328983318692,"Infobox field family/Offspring: Eckhart (Grandson) Lamprecht (Grandson) Cornelius (Grandson) Rozemyne (Granddaughter) Traugott (Grandson) Nikolaus (Grandson) Siegrecht (Great-Grandson, Lamprecht's Son)"
Lestilaut,Werdekraf's Elder Brother,family,undirected,1,0.9819350286670336,0.9819350286670336,0.6806254966136034,Infobox field family/Relatives: Lestilaut (Nephew) Hannelore (Niece) Raufereg (Nephew) Lungtase (Niece) Hildebrand (Nephew) Codenest (Nephew)
Hildebrand,Werdekraf's Elder Brother,family,undirected,1,0.9819350286670336,0.9819350286670336,0.6806254966136034,Infobox field family/Relatives: Lestilaut (Nephew) Hannelore (Niece) Raufereg (Nephew) Lungtase (Niece) Hildebrand (Nephew) Codenest (Nephew)
Codenest,Werdekraf's Elder Brother,family,undirected,1,0.9819350286670336,0.9819350286670336,0.6806254966136034,Infobox field family/Relatives: Lestilaut (Nephew) Hannelore (Niece) Raufereg (Nephew) Lungtase (Niece) Hildebrand (Nephew) Codenest (Nephew)
Raufereg,Werdekraf's Elder Brother,family,undirected,1,0.9819350286670336,0.9819350286670336,0.6806254966136034,Infobox field family/Relatives: Lestilaut (Nephew) Hannelore (Niece) Raufereg (Nephew) Lungtase (Niece) Hildebrand (Nephew) Codenest (Nephew)
Hannelore,Werdekraf's Elder Brother,family,undirected,1,0.9819350286670336,0.9819350286670336,0.6806254966136034,Infobox field family/Relatives: Lestilaut (Nephew) Hannelore (Niece) Raufereg (Nephew) Lungtase (Niece) Hildebrand (Nephew) Codenest (Nephew)
Lungtase,Werdekraf's Elder Brother,family,undirected,1,0.9819350286670336,0.9819350286670336,0.6806254966136034,Infobox field family/Relatives: Lestilaut (Nephew) Hannelore (Niece) Raufereg (Nephew) Lungtase (Niece) Hildebrand (Nephew) Codenest (Nephew)
Constanze,Florencia,family,undirected,1,0.98192645424105,0.98192645424105,0.6806195532744079,Infobox field family/Sister: Georgine (Deceased) Florencia (In-Law)
Count Leisegang,Leberecht,family,undirected,1,0.9815726547777576,0.9815726547777576,0.6803743181739431,"Leberecht is the half-brother of the current Count Leisegang, and he and his family are members of the Leisegang Faction."
Gieselfried,Letizia's Brother,family,undirected,1,0.9812796021298408,0.9812796021298408,0.6801711895572841,Infobox field family/Grandfather: Gieselfried (Deceased)
Bonifatius,Ferdinand,family,undirected,1,0.9808742842651268,0.9808742842651268,0.679890244622127,Infobox field family/Uncle: Bezewanst (In-Law) (Deceased) Bonifatius Gervasio
Zahm,Ferdinand,service_retainer,directed,1,0.9806751991909994,0.9806751991909994,0.679752249364304,Infobox field occupation: Rozemyne's Attendant Ferdinand's Attendant (Former)
Elvira,Karstedt,family,undirected,1,0.9802805712807244,0.9802805712807244,0.6794787141409266,"She is the first wife of Karstedt and the mother of Eckhart, Lamprecht, and Cornelius."
Florencia,Veronica,family,undirected,1,0.979980166570816,0.979980166570816,0.6792704894632267,Infobox field family/Daughter: Georgine (Deceased) Constanze Florencia (In-Law)
Melchior,Wilfried,family,undirected,1,0.9798434203048116,0.9798434203048116,0.6791757041744937,"He is the older brother of Charlotte and Melchior, and the adoptive older brother of Rozemyne."
Count Groschel,Gabriele,romantic,undirected,1,0.979725765655193,0.979725765655193,0.6790941521858307,"Gabriele deeply loved for her husband, but the newly minted Count Groschel did not reciprocate those feelings, since he was equally deeply in love with his former first, now second wife."
Adelbert,Bezewanst,family,undirected,1,0.9795573194947113,0.9795573194947113,0.6789773942046167,"Infobox field family/Brother: Adelbert (In-Law, Deceased)"
Gabriele,Rudiger,family,undirected,1,0.9787187948428206,0.9787187948428206,0.6783961732063286,"Infobox field family/Offspring: Constanze (Granddaughter) Georgine (Granddaughter) Sylvester (Grandson) Wilfried (Great-Grandson) Rozemyne (Great-Granddaugther, through Adoption) Charlotte (Great-Granddaughter) Melchior (Great-Grandson) Henrietta (Great-Granddaughter) Detlinde (Great-Granddaughter) Rudiger (Great-Grandson) Alstede (Great-Granddaughter) Wolfram (Great-Grandson, Deceased)"
Gabriele,Wilfried,family,undirected,1,0.9787187948428206,0.9787187948428206,0.6783961732063286,"Infobox field family/Offspring: Constanze (Granddaughter) Georgine (Granddaughter) Sylvester (Grandson) Wilfried (Great-Grandson) Rozemyne (Great-Granddaugther, through Adoption) Charlotte (Great-Granddaughter) Melchior (Great-Grandson) Henrietta (Great-Granddaughter) Detlinde (Great-Granddaughter) Rudiger (Great-Grandson) Alstede (Great-Granddaughter) Wolfram (Great-Grandson, Deceased)"
Gabriele,Melchior,family,undirected,1,0.9787187948428206,0.9787187948428206,0.6783961732063286,"Infobox field family/Offspring: Constanze (Granddaughter) Georgine (Granddaughter) Sylvester (Grandson) Wilfried (Great-Grandson) Rozemyne (Great-Granddaugther, through Adoption) Charlotte (Great-Granddaughter) Melchior (Great-Grandson) Henrietta (Great-Granddaughter) Detlinde (Great-Granddaughter) Rudiger (Great-Grandson) Alstede (Great-Granddaughter) Wolfram (Great-Grandson, Deceased)"
Detlinde,Gabriele,family,undirected,1,0.9787187948428206,0.9787187948428206,0.6783961732063286,"Infobox field family/Offspring: Constanze (Granddaughter) Georgine (Granddaughter) Sylvester (Grandson) Wilfried (Great-Grandson) Rozemyne (Great-Granddaugther, through Adoption) Charlotte (Great-Granddaughter) Melchior (Great-Grandson) Henrietta (Great-Granddaughter) Detlinde (Great-Granddaughter) Rudiger (Great-Grandson) Alstede (Great-Granddaughter) Wolfram (Great-Grandson, Deceased)"
Charlotte,Gabriele,family,undirected,1,0.9787187948428206,0.9787187948428206,0.6783961732063286,"Infobox field family/Offspring: Constanze (Granddaughter) Georgine (Granddaughter) Sylvester (Grandson) Wilfried (Great-Grandson) Rozemyne (Great-Granddaugther, through Adoption) Charlotte (Great-Granddaughter) Melchior (Great-Grandson) Henrietta (Great-Granddaughter) Detlinde (Great-Granddaughter) Rudiger (Great-Grandson) Alstede (Great-Granddaughter) Wolfram (Great-Grandson, Deceased)"
Gabriele,Rozemyne,family,undirected,1,0.9787187948428206,0.9787187948428206,0.6783961732063286,"Infobox field family/Offspring: Constanze (Granddaughter) Georgine (Granddaughter) Sylvester (Grandson) Wilfried (Great-Grandson) Rozemyne (Great-Granddaugther, through Adoption) Charlotte (Great-Granddaughter) Melchior (Great-Grandson) Henrietta (Great-Granddaughter) Detlinde (Great-Granddaughter) Rudiger (Great-Grandson) Alstede (Great-Granddaughter) Wolfram (Great-Grandson, Deceased)"
Janrik,Matthias,family,undirected,1,0.9786883232719072,0.9786883232719072,0.6783750519228628,Giebe's Gerlach's son and Matthias' older brother.
Claudio,Veronica,family,undirected,1,0.9784592223766516,0.9784592223766516,0.6782162512832526,Infobox field family/Relatives: Elvira (Niece) Claudio (Nephew)
Anastasius,Waldifried,family,undirected,1,0.9779929062025934,0.9779929062025934,0.6778930255419546,"Infobox field family/Relatives: Sigiswald (Nephew) Anastasius (Nephew) Hildebrand (Nephew) Nahelache (Niece, In-Law) Eglantine (Niece)"
Ignaz,Wilfried,service_retainer,directed,1,0.9777802450475788,0.9777802450475788,0.6777456200619416,Infobox field occupation: Apprentice Scholar Royal Academy Student Retainer of Wilfried
Aub Frenbeltag,Georgine,family,undirected,1,0.9775137645309584,0.9775137645309584,0.6775609098431721,Infobox field family/Sister: Georgine (In-Law)
Traugott,Trudeliede,family,undirected,1,0.9774865630588896,0.9774865630588896,0.6775420552195005,Infobox field family/Aunt: Elvira Trudeliede Rozemary (Deceased)
Flutrane,Leidenschaft,family,undirected,1,0.9773895710534608,0.9773895710534608,0.6774748254844006,Infobox field family/Sister: Flutrane Schutzaria Geduldh
Leidenschaft,Schutzaria,family,undirected,1,0.9773895710534608,0.9773895710534608,0.6774748254844006,Infobox field family/Sister: Flutrane Schutzaria Geduldh
Heidemarie,Rozemyne,family,undirected,1,0.9767625019438192,0.9767625019438192,0.6770401742990364,"Infobox field family/Sister: Charlotte (Adoptive) Henriette (Adoptive) Heidemarie (Baptismal, In-Law, Deceased) Tuuli (Biological) Aurelia (In-Law)"
Ferdinand,Sylvester,family,undirected,1,0.9766909833476304,0.9766909833476304,0.6769906013857304,"As the son of the Sixth Aub Ehrenfest, Ferdinand is the half-brother of Sylvester and was an archduke candidate of Ehrenfest."
God of Darkness,Leidenschaft,family,undirected,1,0.9766108586043,0.9766108586043,0.6769350631457979,Infobox field family/Father: God of Darkness
Gunther,Rozemyne,family,undirected,1,0.976131006741152,0.976131006741152,0.6766024551797705,Infobox field family/Father: Karstedt (Baptismal) Sylvester (Adoptive) Gunther (Biological) Urano Motosu’s Father (Former)
Bonifatius,Veronica,family,undirected,1,0.9759221977093914,0.9759221977093914,0.6764577197881301,"Infobox field family/Sister: Irmhilde (Half-Sister, Deceased) Veronica (In-Law) Unnamed Younger Sister (Deceased)"
Clarissa,Rozemyne,service_retainer,directed,1,0.9755091791693704,0.9755091791693704,0.6761714371515956,Infobox field occupation: Rozemyne's Retainer Scholar Royal Academy Student (Former)
Janrik,Seltier,family,undirected,1,0.9751023741270416,0.9751023741270416,0.6758894613834678,Infobox field family/Relatives: Janrik (Nephew) Matthias (Nephew) Barthold (Nephew) Cassandra (Neice) Tibertha (Niece)
Barthold,Seltier,family,undirected,1,0.9751023741270416,0.9751023741270416,0.6758894613834678,Infobox field family/Relatives: Janrik (Nephew) Matthias (Nephew) Barthold (Nephew) Cassandra (Neice) Tibertha (Niece)
Cassandra,Seltier,family,undirected,1,0.9751023741270416,0.9751023741270416,0.6758894613834678,Infobox field family/Relatives: Janrik (Nephew) Matthias (Nephew) Barthold (Nephew) Cassandra (Neice) Tibertha (Niece)
Matthias,Seltier,family,undirected,1,0.9751023741270416,0.9751023741270416,0.6758894613834678,Infobox field family/Relatives: Janrik (Nephew) Matthias (Nephew) Barthold (Nephew) Cassandra (Neice) Tibertha (Niece)
Oderkunst,Adolphine,service_retainer,directed,1,0.9744880088482142,0.9744880088482142,0.6754636158226147,Infobox field occupation: Scholar Adolphine's Retainer
Rihyarda,Rozemyne,service_retainer,directed,1,0.974317705602071,0.974317705602071,0.6753455706077103,Infobox field occupation: Attendant Sylvester's Head Attendant Rozemyne's Head Attendant (Former) Georgine's Head Attendant (Former) Veronica's Head Attendant
Rihyarda,Georgine,service_retainer,directed,1,0.974317705602071,0.974317705602071,0.6753455706077103,Infobox field occupation: Attendant Sylvester's Head Attendant Rozemyne's Head Attendant (Former) Georgine's Head Attendant (Former) Veronica's Head Attendant
Rihyarda,Sylvester,service_retainer,directed,1,0.974317705602071,0.974317705602071,0.6753455706077103,Infobox field occupation: Attendant Sylvester's Head Attendant Rozemyne's Head Attendant (Former) Georgine's Head Attendant (Former) Veronica's Head Attendant
Rihyarda,Veronica,service_retainer,directed,1,0.974317705602071,0.974317705602071,0.6753455706077103,Infobox field occupation: Attendant Sylvester's Head Attendant Rozemyne's Head Attendant (Former) Georgine's Head Attendant (Former) Veronica's Head Attendant
Trauerqual,Werdekraf's Elder Brother,family,undirected,1,0.9742553884215972,0.9742553884215972,0.6753023756297645,Infobox field family/Brother: Werdekraf Younger Brother Trauerqual (In Law)
Barthold,Wilfried,service_retainer,directed,1,0.974148535848401,0.974148535848401,0.675228311069918,Infobox field occupation: Royal Academy Student Apprentice Scholar Wilfried's Retainer
Ortwin,Sigiswald,family,undirected,1,0.9739458993846988,0.9739458993846988,0.6750878541764241,Infobox field family/Brother: Sigiswald (In-Law) (Former)
Clementia,Trauerqual,romantic,undirected,1,0.973730558487804,0.973730558487804,0.6749385912408822,"Infobox field family/Spouse: Magdalena (First Wife, Former Third Wife) Clementia (Second Wife) Ralfrieda (Third Wife , Former First Wife )"
Ralfrieda,Trauerqual,romantic,undirected,1,0.973730558487804,0.973730558487804,0.6749385912408822,"Infobox field family/Spouse: Magdalena (First Wife, Former Third Wife) Clementia (Second Wife) Ralfrieda (Third Wife , Former First Wife )"
Leberecht,Leonore,family,undirected,1,0.9736528766788256,0.9736528766788256,0.6748847463140081,Infobox field family/Uncle: Count Leisegang Leberecht
Muriella,Elvira,service_retainer,directed,1,0.9725797359355906,0.9725797359355906,0.6741409018334907,Infobox field occupation: Scholar Elvira's Retainer Royal Academy Student (Former) Rozemyne's Retainer (Former)
Muriella,Rozemyne,service_retainer,directed,1,0.9725797359355906,0.9725797359355906,0.6741409018334907,Infobox field occupation: Scholar Elvira's Retainer Royal Academy Student (Former) Rozemyne's Retainer (Former)
Gabriele,Matthias,family,undirected,1,0.9724712233855536,0.9724712233855536,0.6740656866653773,Infobox field family/Grandmother: Archattendant of Gabriele (Deceased)
Aurelia,Eckhart,family,undirected,1,0.9724213903336862,0.9724213903336862,0.6740311450259766,Infobox field family/Sister: Rozemyne Aurelia (In-Law)
Count Bindewald,Fraularm,family,undirected,1,0.9723739328062194,0.9723739328062194,0.6739982499746167,Infobox field family/Sister: Fraularm (In-Law)
Hannelore,Cordula,service_retainer,directed,1,0.97214178175556,0.97214178175556,0.6738373351283881,*Cordula - Hannelore's head attendant and the adult retainer she took along to the Royal Academy. *Andrea - A female apprentice arch attendant
Hannelore,Andrea,service_retainer,directed,1,0.97214178175556,0.97214178175556,0.6738373351283881,*Cordula - Hannelore's head attendant and the adult retainer she took along to the Royal Academy. *Andrea - A female apprentice arch attendant
Benno,Renate,family,undirected,1,0.9718086735821032,0.9718086735821032,0.673606442137135,Infobox field family/Relatives: Renate (Niece) Knut (Nephew)
Reginald,Sieglinde,family,undirected,1,0.9711758311003642,0.9711758311003642,0.673167789155179,Infobox field family/Aunt: Sieglinde Magdalena
Magdalena,Reginald,family,undirected,1,0.9711758311003642,0.9711758311003642,0.673167789155179,Infobox field family/Aunt: Sieglinde Magdalena
Gervasio,Leonzio,family,undirected,1,0.9706305741273048,0.9706305741273048,0.6727898458216223,Infobox field family/Relatives: Ferdinand (Nephew) Leonzio (Cousin)
Marianne,Charlotte,service_retainer,directed,1,0.9702466648407224,0.9702466648407224,0.672523740182037,Infobox field occupation: Charlotte's Retainer Apprentice Scholar Royal Academy Student
Kenntrips,Sieglinde,family,undirected,1,0.9700382865208504,0.9700382865208504,0.6723793033371278,Infobox field family/Aunt: Sieglinde Reichlene
Brunhilde,Elvira,family,undirected,1,0.968901478855511,0.968901478855511,0.6715913283090589,"*The first time Brunhilde appears on page is in Part 3 Volume 3, as ""Count Groschel's daughter with crimson red hair"" during the first study material sales conducted by Rozemyne. *As Rozemyne is the baptized daughter of Elvira, Brunhilde is a distant ""blood"" relative of Rozemyne and several of her other fellow retainers, including Hartmut, Leonore, Cornelius, and Traugott, all of whom are descendants of important Liesegang faction members."
Brunhilde,Traugott,family,undirected,1,0.968901478855511,0.968901478855511,0.6715913283090589,"*The first time Brunhilde appears on page is in Part 3 Volume 3, as ""Count Groschel's daughter with crimson red hair"" during the first study material sales conducted by Rozemyne. *As Rozemyne is the baptized daughter of Elvira, Brunhilde is a distant ""blood"" relative of Rozemyne and several of her other fellow retainers, including Hartmut, Leonore, Cornelius, and Traugott, all of whom are descendants of important Liesegang faction members."
Brunhilde,Hartmut,family,undirected,1,0.968901478855511,0.968901478855511,0.6715913283090589,"*The first time Brunhilde appears on page is in Part 3 Volume 3, as ""Count Groschel's daughter with crimson red hair"" during the first study material sales conducted by Rozemyne. *As Rozemyne is the baptized daughter of Elvira, Brunhilde is a distant ""blood"" relative of Rozemyne and several of her other fellow retainers, including Hartmut, Leonore, Cornelius, and Traugott, all of whom are descendants of important Liesegang faction members."
Brunhilde,Cornelius,family,undirected,1,0.968901478855511,0.968901478855511,0.6715913283090589,"*The first time Brunhilde appears on page is in Part 3 Volume 3, as ""Count Groschel's daughter with crimson red hair"" during the first study material sales conducted by Rozemyne. *As Rozemyne is the baptized daughter of Elvira, Brunhilde is a distant ""blood"" relative of Rozemyne and several of her other fellow retainers, including Hartmut, Leonore, Cornelius, and Traugott, all of whom are descendants of important Liesegang faction members."
Brunhilde,Leonore,family,undirected,1,0.968901478855511,0.968901478855511,0.6715913283090589,"*The first time Brunhilde appears on page is in Part 3 Volume 3, as ""Count Groschel's daughter with crimson red hair"" during the first study material sales conducted by Rozemyne. *As Rozemyne is the baptized daughter of Elvira, Brunhilde is a distant ""blood"" relative of Rozemyne and several of her other fellow retainers, including Hartmut, Leonore, Cornelius, and Traugott, all of whom are descendants of important Liesegang faction members."
Adolphine,Nahelache,romantic,undirected,1,0.96816369751406,0.96816369751406,0.6710799372523624,"Shortly before Adolphine and Prince Sigiswald are due to be married at the Archduke Conference, the prince informs her that his second wife Nahelache has recently given birth."
Hannelore,Trauerqual,family,undirected,1,0.9681079829576584,0.9681079829576584,0.6710413188646766,"As relatives of Trauerqual's third wife Magdalena, Hannelore and her brother Lestilaut occasionally visited her and her son Prince Hildebrand at their royal villa in the Sovereignty, but didn't form a particularly close relationship with the prince."
Elusia,Hannelore,service_retainer,directed,1,0.9679785830571588,0.9679785830571588,0.6709516256884804,Infobox field occupation: Hannelore's Retainer Apprentice Scholar Royal Academy Student
Theodore,Rozemyne,service_retainer,directed,1,0.9678148516399424,0.9678148516399424,0.6708381357182678,Infobox field occupation: Royal Academy Student Rozemyne's guard knight (Former)
Brigitte,Hassheit,romantic,undirected,1,0.9674925787832293,0.9674925787832293,0.6706147531962661,Hassheit and Brigitte were engaged to be married.
Freida,Gustav,family,undirected,1,0.9674540945306924,0.9674540945306924,0.6705880779451242,Infobox field family/Grandfather: Gustav
Damian,Gustav,family,undirected,1,0.9674540945306924,0.9674540945306924,0.6705880779451242,Infobox field family/Grandfather: Gustav
Cassandra,Charlotte,service_retainer,directed,1,0.9672635212018138,0.9672635212018138,0.6704559825795221,Infobox field occupation: Royal Academy Student Charlotte's Retainer
God of Darkness,Goddess of Light,romantic,undirected,1,0.9668200533660573,0.9668200533660573,0.6701485940994985,"The Goddess of Light is invoked in several religious ceremonies and blessings: *Starbind Ceremony During the Starbind Ceremony when couples are married, the Goddess of Light and her husband, the God of Darkness, are invoked to bestow blessings upon the newlyweds. *The High Bishop's blessing Located at the very end of the High Bishop's bible, this blessing involves praying to all of the gods at once."
Florencia,Georgine,family,undirected,1,0.9665247599777882,0.9665247599777882,0.6699439123199817,Infobox field family/Sister: Florencia (In-Law) Constanze
Strahl,Rozemyne,service_retainer,directed,1,0.9664080603618014,0.9664080603618014,0.669863022310188,Infobox field occupation: Alexandria's Knight's Commander Rozemyne's Retainer Ferdinand's Retainer (Former) Ahrensbach Knight Commander (Former) Gieselfried's Retainer (Former) Knight
Strahl,Gieselfried,service_retainer,directed,1,0.9664080603618014,0.9664080603618014,0.669863022310188,Infobox field occupation: Alexandria's Knight's Commander Rozemyne's Retainer Ferdinand's Retainer (Former) Ahrensbach Knight Commander (Former) Gieselfried's Retainer (Former) Knight
Strahl,Ferdinand,service_retainer,directed,1,0.9664080603618014,0.9664080603618014,0.669863022310188,Infobox field occupation: Alexandria's Knight's Commander Rozemyne's Retainer Ferdinand's Retainer (Former) Ahrensbach Knight Commander (Former) Gieselfried's Retainer (Former) Knight
Brigitte,Rozemyne,service_retainer,directed,1,0.9663818840520048,0.9663818840520048,0.6698448782748551,"Brigitte (ブリギッテ, Burigitte) is an Ehrenfest medknight, who served Rozemyne as a guard knight."
Thorsten,Wilfried,service_retainer,directed,1,0.9663692327042176,0.9663692327042176,0.6698361090288061,Infobox field occupation: Scholar Wilfried's Retainer
Damuel,Bonifatius,service_retainer,directed,1,0.9660540518883142,0.9660540518883142,0.6696176423348961,Infobox field occupation: Bonifatius' Guard Knight Rozemyne's Guard Knight (Former)
Aurelia,Elvira,family,undirected,1,0.9659566994292298,0.9659566994292298,0.6695501627523611,"Infobox field family/Daughter: Rozemyne (Baptismal) Heidemarie (In-Law, Deceased) Aurelia (In-Law)"
Elvira,Heidemarie,family,undirected,1,0.9659566994292298,0.9659566994292298,0.6695501627523611,"Infobox field family/Daughter: Rozemyne (Baptismal) Heidemarie (In-Law, Deceased) Aurelia (In-Law)"
Bonifatius,Gudrun,family,undirected,1,0.9658333584676656,0.9658333584676656,0.6694646693126054,"Infobox field family/Daughter: Elvira (In-Law) Trudeliede (In-Law) Rozemary (In-Law, Deceased) Gudrun (In-Law)"
Bonifatius,Rozemary,family,undirected,1,0.9658333584676656,0.9658333584676656,0.6694646693126054,"Infobox field family/Daughter: Elvira (In-Law) Trudeliede (In-Law) Rozemary (In-Law, Deceased) Gudrun (In-Law)"
Bonifatius,Trudeliede,family,undirected,1,0.9658333584676656,0.9658333584676656,0.6694646693126054,"Infobox field family/Daughter: Elvira (In-Law) Trudeliede (In-Law) Rozemary (In-Law, Deceased) Gudrun (In-Law)"
Lieseleta,Uderick,romantic,undirected,1,0.9656166520843564,0.9656166520843564,0.6693144598940053,"Infobox field family/Spouse: Lieseleta (Engaged, Cancelled)"
Lieseleta,Thorsten,romantic,undirected,1,0.9656166520843564,0.9656166520843564,0.6693144598940053,"Infobox field family/Spouse: Lieseleta (Engaged, Cancelled)"
Angelica,Uderick,family,undirected,1,0.9654647966590992,0.9654647966590992,0.6692092017341356,Infobox field family/Sister: Angelica (Adoptive) Lieseleta (Adoptive))
Claudio,Heidemarie,family,undirected,1,0.9649247054044452,0.9649247054044452,0.668834839003727,Infobox field family/Uncle: Count Haldenzel (In-Law)
Kenntrips,Rasantark,family,undirected,1,0.9645910797275652,0.9645910797275652,0.6686035873064352,Infobox field family/Brother: Rasantark (Half-Brother) Reginald (Half-Brother)
Kenntrips,Reginald,family,undirected,1,0.9645910797275652,0.9645910797275652,0.6686035873064352,Infobox field family/Brother: Rasantark (Half-Brother) Reginald (Half-Brother)
Philine,Rozemyne,service_retainer,directed,1,0.9644765104679228,0.9644765104679228,0.6685241739471353,"Philine (フィリーネ, Firiine) is an apprentice layscholar who serves as one of Rozemyne's retainers and the current orphanage director."
Janrik,Roderick,family,undirected,1,0.964280845031749,0.964280845031749,0.6683885490017184,"Like his younger brother, Janrik is one of the few members of the former Veronica faction who recognized that Roderick only did as his father had told him in the Ivory Tower incident and thus didn't blame him."
Janrik,Veronica,family,undirected,1,0.964280845031749,0.964280845031749,0.6683885490017184,"Like his younger brother, Janrik is one of the few members of the former Veronica faction who recognized that Roderick only did as his father had told him in the Ivory Tower incident and thus didn't blame him."
Adolphine,Ralfrieda,family,undirected,1,0.96374852325783,0.96374852325783,0.6680195716649757,"Infobox field family/Daughter: Adolphine (In-Law, Former), Nahelache (In-Law), Eglantine (In-Law)"
Lamprecht,Wilfried,service_retainer,directed,1,0.963485252044176,0.963485252044176,0.6678370859655088,"Lamprecht (ランプレヒト, Ranpurehito) is an Ehrenfest archknight, who currently serves Wilfried as a retainer."
Lothar,Hartmut,service_retainer,directed,1,0.9632292660717888,0.9632292660717888,0.6676596500104858,Infobox field occupation: Gray Priest Melchior's Attendant Hartmut's Attendant (Former) Ferdinand's Attendant (Former) }}
Lothar,Melchior,service_retainer,directed,1,0.9632292660717888,0.9632292660717888,0.6676596500104858,Infobox field occupation: Gray Priest Melchior's Attendant Hartmut's Attendant (Former) Ferdinand's Attendant (Former) }}
Lothar,Ferdinand,service_retainer,directed,1,0.9632292660717888,0.9632292660717888,0.6676596500104858,Infobox field occupation: Gray Priest Melchior's Attendant Hartmut's Attendant (Former) Ferdinand's Attendant (Former) }}
Goddess of Light,Leidenschaft,family,undirected,1,0.9629620255946616,0.9629620255946616,0.6674744130272335,Infobox field family/Mother: Goddess of Light
Codenest,Sieglinde,family,undirected,1,0.9624390314833484,0.9624390314833484,0.6671119011335274,Infobox field family/Aunt: Sieglinde Magdalena Reichlene
Milda,Otto,family,undirected,1,0.9621736418261136,0.9621736418261136,0.6669279470408653,Infobox field family/Sister: Milda (In-Law)
Hortensia,Waldifried,service_retainer,directed,1,0.9620847555693476,0.9620847555693476,0.6668663357825974,Infobox field occupation: Librarian Prince Waldifried's Retainer (Former) Third Prince's Retainer (Former)
Wilfried,Oswald,service_retainer,directed,1,0.961439021210557,0.961439021210557,0.666418746832411,Oswald - Wilfried's former head attendant.
Anastasius,Gentiane,family,undirected,1,0.9606759508146764,0.9606759508146764,0.6658898267389376,"Infobox field family/Relatives: Eglantine (Cousin) Anastasius (Cousin, In Law) Stephareine (Cousin, once removed)"
Eckhart,Justus,service_retainer,directed,1,0.9601474780001678,0.9601474780001678,0.6655235172975583,"During his time at the Royal Academy, Eckhart grew to deeply admire Ferdinand and dedicated himself to serving him as a guard knight alongside the scholar Justus."
Justus,Eckhart,service_retainer,directed,1,0.9591746844411992,0.9591746844411992,0.6648492281848924,"Justus (ユストクス, Yusutokusu) is an archnoble attendant and scholar who serves Ferdinand as a name-sworn retainer alongside Eckhart."
Justus,Ferdinand,service_retainer,directed,1,0.9591746844411992,0.9591746844411992,0.6648492281848924,"Justus (ユストクス, Yusutokusu) is an archnoble attendant and scholar who serves Ferdinand as a name-sworn retainer alongside Eckhart."
Lutz,Ralph,family,undirected,1,0.9586125233370316,0.9586125233370316,0.6644595678005182,Infobox field family/Brother: Zasha Sieg Ralph
Kamil,Myne,family,undirected,1,0.9579425133826944,0.9579425133826944,0.6639951522897223,Infobox field family/Sister: Tuuli Myne (Officially Deceased)
Kamil,Rozemyne,family,undirected,1,0.9579425133826944,0.9579425133826944,0.6639951522897223,Infobox field family/Sister: Tuuli Myne (Officially Deceased)
Ferdinand,Sergius,service_retainer,directed,1,0.9578222916245818,0.9578222916245818,0.6639118209170446,He specializes in collecting information. * Sergius - An Ahrensbach noble assigned to be his attendant upon his arrival in Ahrensbach. *Eckhart - An archnoble who serves as a guard knight.
Ferdinand,Eckhart,service_retainer,directed,1,0.9578222916245818,0.9578222916245818,0.6639118209170446,He specializes in collecting information. * Sergius - An Ahrensbach noble assigned to be his attendant upon his arrival in Ahrensbach. *Eckhart - An archnoble who serves as a guard knight.
Anastasius,Harland,service_retainer,directed,1,0.9577153466694408,0.9577153466694408,0.6638376923229135,*Harland - Head guard knight. *Mergild - Guard knight. *Enandol - Guard knight. *Vonriedo - Guard knight.
Adrett,Rozemyne,service_retainer,directed,1,0.9573783000786226,0.9573783000786226,0.6636040694287705,Infobox field occupation: Library Magic Tool Rozemyne's Pseudo-Retainer
Elvira,Rozemary,romantic,undirected,1,0.9572211799813316,0.9572211799813316,0.663495162076324,"Elvira’s husband Karstedt also married a second wife, Trudeliede, and a third wife, Rozemary."
Elvira,Trudeliede,romantic,undirected,1,0.9572211799813316,0.9572211799813316,0.663495162076324,"Elvira’s husband Karstedt also married a second wife, Trudeliede, and a third wife, Rozemary."
Rozemary,Rozemyne,family,undirected,1,0.9571897214183224,0.9571897214183224,0.6634733566620696,Infobox field family/Mother: Elvira (Baptismal) Florencia (Adoptive) Rozemary (Purported Biological) Effa (Biological) Urano Motosu’s Mother (Former)
Effa,Rozemyne,family,undirected,1,0.9571897214183224,0.9571897214183224,0.6634733566620696,Infobox field family/Mother: Elvira (Baptismal) Florencia (Adoptive) Rozemary (Purported Biological) Effa (Biological) Urano Motosu’s Mother (Former)
Eckhart,Nikolaus,family,undirected,1,0.95701364116463,0.95701364116463,0.6633513071306705,Infobox field family/Brother: Lamprecht Cornelius Nikolaus (Half-Brother)
Gil,Myne,service_retainer,directed,1,0.9569261223643843,0.9569261223643843,0.6632906437210342,Infobox field occupation: Rozemyne's attendant Myne's attendant (Former)
Gil,Rozemyne,service_retainer,directed,1,0.9569261223643843,0.9569261223643843,0.6632906437210342,Infobox field occupation: Rozemyne's attendant Myne's attendant (Former)
Ewigeliebe,Goddess of Light,romantic,undirected,1,0.9567658798133812,0.9567658798133812,0.6631795720486007,"However, the God of Life Ewigeliebe fell in love with Geduldh."
Marthe,Nora,family,undirected,1,0.95654447177686,0.95654447177686,0.6630261036923326,The same goes for Marthe and her brother Rick.
Marthe,Thore,family,undirected,1,0.95654447177686,0.95654447177686,0.6630261036923326,The same goes for Marthe and her brother Rick.
Rick,Thore,family,undirected,1,0.95654447177686,0.95654447177686,0.6630261036923326,The same goes for Marthe and her brother Rick.
Nora,Rick,family,undirected,1,0.95654447177686,0.95654447177686,0.6630261036923326,The same goes for Marthe and her brother Rick.
Immanuel,Sigiswald,romantic,undirected,1,0.9564275345461624,0.9564275345461624,0.6629450489805722,"The next year the royal family arranges for Rozemyne to hold the Starbind Ceremony, in which Prince Sigiswald and Lady Adolphine are to be married."
Immanuel,Rozemyne,romantic,undirected,1,0.9564275345461624,0.9564275345461624,0.6629450489805722,"The next year the royal family arranges for Rozemyne to hold the Starbind Ceremony, in which Prince Sigiswald and Lady Adolphine are to be married."
Adolphine,Immanuel,romantic,undirected,1,0.9564275345461624,0.9564275345461624,0.6629450489805722,"The next year the royal family arranges for Rozemyne to hold the Starbind Ceremony, in which Prince Sigiswald and Lady Adolphine are to be married."
Aub Frenbeltag,Sylvester,romantic,undirected,1,0.9562158263154072,0.9562158263154072,0.6627983040173229,"His second oldest sister Constanze married into the closely allied duchy of Frenbeltag and became the Archduke's first wife, while Sylvester himself married the younger sister of Aub Frenbeltag, Florencia."
Trauerqual,Waldifried,family,undirected,1,0.955735895404117,0.955735895404117,0.6624656412592984,"Infobox field family/Brother: First Prince (Half-Brother, Deceased) Third Prince (Deceased) Fourth Prince (Deceased) Trauerqual"
Magdalena,Ralfrieda,romantic,undirected,1,0.955160939769455,0.955160939769455,0.6620671123821855,"Upon Trauerqual abdicating the throne and Ralfrieda's demotion to third wife, Magdalena becomes his first wife in their new founded duchy of Blumenfeld."
Hildebrand,Sigiswald,family,undirected,1,0.9548997673349396,0.9548997673349396,0.6618860814455612,Infobox field family/Brother: Sigiswald (Half-Brother) Anastasius (Half-Brother)
Anastasius,Hildebrand,family,undirected,1,0.9548997673349396,0.9548997673349396,0.6618860814455612,Infobox field family/Brother: Sigiswald (Half-Brother) Anastasius (Half-Brother)
Nicola,Rozemyne,service_retainer,directed,1,0.9547304212410084,0.9547304212410084,0.6617686996780139,Infobox field occupation: Rozemyne's attendant
Monika,Rozemyne,service_retainer,directed,1,0.9547304212410084,0.9547304212410084,0.6617686996780139,Infobox field occupation: Rozemyne's Attendant
Fritz,Rozemyne,service_retainer,directed,1,0.953320141761986,0.953320141761986,0.660791168433328,Infobox field occupation: Rozemyne's Attendant (Former) Workshop Supervisor
Rick,Rozemyne,family,undirected,1,0.9532285951651176,0.9532285951651176,0.6607277131678188,"To escape the fate of being split up with his sister Marthe, the two agree to go with Rozemyne."
Ewigeliebe,Leidenschaft,romantic,undirected,1,0.9520519879735384,0.9520519879735384,0.6599121512103491,"The God of Life Ewigeliebe fell in love with Leidenschaft's youngest sister, Geduldh."
Gabriele,Previous Count Leisegang,romantic,undirected,1,0.951950489286934,0.951950489286934,0.6598417976818988,"Despite having been wed as the first wife, the arrival of Gabriele of Ahrensbach led to her being demoted to the position of second wife."
Benno,Corinna,family,undirected,1,0.951906546223117,0.951906546223117,0.6598113386711087,Infobox field family/Sister: Corinna Milda
Benno,Milda,family,undirected,1,0.951906546223117,0.951906546223117,0.6598113386711087,Infobox field family/Sister: Corinna Milda
Raublut,Gervasio,service_retainer,directed,1,0.9516212257921466,0.9516212257921466,0.6596135696188254,Infobox field occupation: Prisoner Sovereign Knight's Order Commander (Former) Zent Trauerqual's Retainer (Former) Third Prince's Retainer (Former) Gervasio's Retainer (Former)
Raublut,Trauerqual,service_retainer,directed,1,0.9516212257921466,0.9516212257921466,0.6596135696188254,Infobox field occupation: Prisoner Sovereign Knight's Order Commander (Former) Zent Trauerqual's Retainer (Former) Third Prince's Retainer (Former) Gervasio's Retainer (Former)
Eglantine,Magdalena,family,undirected,1,0.951199680876726,0.951199680876726,0.6593213769492223,Infobox field family/Aunt: Ralfrieda Magdalena
Adolphine,Rozemyne,romantic,undirected,1,0.950856010305203,0.950856010305203,0.6590831626615297,"To quell the voices that call for Anastasius or Detlinde to become the next Zent, the royal family pressures Rozemyne into performing the Starbind Ceremony and providing a true blessing at Sigiswald and Adolphine's wedding."
Adolphine,Detlinde,romantic,undirected,1,0.950856010305203,0.950856010305203,0.6590831626615297,"To quell the voices that call for Anastasius or Detlinde to become the next Zent, the royal family pressures Rozemyne into performing the Starbind Ceremony and providing a true blessing at Sigiswald and Adolphine's wedding."
Lamprecht,Nikolaus,family,undirected,1,0.9501722148397146,0.9501722148397146,0.6586091917625467,Infobox field family/Brother: Eckhart Cornelius Nikolaus (Half-Brother)
